account_age_days,followers_count,following_count,profile_completeness,username_similarity,login_frequency,new_device_logins,unique_devices,ip_changes,location_changes,messages_per_day,suspicious_links,transaction_count,transaction_amount,is_fraud
890,4052,4856,70,0.89,4,1,5,1,1,23,1,6,1759.95,1
1324,2585,277,100,0.12,5,0,4,2,2,22,1,2,379.78,0
1160,6764,579,93,0.71,7,0,1,0,1,20,1,5,3927.15,0
1125,1591,2566,90,0.35,7,1,2,3,1,9,1,4,204.47,0
1668,1996,1983,41,0.1,3,2,2,1,0,25,1,3,3098.53,0
2199,2250,555,98,0.39,4,1,4,3,2,18,0,1,2643.49,0
496,3976,2832,43,0.88,7,1,3,2,0,22,3,1,4330.31,1
1268,7614,4470,63,0.98,6,0,4,3,1,25,1,1,1318.58,1
360,8330,4652,77,0.39,5,0,3,4,0,13,0,2,4879.38,0
1512,5978,280,90,0.89,3,2,4,3,2,29,0,5,1379.62,1
2165,9053,748,64,0.51,6,1,2,2,0,17,0,5,1203.94,0
160,7503,1267,94,0.72,6,2,3,2,0,13,2,0,251.03,0
1715,4113,68,88,0.05,6,0,1,1,2,18,2,3,4379.77,0
799,2086,4191,65,0.56,5,1,3,2,1,18,1,5,3734.66,0
2421,5241,4868,48,0.07,3,0,5,3,3,25,0,5,274.28,0
1545,3004,399,71,0.27,4,1,1,1,3,19,1,1,439.74,0
2463,3754,728,98,0.57,6,2,4,1,2,21,2,1,812.35,0
1245,5604,4254,48,0.81,8,3,5,1,1,13,1,3,459.85,1
985,7541,4688,68,0.56,1,3,1,4,2,20,0,2,1570.17,0
2354,7381,130,98,0.94,3,1,4,2,2,19,0,3,355.94,1
1214,1654,2662,81,0.81,4,0,3,2,0,17,1,6,4143.77,0
489,3154,2313,41,0.16,8,1,4,4,4,20,0,6,3910.92,1
51,252,4871,76,0.39,7,0,2,5,0,32,1,2,1295.03,0
2330,4095,2921,65,0.67,5,2,1,5,2,20,1,6,1607.5,0
777,7964,809,92,0.94,9,1,3,1,0,22,1,4,604.61,0
504,7279,3390,80,0.99,3,0,4,3,1,24,2,2,2391.96,0
1112,7140,2116,72,0.76,9,1,3,2,4,26,1,3,1896.12,0
2077,6838,1119,63,0.57,7,1,3,1,1,19,2,2,4998.31,0
1005,8372,1260,78,0.76,5,1,1,1,2,17,1,3,73.62,0
1836,8854,2650,47,0.27,8,0,3,3,1,17,0,5,1355.88,0
219,6341,1659,90,0.28,4,1,1,1,0,11,0,1,1892.38,0
592,3522,1355,86,0.65,6,1,3,3,2,17,2,4,1740.55,0
1929,1509,2966,34,0.87,4,2,3,1,1,25,3,3,3410.64,1
1297,2168,2456,53,0.97,5,2,4,3,1,15,1,3,1542.68,1
1558,5172,3374,93,0.34,4,2,5,2,2,15,0,4,55.61,0
676,4049,494,88,0.8,4,1,1,4,2,11,0,3,9557.45,0
2098,2045,812,67,0.85,2,1,2,2,2,21,2,1,3138.82,0
2244,7987,1725,62,0.62,6,1,1,1,0,16,0,1,178.81,0
1327,867,1925,39,0.35,8,1,3,1,4,28,1,1,6024.19,1
2465,3833,3493,66,0.62,5,0,5,3,2,11,2,3,2044.95,0
630,6780,1767,40,0.58,9,0,1,2,0,26,1,2,995.01,0
2393,9251,1819,53,0.61,5,1,3,1,2,25,2,4,466.03,0
2091,308,3017,100,0.62,2,1,2,1,1,20,0,4,3615.05,0
271,7254,3235,50,0.85,4,0,4,4,0,25,3,3,212.25,1
2071,933,3505,49,0.17,5,4,4,1,0,27,0,4,2324.93,1
1393,4242,2330,39,0.37,1,0,1,2,0,17,1,2,1649.98,0
2169,4316,1680,76,0.59,5,0,1,3,4,12,0,3,3942.1,0
1420,2809,4625,76,0.28,4,2,2,3,1,15,1,1,961.13,0
1508,6588,1161,44,0.98,6,2,4,3,0,14,1,7,296.12,1
805,4885,4757,73,0.26,4,0,3,1,0,22,1,3,354.31,0
64,5336,2233,91,0.47,3,0,1,0,1,34,1,4,1921.28,0
2283,6592,2677,35,0.88,5,1,5,1,1,22,0,6,1110.98,1
1985,1812,220,95,0.08,4,3,4,5,0,20,0,1,993.8,1
1615,2667,2504,33,0.82,10,0,3,4,3,20,0,0,3406.88,1
1051,3356,4691,52,0.57,3,1,4,3,2,29,0,2,356.72,0
1159,9673,4272,42,0.03,4,3,2,4,0,14,3,2,3212.72,0
1530,2959,2517,60,0.9,4,1,5,1,0,18,2,3,2161.43,0
732,951,2973,45,0.04,4,2,3,1,2,23,0,3,5642.24,0
2479,1917,3438,70,0.52,7,0,3,3,0,16,1,5,1972.81,0
1609,4847,3385,30,0.05,4,1,1,4,1,22,2,5,824.82,0
191,8115,3965,41,0.07,5,2,2,4,1,22,1,3,387.92,0
231,1253,3715,85,0.89,5,1,2,3,0,19,1,1,35.51,0
2011,5706,3415,79,0.77,4,1,3,4,1,16,2,4,5111.68,0
1025,1476,4048,49,0.2,9,1,4,2,0,12,1,3,1290.36,0
2347,3967,1062,95,0.62,7,2,3,1,0,12,1,1,10.73,0
845,1976,723,65,0.79,3,0,3,1,2,19,1,7,5050.15,0
485,385,2898,67,0.89,6,2,3,3,1,18,1,3,9710.66,0
1305,272,697,51,0.47,10,4,3,1,1,21,2,3,6464.08,0
1046,4372,339,90,0.9,10,1,3,1,0,20,2,3,173.08,0
2373,6512,1756,79,0.51,2,3,3,3,1,17,2,1,617.76,0
367,7843,1217,88,0.69,7,1,4,3,1,16,1,1,306.95,0
908,1903,2152,49,0.98,4,1,5,2,1,22,2,1,250.76,1
1106,8116,794,65,0.24,7,2,5,2,0,21,1,2,2450.19,0
821,1662,2706,44,0.17,2,0,1,2,0,23,0,2,719.54,0
2294,5550,3830,91,0.34,5,0,5,1,1,23,0,1,432.53,0
793,3902,3728,32,0.16,4,1,4,4,0,24,0,3,2931.17,0
2265,609,2703,34,0.28,3,0,3,3,0,22,2,5,3369.75,0
409,4825,635,85,0.74,5,1,2,1,1,21,0,1,4004.15,0
522,1922,4244,60,0.48,3,1,4,3,0,23,1,4,3067.0,0
1210,9494,3718,64,0.38,5,0,2,0,0,17,1,6,1947.16,0
2092,8802,771,100,0.37,5,1,1,1,2,22,2,5,52.92,0
94,8582,3989,99,0.19,4,1,4,1,1,17,2,2,731.8,0
1397,4223,3539,55,0.45,6,0,3,1,0,18,2,7,2902.35,0
1182,3647,1565,30,0.62,4,1,3,3,1,19,1,5,565.73,0
2057,9300,3643,36,0.14,4,0,4,4,1,13,1,5,5245.43,1
1525,5609,685,65,0.97,5,1,4,3,1,17,3,2,4668.98,1
1192,6458,4197,54,0.44,5,2,3,1,3,18,0,3,2136.51,0
1552,8567,46,88,0.95,5,1,2,2,0,15,1,3,4206.47,0
421,7392,3846,90,0.13,4,0,4,2,3,16,2,3,1521.54,0
1728,8992,1797,58,0.77,2,0,3,1,2,18,0,4,192.47,0
448,3579,2737,47,0.62,5,2,5,2,1,20,1,2,4446.95,0
2366,7717,3890,70,0.82,4,2,4,1,2,14,0,3,260.77,1
408,756,1904,48,0.6,7,1,1,5,1,20,1,1,3381.1,0
1826,8514,146,33,0.96,9,1,1,3,0,22,0,2,5032.98,1
2308,4643,3086,94,0.63,4,3,4,1,1,21,2,3,1287.48,0
2118,930,3893,70,0.78,8,1,3,0,1,17,2,1,790.74,0
2212,9279,671,44,0.88,5,1,2,5,1,22,1,4,2573.43,1
230,7018,1820,83,0.71,7,0,4,1,0,18,0,2,598.22,0
1893,2391,424,93,0.52,2,0,1,2,1,19,0,1,126.72,0
809,3628,352,44,0.27,3,6,2,3,1,13,0,0,21.49,0
532,8999,2739,79,0.85,4,1,5,1,1,21,0,1,302.67,1
2484,4453,3460,51,0.48,10,0,2,3,1,19,1,5,2003.39,0
1781,282,3675,47,0.62,7,1,5,1,1,24,1,4,1704.1,0
834,1783,3747,31,0.08,7,3,1,2,0,17,0,1,1775.36,0
2176,2557,3907,65,0.5,4,1,5,4,0,16,2,6,448.06,0
1925,3174,4251,49,0.7,7,0,2,1,3,19,1,6,1725.31,0
1600,4790,4428,45,0.58,3,1,1,1,1,16,3,3,1686.17,0
990,956,2179,96,0.45,5,0,2,2,0,16,0,3,6985.32,0
1515,516,1888,59,0.22,4,0,4,2,0,15,2,4,929.75,0
1058,6729,3980,84,0.31,2,3,2,3,1,16,0,5,2066.21,0
532,8445,4706,95,0.7,5,0,4,3,0,27,1,3,3461.54,0
427,8707,4580,55,0.22,11,2,4,1,2,19,1,5,1059.16,0
900,6370,2627,86,0.62,6,2,5,4,1,15,4,3,607.85,0
422,7667,1525,98,0.59,10,0,4,1,1,20,0,4,3530.75,0
236,3600,584,31,0.97,6,2,5,1,3,20,2,5,916.55,1
1068,1202,4452,85,0.06,9,0,4,1,0,20,1,4,4452.69,0
1911,1474,2877,91,0.11,5,1,1,3,3,14,0,1,5455.36,0
1514,400,3554,63,0.51,3,2,5,2,1,15,1,2,549.34,0
893,5625,4487,85,0.53,6,1,2,0,0,18,0,4,2944.41,0
593,6116,81,84,0.04,6,5,5,0,1,15,0,4,603.68,0
1050,8874,2578,49,0.83,3,0,1,1,2,17,1,4,907.91,0
125,2570,3447,79,0.49,4,3,4,2,3,24,0,3,4330.26,1
1953,5877,2990,54,0.35,7,0,1,1,1,23,2,7,710.6,0
1787,1221,1127,54,0.32,1,1,3,1,1,23,1,5,366.38,0
2308,9131,2396,82,0.86,3,0,1,0,0,24,0,2,490.52,0
1708,1549,3518,43,0.2,2,0,1,2,1,19,1,4,1585.83,0
570,9114,1369,89,0.16,4,2,1,1,0,15,2,2,1681.44,0
1089,653,4769,72,0.21,4,0,2,2,1,17,1,4,6364.75,0
1213,8703,1525,91,0.63,7,1,2,3,0,21,1,4,282.94,0
1752,8931,49,98,0.81,8,2,1,2,0,21,2,3,7084.5,1
1849,1293,1392,92,0.33,3,0,3,3,1,27,1,3,5797.3,0
1627,7690,2040,31,0.17,5,2,3,3,2,22,2,1,1613.67,0
825,7355,2631,83,0.21,2,0,5,0,0,24,1,1,984.78,0
1081,4396,1910,45,0.62,5,3,1,3,1,18,3,3,528.46,1
1673,929,2227,84,0.25,5,1,5,2,1,20,1,3,3372.68,0
1393,2349,4806,72,0.88,10,0,4,2,3,22,2,3,4095.84,1
2011,8957,4616,90,0.1,4,0,3,2,1,30,1,3,6082.46,0
1384,5940,1293,67,0.03,4,1,4,0,1,23,1,6,4799.1,0
1693,5412,593,74,0.09,5,0,4,1,1,15,0,2,4126.08,0
1559,5673,468,80,0.85,4,1,1,1,0,25,0,6,3558.84,0
2068,5285,2275,71,0.65,4,1,3,1,0,25,0,4,2476.13,0
1526,517,2676,53,0.96,4,0,5,2,2,20,0,3,566.14,0
2267,1446,825,59,0.34,2,3,4,0,0,14,0,3,482.76,0
1438,8760,2521,66,0.21,4,4,1,6,3,29,0,0,261.32,1
1430,7364,256,82,0.56,5,0,2,3,0,18,0,3,357.59,0
1336,4526,4835,92,0.54,6,2,3,3,2,20,0,1,1271.16,0
1002,3632,426,40,0.59,6,0,2,3,1,25,3,3,885.82,0
1798,4409,4473,52,0.35,6,1,5,8,0,12,0,1,2412.41,1
1312,5047,3727,79,0.01,5,1,5,2,0,25,0,3,403.06,0
739,8121,117,84,0.04,6,1,5,3,0,25,1,3,1546.63,0
1509,3725,2641,84,0.66,3,1,3,1,0,16,0,6,2631.29,0
1464,7847,848,33,0.52,7,1,4,4,0,21,1,5,697.2,0
678,1311,4523,83,0.82,5,2,1,1,1,24,0,4,1508.92,0
347,7380,4926,90,0.3,4,1,4,2,1,26,3,0,138.67,1
1287,5195,1431,34,0.82,4,2,3,1,0,15,1,3,6555.31,1
713,2165,4788,47,0.43,8,0,2,1,1,13,1,4,483.17,0
693,6421,3922,73,0.1,4,2,1,1,2,19,3,3,3768.1,0
2028,6375,265,60,0.98,4,0,5,1,2,29,1,3,1680.97,1
1661,702,2837,50,0.51,3,1,2,1,1,21,1,3,220.9,0
1525,1488,847,76,0.63,6,0,4,0,1,19,0,1,1263.23,0
1166,6406,2972,59,0.67,3,1,1,2,1,15,4,7,1248.94,0
1883,8458,2292,84,0.36,4,0,5,3,2,21,0,6,1239.87,0
1550,451,562,97,0.75,3,2,1,0,0,24,2,3,1753.79,0
593,2656,190,98,0.87,4,0,4,0,4,26,0,1,3225.19,1
1321,5219,4262,70,0.39,3,1,3,0,2,22,2,3,1588.5,0
1666,6543,1487,74,0.66,3,2,4,1,1,21,2,4,2391.23,0
728,4687,580,59,0.76,4,2,3,3,1,20,0,5,408.99,0
2190,7221,4962,74,0.19,2,0,5,6,1,25,0,3,1537.38,1
31,9937,1737,74,0.33,9,0,4,2,2,18,1,2,206.43,0
671,2655,601,74,0.11,2,1,4,4,2,25,2,2,3934.27,0
2297,8220,4526,84,0.6,5,1,4,0,1,22,0,5,2661.13,0
1619,9326,2270,88,0.8,5,0,4,0,1,26,6,3,962.74,0
884,7943,2957,34,0.61,7,3,3,2,2,22,3,7,387.69,1
1789,5486,357,61,0.18,5,0,3,2,0,13,2,4,2357.05,0
2462,7938,175,35,0.55,7,1,2,4,0,18,0,1,1521.31,0
1691,2090,4453,55,0.83,5,3,5,4,1,17,0,2,1933.0,1
1183,6099,2906,66,0.3,3,0,5,3,0,18,1,2,2359.44,0
1106,7406,4503,42,0.83,2,2,3,1,0,28,1,3,7618.14,1
1737,9749,592,98,0.78,5,4,2,2,1,13,1,4,5081.78,0
1725,7807,3516,54,0.02,7,0,2,4,2,16,0,3,979.03,0
1763,871,4413,42,0.24,6,1,4,5,1,20,0,4,634.57,0
1469,8356,3048,49,0.54,4,0,2,7,1,24,1,6,348.09,0
2324,3504,2855,89,0.72,7,0,5,2,0,12,2,1,140.01,0
865,914,2776,50,0.88,4,1,1,1,2,21,1,1,3620.47,0
232,1279,4204,90,0.64,6,2,3,1,1,24,0,1,4754.48,0
152,414,1275,55,0.38,4,0,4,2,0,18,1,3,3891.1,0
430,9045,4263,83,0.18,7,1,2,3,2,19,1,3,924.65,0
796,9984,4659,71,0.76,5,1,3,1,1,18,1,1,2546.76,0
323,9766,4756,40,0.21,4,0,3,1,1,16,0,2,309.32,0
2357,1194,2977,66,0.7,4,0,3,2,2,18,1,2,2571.2,0
227,8948,2284,40,0.18,7,2,5,1,1,22,3,1,883.97,1
1960,1735,2480,56,0.09,4,1,4,0,1,19,1,5,788.2,0
2221,8472,2300,63,0.25,6,0,1,2,1,23,0,1,3320.02,0
638,5821,2587,67,0.28,3,1,4,2,1,25,1,7,2466.42,0
1177,5616,3670,90,0.65,8,3,2,4,0,18,0,2,2414.82,0
216,3966,1078,82,0.16,3,1,4,4,0,19,0,1,2223.2,0
1824,181,2746,94,0.93,4,1,5,2,0,25,0,2,1584.6,0
689,8475,4839,32,0.55,3,3,1,1,0,19,0,4,372.24,0
1985,2316,1960,96,0.49,6,1,4,2,0,19,0,3,596.68,0
2480,9360,101,57,0.43,6,1,2,2,0,14,1,6,1703.32,0
1399,9908,3103,43,0.57,4,2,4,2,1,14,1,6,3046.41,0
2016,9973,2229,81,0.02,4,1,5,3,0,28,2,1,2042.63,0
1564,431,1397,59,0.99,3,1,3,1,0,19,1,2,1004.15,0
176,5550,4284,87,0.56,5,2,5,5,0,17,1,1,1946.4,1
1764,9411,2295,83,0.04,4,1,5,2,1,16,1,2,790.47,0
1873,4685,3216,98,0.59,4,0,5,0,0,20,1,4,1792.41,0
518,9092,2934,44,0.44,4,3,1,2,0,19,1,5,2977.9,0
1989,6758,289,67,0.02,3,2,4,2,2,25,2,1,341.87,0
1693,6113,1628,43,0.92,5,2,2,1,0,15,1,3,141.81,0
2415,1483,2797,86,0.01,3,1,3,7,2,19,0,5,1027.07,0
670,3253,380,88,0.58,4,2,3,1,1,21,2,1,2776.08,0
1832,2191,3193,37,0.96,7,0,1,1,0,24,0,4,248.97,0
1999,9651,3844,48,0.24,1,1,2,1,0,25,2,2,10585.35,0
2228,3106,1713,61,0.25,5,1,3,0,3,18,1,1,3065.1,0
1468,6656,2278,58,0.0,5,0,2,3,1,22,2,3,2486.67,0
1664,9792,313,70,0.07,6,0,2,3,2,24,2,5,1008.37,0
292,5892,3784,74,0.04,4,0,4,2,2,25,0,6,3396.73,0
1817,5992,1358,42,0.82,3,1,1,2,1,21,1,5,876.62,1
2221,5808,2432,56,0.84,5,2,5,2,2,20,2,1,1245.8,1
2423,9637,3638,48,0.73,6,1,5,2,2,18,2,3,148.8,0
653,8425,2438,55,0.35,5,2,3,0,0,17,0,4,7599.92,0
1046,8421,3043,82,0.82,3,3,3,1,1,16,0,1,1918.52,1
910,9856,678,80,0.54,8,1,1,2,1,16,1,6,549.56,0
2079,8466,509,66,0.3,7,2,4,1,1,23,0,2,1965.09,0
1357,9155,1424,38,0.44,6,0,3,2,3,14,0,5,2984.6,0
2331,4534,539,81,0.07,1,2,3,0,1,12,1,4,2912.96,0
482,6569,3631,83,0.94,2,1,2,2,2,13,1,1,0.38,0
1213,7630,3466,32,0.62,1,0,1,2,0,24,0,3,2856.12,0
2086,2784,764,98,0.73,4,1,5,4,0,23,2,3,1481.18,0
1712,5683,2357,37,0.68,1,0,1,1,2,18,0,1,3406.96,0
2285,3134,4920,43,0.67,3,2,5,1,1,26,0,4,440.77,0
1184,8681,736,32,0.02,6,0,2,2,3,18,1,0,647.71,0
433,1363,4836,53,0.53,2,1,4,1,1,16,1,1,106.64,0
2229,9091,4933,42,0.82,7,1,5,3,1,24,4,4,769.54,1
2131,3864,2659,72,0.04,8,0,2,0,1,18,2,3,1045.58,0
1726,8144,2056,58,0.96,3,0,4,0,0,29,2,6,411.26,1
657,934,2825,80,0.42,7,3,2,1,1,24,1,2,2273.56,0
616,2180,884,71,0.29,4,1,4,5,1,19,1,3,4708.29,0
1678,5516,3289,60,0.53,5,0,3,2,0,21,0,2,83.42,0
1473,2405,2994,92,0.8,10,0,4,2,0,16,3,4,797.98,1
1475,8230,2188,55,0.47,6,0,5,1,1,17,3,1,344.06,0
133,8236,3817,47,0.65,6,0,4,0,1,21,2,0,168.84,0
283,5525,617,86,0.5,2,2,1,1,2,15,1,6,499.66,0
1526,2680,644,36,0.63,4,3,4,4,1,18,0,1,1461.63,0
128,3375,4589,77,0.14,9,1,2,1,0,16,1,4,1737.71,0
2230,598,2737,89,0.04,6,1,5,1,0,15,0,2,207.7,0
1914,3148,1084,62,0.14,2,0,3,2,1,21,0,5,4841.09,0
1949,9105,1924,32,0.29,5,1,3,2,2,21,2,4,481.28,0
907,6673,598,33,0.25,6,1,2,2,0,13,1,6,2822.72,0
367,4096,3241,33,0.62,4,2,3,1,2,20,2,1,2179.8,0
986,8541,2314,71,0.46,8,1,5,8,0,19,2,4,3144.65,0
1734,4280,3848,38,0.04,5,1,2,2,1,36,0,2,1198.95,0
190,6029,1983,80,0.03,2,2,5,0,0,23,1,2,2376.17,0
1633,9916,2065,46,0.09,3,1,3,3,0,15,1,5,4329.27,0
427,566,3490,46,0.35,7,0,3,2,3,21,1,2,276.99,0
1330,8032,2089,49,0.01,4,0,1,2,1,19,2,3,1938.08,0
845,5462,3062,43,0.49,5,0,2,2,0,21,2,1,1440.54,0
1557,3577,4492,51,0.36,6,0,4,1,1,22,2,3,1191.03,0
1949,3909,1261,81,0.56,11,1,2,3,0,11,0,1,4962.76,0
1445,6487,3805,56,0.72,7,2,5,2,2,23,1,3,11700.44,1
1188,7510,3832,72,0.25,7,1,3,4,2,25,0,0,1000.53,0
1248,1026,4312,32,0.16,8,1,1,5,1,22,2,0,1273.42,0
430,6480,3399,37,0.28,5,4,2,0,0,23,1,1,1824.64,0
669,2072,1790,39,0.0,11,0,5,1,0,17,0,1,1565.58,0
489,9040,2614,58,0.12,7,0,1,1,0,19,2,0,1791.51,0
984,9839,3698,69,0.75,3,1,1,2,1,21,1,0,141.53,0
499,4331,4898,94,0.22,6,0,1,1,2,25,1,7,1988.19,0
1075,3506,1734,50,0.99,3,1,3,2,0,17,0,3,2072.05,0
1723,1823,2794,53,0.17,4,0,5,0,1,19,1,5,4050.43,0
2115,6266,3729,89,0.79,5,1,1,0,2,21,3,2,1474.6,0
2307,9653,1687,55,0.71,11,0,3,2,0,7,1,2,632.55,0
592,2323,458,38,0.32,5,0,3,4,0,14,0,3,1396.61,0
1829,9716,4697,49,0.33,3,2,3,4,1,22,2,6,1405.86,0
2104,1241,91,85,0.56,5,2,2,1,3,13,1,4,2071.31,0
255,9847,1416,65,0.85,7,0,3,4,2,18,0,1,1385.19,0
827,5841,1490,65,0.39,9,0,5,2,0,22,3,3,1013.99,1
2361,3009,1089,51,0.06,11,0,4,3,3,16,0,5,3924.76,0
989,3450,3608,30,0.37,5,0,2,2,1,24,0,4,7116.86,0
1534,4066,4524,98,0.21,7,0,1,1,1,18,2,6,1552.87,0
482,315,4193,66,0.94,3,1,3,6,1,23,2,2,1969.51,1
845,9925,3690,42,0.7,5,3,2,2,1,13,1,2,2010.15,0
688,1699,2713,72,0.05,3,3,2,3,1,14,1,3,1472.89,0
576,9719,4320,66,0.29,7,1,5,2,0,16,5,1,219.25,0
1245,3927,3766,54,0.05,7,0,1,3,1,18,2,5,105.89,0
46,7090,1768,50,0.83,6,2,4,1,0,15,0,5,3908.43,1
1273,8621,2609,70,0.91,7,0,4,1,0,21,1,1,529.47,0
2235,2946,2560,71,0.11,4,0,2,3,2,18,0,2,2073.22,0
1099,3872,3863,71,0.44,3,1,2,2,2,22,1,5,1975.69,0
2176,9652,2756,31,0.93,6,1,1,1,2,25,0,1,1686.07,1
1798,5659,2302,97,0.15,1,0,2,1,1,17,3,4,282.32,0
1090,3271,1511,37,0.29,2,1,3,3,1,28,2,2,125.04,0
2357,9366,4414,90,0.3,5,0,4,0,0,13,0,4,491.85,0
331,1829,240,43,0.03,6,1,3,2,0,10,0,5,1861.86,0
210,1352,4260,50,0.04,4,0,5,3,2,28,0,1,1585.24,0
636,5570,1208,53,0.95,4,0,2,1,3,13,1,1,2570.75,0
729,2236,124,79,0.57,9,2,1,3,0,34,0,6,1009.63,0
1022,1089,1423,74,0.31,9,0,5,2,1,23,0,3,3026.31,0
1169,4216,4416,93,0.38,2,1,5,0,1,18,2,3,1609.25,0
220,6290,1002,93,0.71,6,1,1,2,0,21,1,2,160.37,0
2330,7245,2357,55,0.37,8,0,5,1,1,15,3,4,211.87,1
1010,823,1051,61,0.23,7,1,3,0,1,21,3,2,631.11,0
2036,5099,21,86,0.1,6,0,5,1,0,15,0,0,961.58,0
1214,2041,3686,82,0.73,5,0,1,1,1,17,0,1,6757.32,0
157,8524,4835,62,0.18,4,4,4,2,2,17,1,2,4772.89,0
2095,9105,3075,81,0.07,7,2,2,2,1,21,3,3,1693.66,0
1846,9743,2046,47,0.43,8,0,1,4,2,12,5,4,446.8,0
1788,5921,3056,64,0.04,3,0,3,1,0,25,2,5,7937.81,0
599,2663,2360,41,0.96,2,0,3,2,0,16,2,6,1544.29,1
1376,3350,550,80,0.63,3,0,4,3,3,19,0,3,1781.92,0
1925,7886,2870,39,0.15,6,0,3,1,0,19,1,1,1368.4,0
655,1151,86,81,0.17,8,1,1,2,2,20,1,0,1487.08,0
1716,9051,3077,63,0.57,8,1,3,2,0,15,0,7,2564.17,0
184,8568,33,96,0.36,5,1,4,1,0,23,1,6,397.73,0
1439,2907,685,68,0.77,4,0,4,3,2,18,1,2,1373.92,0
814,9291,2404,37,0.55,4,0,5,1,1,16,0,2,325.43,0
275,4051,4277,58,0.43,3,0,5,1,1,12,2,2,410.64,0
1530,2048,3408,51,0.96,6,0,3,2,0,12,1,3,1215.53,0
1735,4280,2769,99,0.39,10,1,3,1,2,22,1,2,513.39,0
567,4693,498,90,0.4,10,1,3,2,1,10,0,2,6185.25,0
1920,504,1495,72,0.67,4,0,3,1,0,21,2,7,273.47,0
1871,7126,3669,78,0.81,4,4,5,2,0,24,0,5,8109.65,1
950,1794,3245,58,0.63,5,0,1,1,0,24,0,4,5705.53,0
2485,3520,2429,60,0.7,3,3,1,4,1,13,0,4,3393.52,0
554,3796,3505,82,0.37,5,0,1,2,5,22,1,3,1711.65,0
1559,5276,766,63,0.48,6,0,5,4,0,26,0,2,1276.36,0
65,9200,2534,67,0.2,4,3,1,2,1,27,1,2,2605.29,0
714,5438,4260,86,0.68,4,0,1,0,0,21,2,3,237.05,0
49,6691,266,33,0.22,5,1,5,3,2,19,1,4,1642.61,0
2398,6903,1789,31,0.0,4,1,2,3,0,18,1,7,4555.82,0
429,9653,4779,41,0.93,4,1,3,3,3,27,1,5,1841.87,0
1001,9953,2125,64,0.31,5,2,3,1,0,20,0,1,757.81,0
1936,4668,3358,99,0.2,4,0,2,2,0,28,1,4,1021.42,0
1196,7092,4778,50,0.27,2,0,4,3,0,18,1,2,2470.69,0
1145,6879,1482,90,0.33,4,1,1,2,0,16,2,2,104.6,0
863,7617,268,64,0.47,2,2,2,2,3,21,0,5,1980.17,0
1853,7679,4085,77,0.07,5,1,1,2,1,19,1,7,775.25,0
2012,6229,316,44,0.05,10,2,2,4,0,16,0,4,1015.08,0
883,4544,1128,100,0.29,1,1,3,4,1,15,1,4,659.99,0
80,5989,3027,44,0.3,4,1,1,1,0,18,1,2,4430.51,0
604,8900,4351,35,0.12,2,2,5,4,2,26,0,7,3430.0,0
1178,1322,2790,97,0.4,4,3,3,2,0,19,0,5,3816.76,0
2227,2972,1668,51,0.28,2,1,3,2,1,19,1,3,1059.31,0
2391,2948,196,61,0.03,3,2,3,3,1,24,2,4,274.82,0
2382,3207,1807,51,0.89,8,0,1,1,3,18,2,3,2110.65,0
1745,5306,934,56,0.89,5,3,4,2,0,30,1,3,2220.47,1
711,7214,794,44,0.21,2,1,2,2,2,19,4,4,1080.49,0
867,5740,3454,73,0.16,4,0,2,2,0,26,0,5,145.42,0
1107,136,3206,38,0.55,3,1,5,2,1,16,2,2,501.83,0
2341,5612,1370,63,0.63,7,1,4,4,0,30,2,6,32.42,0
1625,1201,350,44,0.96,10,1,3,0,1,27,3,4,2515.58,1
34,2649,572,91,0.38,7,1,2,2,2,13,4,5,4389.57,0
1156,1376,4756,74,0.62,6,1,1,1,2,21,0,1,4270.82,0
1249,9221,3009,87,0.88,1,0,3,3,0,22,1,1,553.29,0
803,6463,1203,48,0.45,4,1,3,3,2,27,1,2,463.87,0
906,6681,3120,45,0.12,4,1,4,2,0,22,0,3,1244.61,0
1021,6693,78,37,0.38,8,0,4,2,1,21,1,2,458.59,0
76,4549,2438,62,0.14,8,1,2,3,0,15,1,5,271.46,0
298,8886,3608,47,0.02,4,2,2,1,1,26,1,1,380.5,0
399,2897,2382,64,0.75,3,1,3,4,0,15,2,3,1097.03,0
665,9664,4566,72,0.24,6,0,5,2,2,25,2,3,1213.43,0
1159,4096,853,79,0.0,2,2,3,3,0,19,1,6,2176.45,0
1723,2271,583,32,0.87,2,1,1,3,2,28,1,3,6701.37,1
1712,4190,4224,88,0.44,4,3,5,3,0,19,2,4,4845.43,0
686,2851,2606,57,0.24,4,0,2,3,1,23,0,4,883.51,0
149,9969,4751,75,0.26,9,0,5,0,1,19,0,3,390.12,0
860,6050,1488,93,0.24,5,0,5,0,2,19,1,6,6610.3,1
1840,3570,2083,99,0.19,7,0,2,1,2,20,1,4,2150.13,0
1111,4768,1523,76,0.84,5,1,1,0,0,22,1,4,1792.35,0
2004,636,978,43,0.17,2,1,1,1,3,14,1,4,1497.35,0
1399,5024,2206,36,0.56,7,0,4,3,1,27,3,1,833.5,1
770,1385,1521,60,0.08,3,1,4,4,1,16,2,1,1802.79,0
146,1191,664,80,0.95,9,1,1,4,2,20,0,3,1115.79,0
1883,5718,3002,58,0.6,6,1,1,3,1,18,1,3,1469.33,0
1180,500,4660,44,0.9,4,2,4,1,1,28,1,5,1462.09,1
1961,3739,4530,54,0.4,5,0,4,7,1,20,1,2,41.1,0
1042,5984,302,90,0.81,3,0,1,1,1,22,1,4,826.4,0
1694,3544,2611,70,0.85,3,0,2,1,3,25,2,3,343.4,0
1111,3306,4536,98,0.7,6,1,1,2,1,20,1,2,4209.58,0
663,1950,4422,33,0.09,2,0,2,0,0,12,2,4,1691.37,0
542,5024,4503,86,0.02,7,2,2,2,0,15,3,2,1101.09,0
1149,1892,1598,60,0.17,9,0,2,1,0,16,3,2,2144.33,0
1171,4918,605,32,0.12,4,0,4,0,0,21,1,9,445.43,0
589,2997,2603,96,0.73,5,1,3,1,3,21,2,5,680.54,0
517,5595,2133,79,0.56,1,4,1,2,0,24,0,5,620.17,0
926,3169,1953,46,0.53,8,0,5,2,0,18,1,2,1848.52,0
1242,4540,925,89,0.25,2,2,5,1,1,22,1,3,1418.24,0
733,691,3879,95,0.15,5,1,1,1,1,32,0,3,1477.35,0
1500,5264,2804,53,0.21,5,0,2,3,1,23,0,1,6814.74,0
610,1083,3088,61,0.4,5,0,4,1,0,18,0,2,370.91,0
2324,2397,985,48,0.74,12,1,4,0,1,26,0,3,496.54,0
183,2703,1085,95,0.25,2,1,2,1,1,22,0,2,1721.41,0
1709,9572,2999,89,0.7,2,0,1,1,0,16,1,2,1427.32,0
1026,4350,3477,95,0.49,6,0,5,4,0,25,2,5,1206.85,0
1273,2166,1461,44,0.89,7,1,4,2,1,16,0,5,1176.88,1
1122,7976,3833,64,0.23,4,1,2,1,0,10,2,3,1948.09,0
1038,2590,3942,98,0.45,4,1,4,2,0,16,1,4,3107.27,0
2171,7267,2038,56,0.1,6,0,2,0,0,22,1,7,955.1,0
1803,2169,372,36,0.34,5,0,4,2,0,22,0,3,1402.6,0
987,6782,2439,35,0.51,6,2,5,0,0,21,0,1,2637.63,0
482,1637,3642,62,0.73,4,2,4,0,0,19,2,4,1112.2,0
1257,8229,2328,87,0.2,6,1,1,1,2,30,0,1,524.57,0
2295,7090,3095,78,0.22,7,4,3,4,2,21,3,6,369.93,0
2418,1995,2355,46,0.63,4,1,2,1,0,15,2,2,143.72,0
580,9723,3608,71,0.38,3,0,3,1,2,14,2,6,2412.74,0
1665,8498,4339,69,0.48,5,1,5,2,1,22,2,2,640.14,0
1342,2191,1741,75,0.84,4,1,5,2,1,23,0,1,1529.92,1
1787,2306,36,100,0.5,4,2,3,1,0,20,1,2,2059.39,0
386,7174,102,99,0.65,7,2,5,3,0,14,1,2,2541.81,0
2100,2607,2674,97,0.66,9,2,5,2,3,16,2,4,82.82,0
1815,911,318,30,0.8,0,0,2,1,3,15,1,4,638.99,0
1811,6070,61,81,0.64,2,1,2,3,0,17,2,3,662.37,0
1661,9300,328,64,0.06,4,0,2,4,1,18,1,2,1245.55,0
1045,1687,2002,98,0.34,4,0,1,2,2,18,0,2,1301.36,0
1378,2891,4286,34,0.99,3,0,1,2,1,27,0,6,517.79,1
545,5632,3901,46,0.2,2,3,1,1,1,19,0,1,388.48,0
365,8062,4752,82,0.59,8,1,1,1,0,25,0,4,3628.35,0
1812,1388,3966,81,0.84,8,3,3,3,3,16,1,9,1378.49,1
2335,1258,2702,43,0.59,3,1,2,2,1,25,4,2,321.19,0
526,5660,3028,58,0.37,5,1,5,3,2,20,3,5,1260.19,0
925,6089,2034,37,0.08,6,1,4,1,0,22,0,3,3366.1,0
2237,9466,4441,30,0.36,4,1,1,2,0,16,3,2,772.99,0
881,7046,1535,58,0.18,4,1,5,4,0,14,2,2,392.66,0
1717,6497,1288,65,0.96,4,0,2,0,0,16,3,4,2871.75,1
1961,1068,523,80,0.72,6,1,3,0,1,18,0,8,55.64,0
2457,2058,4347,66,0.75,6,1,5,1,0,22,1,5,1686.66,0
1598,6125,1743,98,0.44,5,0,4,2,0,19,1,4,2487.27,0
986,4258,3380,82,0.11,2,0,5,5,2,25,3,5,1235.9,1
1666,2486,3931,81,0.27,1,0,2,2,2,20,0,2,52.17,0
1321,4613,2510,41,0.26,5,3,5,1,3,21,0,2,3640.04,0
1470,3563,3474,81,0.49,2,0,3,3,0,19,2,4,2436.54,0
1221,9963,2269,30,0.46,7,0,2,3,1,15,1,2,77.28,0
1096,230,4773,36,0.43,7,0,1,2,3,17,1,3,1173.02,0
314,4828,4699,46,0.5,3,2,2,1,1,22,4,3,781.07,0
2474,7202,2669,72,0.99,10,1,5,3,1,12,3,3,5781.21,1
41,4633,265,100,0.3,8,0,4,3,0,20,1,3,1266.53,0
1660,7359,1512,46,0.62,6,2,2,0,3,15,0,1,260.12,0
783,5628,4666,88,0.24,2,0,2,0,1,13,1,2,1.58,0
2112,9866,2120,32,0.47,5,1,2,1,1,25,2,0,1571.84,0
119,7219,416,58,0.2,9,1,2,2,0,16,0,2,660.05,0
805,4586,2859,51,0.56,5,2,5,3,0,22,1,0,742.64,0
1655,1881,3186,67,0.27,6,1,1,2,0,20,2,3,3702.86,0
447,7925,1870,83,0.04,11,2,4,5,2,18,3,4,645.47,1
144,1472,4364,79,0.82,3,1,2,0,0,20,1,6,1557.55,0
646,5531,732,98,0.13,7,1,4,2,2,22,2,2,1345.63,0
855,8546,1292,59,0.37,6,4,5,3,0,11,1,4,751.32,1
1679,8246,623,52,0.48,11,1,1,0,0,21,1,0,1770.53,0
1546,7823,3341,76,0.43,5,0,2,1,2,12,1,3,2075.84,0
442,2078,3126,50,0.73,8,1,1,3,1,21,1,4,624.24,0
758,5763,1988,49,0.6,4,0,2,2,0,19,2,5,527.26,0
705,7247,822,52,0.3,6,1,2,3,1,24,1,3,722.07,0
1922,7026,1796,97,0.05,3,1,3,3,1,24,1,6,695.44,0
2269,6201,340,50,0.77,6,0,4,2,0,24,0,4,547.22,0
1152,1524,2222,50,0.35,8,1,1,2,1,23,2,2,7209.63,0
1601,2608,1226,30,0.89,2,1,4,2,0,20,0,1,876.46,1
1007,1011,4492,44,0.4,4,1,4,2,0,24,1,1,11.62,0
1038,1043,3347,46,0.72,3,0,4,0,1,19,2,0,2303.06,0
2173,6909,2385,80,0.94,4,2,1,1,0,14,2,0,537.12,0
1717,8475,1250,92,0.65,8,2,2,1,3,21,1,0,1030.55,0
66,5061,329,43,0.41,8,2,2,3,1,14,1,4,2484.1,0
1578,9981,4504,88,0.57,1,0,2,3,0,13,1,3,1311.78,0
2356,4486,1924,79,0.54,4,0,2,2,2,9,0,4,2499.68,0
2294,488,4210,63,0.58,7,0,2,4,1,13,4,6,5516.0,1
902,525,4801,35,0.15,6,1,2,1,3,19,0,3,90.36,0
1851,1201,339,78,0.7,9,1,5,1,0,13,1,4,183.49,0
1326,6307,669,35,0.15,7,1,5,1,1,25,0,5,941.99,0
2139,9613,3698,98,0.01,10,1,2,2,1,20,0,2,291.76,0
625,281,3128,36,0.62,6,3,1,1,4,19,1,5,1773.09,0
1933,8344,4926,80,0.12,12,0,4,3,0,19,3,3,6945.99,1
758,7788,1982,30,0.77,8,3,4,7,2,14,0,4,2503.39,1
1395,6018,1803,42,0.87,3,0,1,2,1,20,1,8,2528.55,0
426,7997,3228,72,0.94,3,0,5,1,0,16,0,3,630.73,1
728,3342,4567,56,0.66,8,3,4,0,1,19,1,1,1769.47,0
2254,797,2543,100,0.48,2,1,5,1,0,18,3,3,1968.73,0
1665,6232,2467,32,0.35,4,1,3,2,1,20,0,1,4672.78,0
425,9883,3110,87,0.49,4,1,4,3,1,23,2,1,2293.99,0
105,632,4376,46,0.19,5,1,3,1,0,20,1,4,2363.67,0
294,3851,2743,74,0.35,6,4,3,3,0,18,0,5,244.42,0
1849,3686,4490,87,0.72,4,1,3,2,1,17,1,3,2220.56,0
747,2582,4165,85,0.22,7,2,3,1,0,23,2,6,4176.84,0
880,6925,229,83,0.26,7,0,2,5,0,17,1,1,640.5,0
1420,5043,2828,58,0.75,6,1,2,0,0,19,3,1,113.81,0
173,7798,1916,83,0.18,3,0,1,1,3,25,1,1,736.3,0
914,5224,2621,56,0.25,6,1,4,3,1,29,0,1,679.63,0
425,4722,2603,74,0.02,4,0,1,3,2,23,0,3,221.93,0
1522,76,105,60,0.72,5,0,3,1,4,17,1,2,947.9,0
1197,7543,998,65,0.62,4,1,1,3,0,23,1,2,3494.75,0
1092,4626,1122,90,0.69,5,1,2,2,0,18,0,5,4403.79,0
2186,1150,2288,66,0.21,6,1,5,2,1,20,2,2,3560.27,0
1095,5740,255,96,0.69,3,0,5,1,0,13,0,4,5710.98,1
1239,7475,2168,65,0.6,5,2,5,1,0,21,1,1,5270.5,0
2475,9389,4339,34,0.37,3,1,5,3,2,24,2,3,402.34,0
663,4481,3359,75,0.44,2,1,5,2,1,18,1,0,87.94,0
1186,3349,2735,81,0.57,5,0,4,6,1,17,1,6,334.28,0
1268,558,4087,78,0.49,8,1,3,1,0,16,2,1,1185.91,0
762,7685,4908,35,0.64,4,1,2,4,0,18,1,0,3806.63,0
264,8274,2676,39,0.18,4,2,5,0,2,22,1,3,1458.24,0
780,208,3209,52,0.54,6,1,4,1,1,21,2,2,4601.24,0
983,9983,2764,46,0.45,0,0,2,3,2,22,1,6,140.81,0
1572,581,1427,73,0.46,4,0,5,4,0,21,0,3,5469.42,0
1227,800,664,70,0.47,3,1,3,1,1,17,1,2,4282.63,0
1706,9840,2452,44,0.88,4,1,1,3,2,18,0,3,2263.33,0
1221,1184,120,73,0.82,4,1,3,0,3,23,2,4,473.06,0
2247,188,99,87,0.63,7,1,3,3,0,16,2,1,5599.78,0
1446,2254,772,79,0.72,6,2,5,2,0,25,0,3,490.98,0
1247,4096,3182,81,0.04,6,2,1,2,1,22,0,2,5796.82,0
1570,744,2189,99,0.74,4,0,1,2,0,22,0,4,5475.13,0
2106,6242,2514,97,0.49,5,2,2,3,0,26,0,3,3330.67,0
1475,808,1474,92,0.32,4,1,4,1,2,18,0,3,4373.85,0
2416,7611,107,87,0.14,10,1,2,1,0,32,2,5,1566.32,0
1549,8989,302,52,0.08,5,2,5,2,2,20,1,3,2493.81,0
1418,2805,1849,73,0.04,6,2,1,3,3,28,1,1,43.91,0
1886,4598,1744,73,0.16,11,0,3,2,2,21,2,1,37.0,0
1395,7307,2629,81,0.03,2,1,3,3,0,24,1,5,5431.92,0
529,3094,4757,96,0.73,2,1,4,3,0,15,2,4,648.45,0
1710,741,2206,57,0.25,3,1,5,1,2,29,2,2,3441.03,0
540,1139,3476,96,0.37,6,1,5,2,1,24,1,4,1025.12,0
246,1615,1916,47,0.82,6,0,2,1,2,18,0,5,3372.05,0
1354,2943,1731,56,0.11,4,0,1,2,0,15,0,1,271.77,0
1185,9417,3701,80,0.84,3,2,1,2,2,23,0,1,373.26,0
1857,8526,1826,89,0.64,8,1,4,1,0,23,1,1,2092.22,0
1840,5084,262,78,0.34,3,2,3,2,2,16,0,1,0.16,0
1235,7109,4237,44,0.12,6,1,2,1,1,24,1,1,877.96,0
2244,1500,3529,97,0.09,5,2,4,2,1,20,0,0,173.49,0
120,903,1917,44,0.34,3,3,1,3,1,17,1,2,607.46,0
743,1400,1920,80,0.14,5,3,2,0,4,17,1,2,3559.71,1
1911,3399,2531,77,0.27,5,1,5,1,1,21,3,2,5348.02,1
68,4249,3859,30,0.05,3,1,3,1,1,24,2,3,1138.05,0
202,4489,1068,36,0.6,3,0,1,1,1,16,0,2,3438.22,0
682,2273,3548,82,0.15,5,0,1,4,2,23,2,1,31.37,0
783,3442,2332,60,0.76,6,2,4,2,0,22,0,6,2956.38,0
1273,2381,196,47,0.22,5,3,3,4,1,17,1,1,6874.07,1
1111,4322,958,41,0.8,4,0,1,0,2,19,1,1,2272.98,0
1713,1525,2300,77,0.19,3,2,1,1,0,22,1,2,2828.66,0
485,6336,4369,59,0.72,6,1,1,2,1,14,0,3,3384.05,0
858,7098,4627,36,0.33,4,1,4,1,2,18,1,4,902.06,0
924,5596,4888,32,0.58,8,1,1,2,0,16,3,4,212.14,0
1414,2927,4640,92,0.04,5,0,4,1,1,21,1,4,1123.71,0
1988,5741,219,35,0.5,8,0,5,2,1,16,2,3,75.89,0
2464,7696,2103,44,0.15,3,0,5,1,0,23,2,1,2266.56,0
2026,1177,3548,100,0.49,6,1,5,3,2,15,0,3,4022.94,0
2425,8312,1573,72,0.14,5,1,5,2,0,20,0,1,4111.37,0
219,5119,35,47,0.44,4,0,2,3,1,19,2,2,3853.38,0
534,4337,184,51,0.11,6,1,2,1,2,15,0,3,899.92,0
1244,5820,1344,90,0.22,4,1,5,0,3,13,1,2,1877.23,0
1561,3665,331,90,0.6,4,0,5,5,2,20,1,3,975.13,0
853,3803,4160,82,0.98,4,2,3,6,1,25,1,3,42.97,1
958,9957,4057,55,0.45,3,2,1,2,1,13,3,2,859.27,0
963,6748,3237,69,0.69,6,2,3,1,0,22,1,2,5066.35,0
1170,1587,1882,37,0.54,6,0,3,0,0,21,0,1,1377.93,0
163,9498,2077,50,0.5,4,0,3,3,2,19,1,4,2410.2,0
2135,2230,342,72,0.06,7,1,3,3,2,17,0,6,3367.95,0
714,9174,3001,50,0.14,5,1,3,2,1,22,0,1,145.18,0
2250,1040,920,32,0.88,7,1,3,2,1,17,2,2,894.11,0
1882,6701,4506,60,0.41,1,2,5,0,1,14,0,3,7958.22,0
844,4002,959,56,0.61,6,1,3,1,1,18,2,2,43.1,0
1202,923,2085,56,0.53,6,0,2,2,0,22,1,3,8896.72,0
109,6368,2524,86,0.38,6,1,1,5,0,30,0,2,3094.53,0
232,2191,3341,62,0.39,4,1,2,1,1,21,2,4,238.35,0
1282,3207,3039,73,0.56,7,1,4,1,2,17,1,3,1513.05,0
1729,6050,110,72,0.14,7,0,2,2,0,20,3,5,5657.18,1
1280,1472,4656,60,0.39,4,0,4,0,1,17,1,0,3144.65,0
1712,7047,2410,94,0.45,6,0,5,4,1,19,1,3,3055.44,0
1585,9509,3381,46,0.99,3,0,4,1,2,14,1,3,2668.31,1
2124,5004,2353,44,0.35,3,1,3,2,2,18,0,2,84.73,0
1286,9391,362,63,0.64,9,1,3,5,1,12,3,6,1836.91,1
1579,5318,2965,33,0.14,6,3,3,1,0,14,0,2,726.12,0
1196,6231,1028,57,0.07,4,1,4,0,1,17,2,3,430.44,0
1426,7100,1189,31,0.87,1,0,4,2,0,21,1,4,943.04,1
500,7779,3546,46,0.73,10,0,4,1,2,22,2,1,3101.05,0
1065,697,3660,87,0.32,1,1,1,1,0,18,0,1,271.16,0
1383,4671,2512,38,0.5,4,3,1,3,0,17,1,3,772.43,0
997,9409,3829,60,0.14,5,0,1,2,1,15,1,3,872.91,0
387,1904,989,95,0.71,6,2,3,3,0,22,0,5,268.87,0
697,7399,4844,91,0.07,2,0,5,2,1,21,2,1,293.29,0
402,4932,986,48,0.76,2,0,2,1,3,18,0,1,487.25,0
1061,6332,1381,84,0.55,2,0,1,1,0,15,1,2,1988.54,0
1175,3193,2290,57,0.28,9,1,2,1,0,16,2,1,1097.18,0
1401,3807,4586,79,0.86,6,0,1,4,2,25,1,5,12879.08,1
119,5188,117,94,0.99,5,1,4,3,2,15,1,5,343.9,1
569,9846,982,32,0.25,5,1,4,0,4,23,1,4,150.01,1
898,3978,1636,81,0.81,4,1,3,1,2,17,1,7,6741.71,0
70,2726,713,39,0.75,7,2,3,1,1,20,2,2,2301.51,0
769,200,884,50,0.75,7,2,2,1,2,15,1,3,342.07,0
1976,1345,3819,66,0.96,5,2,3,3,0,16,2,4,3182.81,0
1254,8191,2421,44,0.49,6,1,5,0,3,21,2,2,1013.99,0
958,388,2117,38,0.67,10,2,5,2,1,24,1,5,2549.95,0
2066,3839,3563,73,0.82,2,2,5,0,0,27,1,2,988.32,0
954,6390,1283,68,0.48,3,1,3,4,0,16,1,1,2079.7,0
1611,625,569,34,0.48,7,0,1,2,0,22,3,6,2391.34,0
419,2340,126,54,0.32,10,1,2,1,0,21,1,2,91.4,0
1647,1764,4979,85,0.78,6,0,2,0,1,20,1,5,420.89,0
285,473,3056,93,0.69,1,2,2,4,3,17,0,2,1762.66,0
738,9168,53,81,0.45,5,0,1,5,2,18,2,5,92.46,0
1868,4277,518,38,0.42,7,1,3,1,3,24,0,2,664.58,0
1974,3168,3449,39,0.07,1,2,1,2,1,15,2,1,4169.58,0
39,3634,3938,39,0.01,8,2,4,4,2,23,0,2,2967.64,0
827,4948,4954,91,0.53,7,0,1,3,1,12,0,4,3076.45,0
906,5427,926,89,0.42,6,1,3,4,0,22,3,4,63.82,0
1058,6014,2955,48,0.8,4,1,1,1,3,15,0,7,1198.11,0
1045,8891,808,67,0.54,5,1,3,0,0,23,2,4,3784.07,0
1854,5613,4981,35,0.94,3,1,1,1,1,21,0,2,569.62,1
403,2222,1770,44,0.2,3,1,1,1,0,17,1,5,5249.71,0
2223,6130,2343,76,0.99,2,2,2,3,2,19,2,4,42.24,0
253,5828,3285,74,0.3,3,0,2,4,2,19,1,4,2930.35,0
1292,392,828,34,0.64,6,1,2,0,2,20,0,3,48.83,0
2254,2266,2178,82,0.5,5,0,3,1,0,20,0,8,863.92,0
1832,1422,3745,95,0.36,3,1,5,1,0,9,1,5,10191.06,0
882,9785,3075,91,0.14,3,1,5,4,0,17,0,4,1752.25,0
92,6156,3269,52,0.13,6,1,5,1,0,21,0,4,3827.64,0
1270,381,916,73,0.71,3,0,5,5,0,19,0,3,902.7,0
718,5816,4118,81,0.38,4,1,3,2,1,17,2,5,5070.5,0
1514,5575,612,75,0.96,4,2,2,2,1,25,0,4,1000.15,0
1663,8812,4305,48,0.33,5,2,2,2,0,12,1,2,729.63,0
2182,8317,2643,76,0.98,7,0,2,3,1,12,2,2,3382.88,0
540,7447,1801,81,0.21,11,5,3,1,1,20,2,2,2462.33,0
414,456,3537,53,0.1,10,1,1,1,3,21,3,6,6035.45,1
434,1401,4553,46,0.31,1,2,4,4,1,19,2,3,964.27,0
547,1350,1821,75,0.89,5,2,3,1,2,13,0,1,9389.19,0
505,2949,3921,93,0.52,2,0,1,1,0,20,3,4,436.11,0
2030,5979,850,57,0.14,2,1,2,2,0,24,0,2,1771.64,0
1698,9275,3152,79,0.2,1,1,2,2,0,24,1,3,961.57,0
1923,4823,4695,93,0.31,5,1,5,2,2,20,1,3,277.48,0
1490,3579,2100,57,0.59,3,0,5,1,0,13,0,2,231.98,0
743,5464,4625,85,0.33,3,0,1,3,1,14,2,5,781.83,0
112,3160,1046,88,0.75,5,1,4,3,0,21,1,4,721.68,0
1198,9807,734,34,0.62,4,0,1,0,5,24,0,5,778.73,0
1931,6424,997,83,0.87,5,0,1,2,2,25,0,4,3700.74,0
2078,4667,812,73,0.5,6,0,4,1,2,19,0,2,1139.1,0
80,6957,2592,71,0.33,4,1,1,3,0,16,0,5,943.03,0
714,7953,3847,86,1.0,3,1,1,2,1,20,1,2,2573.16,0
746,3672,536,76,0.36,7,2,3,2,1,23,2,6,1011.01,0
1499,4492,1675,54,0.43,2,0,4,1,0,21,0,3,3250.56,0
478,4807,1148,73,0.81,7,0,2,1,1,22,1,6,2723.63,0
910,5078,469,44,0.09,6,1,5,1,2,18,0,2,1366.4,0
517,5490,2562,80,0.39,6,0,2,3,0,12,3,0,6633.19,1
1853,8043,4430,82,0.09,2,1,2,1,1,26,1,3,4753.27,0
2111,993,4684,63,0.14,1,1,5,2,1,21,0,3,173.54,0
2172,5617,2818,37,0.0,4,2,5,2,0,28,0,2,1212.58,0
1604,8553,2908,99,0.01,8,2,1,0,0,14,1,5,37.24,0
2231,9926,3253,50,0.38,5,0,4,2,2,23,2,2,1968.08,0
279,9481,4078,36,0.81,8,1,5,4,1,22,1,2,381.39,1
703,1917,2341,85,0.59,6,0,4,3,0,14,6,1,156.56,0
467,6934,4580,78,0.63,2,1,1,0,3,17,0,1,1566.22,0
2195,9226,3695,71,0.52,2,2,2,2,0,13,1,3,290.02,0
800,8747,641,52,0.82,6,1,5,1,3,18,1,2,6116.35,1
297,4184,4808,81,0.88,2,1,5,2,3,23,2,4,3632.59,1
2014,9090,2466,82,0.85,6,1,1,3,0,21,2,3,4132.86,0
1107,7275,991,45,0.81,3,0,4,0,1,19,2,1,1645.12,1
265,9307,4664,66,0.18,2,1,4,4,2,12,1,2,2877.68,0
418,2000,4327,47,0.59,7,2,3,3,0,15,0,5,4075.74,0
792,5606,1566,49,0.58,3,1,2,1,3,20,1,4,642.86,0
1878,4008,2215,75,0.53,6,2,3,6,1,21,1,0,70.0,0
2478,3785,4453,31,0.48,5,0,4,7,3,27,2,2,909.38,0
653,9122,4994,92,0.09,7,2,3,1,0,22,1,4,604.58,0
1282,4655,3965,32,0.1,4,2,4,0,0,22,1,1,4047.14,0
607,2071,931,75,0.9,9,1,5,1,0,23,1,5,408.98,1
2152,4497,414,78,0.63,4,0,1,1,2,22,1,4,982.97,0
464,4445,4782,30,0.26,7,1,3,0,3,17,2,4,4264.5,0
2180,2654,4694,51,0.28,3,1,5,0,2,17,0,3,4816.92,0
793,1055,1630,43,0.61,4,0,5,3,1,20,1,3,215.11,0
1359,7961,2962,74,0.41,0,3,1,2,1,26,1,1,4021.32,0
2175,6459,3128,35,0.44,7,0,1,0,1,15,1,2,314.11,0
1388,2691,1604,94,0.06,2,1,5,3,0,22,1,5,1753.76,0
476,3209,575,50,0.14,7,0,5,1,4,20,2,3,4536.44,1
2047,6778,4809,33,0.39,9,0,3,1,3,22,1,5,416.19,0
1361,9140,2878,32,0.7,6,0,3,0,0,21,1,2,1860.38,0
278,7450,867,59,0.05,6,1,2,2,1,13,2,3,3561.82,0
195,8643,1294,60,0.33,5,1,2,1,1,24,1,1,2942.84,0
1388,2560,594,63,0.7,3,0,5,1,2,28,2,3,518.16,0
1049,4235,4337,49,0.79,7,0,2,1,0,25,0,5,3420.17,0
571,606,1255,83,0.19,5,1,5,3,1,24,0,4,1649.7,0
788,6064,61,54,0.73,4,1,1,3,0,19,1,10,32.48,0
2158,1515,2173,44,0.96,6,0,1,2,1,18,0,1,1049.1,0
2210,9063,547,67,0.91,2,1,3,2,1,23,0,4,175.18,0
826,6478,550,52,0.79,6,0,4,3,0,19,1,7,1706.59,0
167,7246,824,81,0.71,4,1,5,1,1,21,2,4,3361.04,0
2261,1561,1425,95,0.24,3,1,3,2,0,16,1,3,361.65,0
1383,9938,2848,86,0.63,4,0,2,1,2,14,2,2,173.15,0
1905,6862,1662,86,0.64,5,1,5,3,0,22,1,1,2580.69,0
98,1459,2675,81,0.41,4,0,3,1,1,19,1,2,1322.26,0
2130,5963,4524,64,0.49,8,0,2,3,1,14,0,1,3025.24,0
1503,8466,4072,43,0.69,6,2,5,0,0,30,0,6,778.27,0
234,8052,2366,43,0.95,6,2,3,2,0,26,1,7,7619.89,1
2203,2669,3820,62,0.3,4,1,4,2,2,18,1,3,346.72,0
72,7519,873,81,0.25,2,1,3,3,2,16,1,0,1570.73,0
1936,7903,195,30,0.6,6,2,5,0,0,20,0,3,87.7,0
2188,7455,4366,63,0.13,3,0,2,6,1,24,2,3,542.98,0
790,2731,1561,48,0.58,2,0,5,0,0,21,1,2,2886.58,0
2172,9664,2217,53,0.09,7,1,5,2,3,20,1,3,4696.32,0
2024,9647,771,33,0.49,6,1,3,2,0,16,2,3,4183.57,0
1965,2935,4329,65,0.62,5,0,5,3,1,18,2,4,1430.12,0
929,9834,1289,87,0.07,5,0,1,0,2,15,1,3,1161.67,0
389,7114,4285,61,0.21,3,1,4,2,0,19,0,3,511.84,0
1749,6250,4737,38,0.34,10,1,2,0,0,16,0,4,1732.84,0
310,522,3704,96,0.37,6,2,4,3,0,14,0,5,2579.4,0
1917,225,3291,49,0.68,5,1,3,2,2,22,1,2,7836.14,0
696,7309,1546,91,0.53,2,0,3,3,3,20,1,5,3508.01,0
122,3163,3174,87,0.38,3,0,1,0,1,16,1,4,4784.1,0
701,7460,2780,51,0.45,7,0,3,2,1,20,1,2,3246.88,0
1999,1716,1973,96,0.01,7,1,3,1,0,25,1,3,727.39,0
90,1577,3855,77,0.77,1,2,3,2,0,24,0,2,1356.29,0
1058,1138,3445,37,0.04,4,0,4,0,3,25,0,4,582.42,0
1519,3520,4720,44,0.83,4,0,1,2,1,25,1,2,1890.42,0
633,7877,571,61,0.54,7,1,5,2,0,19,0,2,977.91,0
711,2375,2431,82,0.53,4,0,2,1,1,23,2,2,635.84,0
1458,5593,4727,96,0.7,4,2,1,1,0,30,0,5,1243.81,0
2310,4907,2145,33,0.86,5,1,4,3,3,20,0,4,2203.28,1
553,5728,2071,59,0.94,3,1,5,2,0,19,0,0,1733.57,0
2423,6011,2190,42,0.54,8,4,5,0,0,18,3,6,1094.27,1
1998,4577,1970,50,0.15,5,1,2,2,0,18,1,2,1792.16,0
1131,9281,3889,70,0.88,7,1,5,1,0,23,2,3,229.27,1
1783,2751,3289,48,0.04,7,2,1,2,2,21,0,3,5453.51,0
1866,3030,3894,77,0.81,2,2,5,0,0,15,0,3,449.6,1
2326,6266,3280,92,0.68,2,0,4,2,2,21,0,3,7226.2,0
2124,238,4697,49,0.9,8,1,5,2,0,21,2,6,1317.41,1
1174,8372,592,93,0.9,3,1,4,3,1,18,4,0,1295.77,1
2291,304,1623,66,0.05,5,2,5,2,1,13,2,4,6574.33,1
2316,4294,1111,60,0.61,5,2,2,2,0,17,1,4,1209.0,0
1109,8627,298,47,0.12,2,2,1,2,0,25,0,4,79.73,0
2427,6811,3869,49,0.08,4,0,4,0,2,15,0,4,689.33,0
136,928,3070,40,0.45,8,1,5,2,1,19,0,2,1710.07,0
77,508,2936,73,0.1,14,2,3,1,0,16,1,2,951.16,0
366,2819,4112,93,0.73,5,3,3,0,2,24,4,6,752.57,0
1079,4971,1193,63,0.97,7,1,1,3,2,20,0,3,220.44,0
1310,9027,4345,94,0.57,4,3,4,3,1,22,1,2,3925.43,0
2085,3789,1456,84,0.24,3,1,2,0,1,17,4,0,1716.64,0
654,2128,1759,30,0.84,8,1,2,3,1,17,1,1,5644.72,1
1920,6401,1913,67,0.85,6,1,1,3,1,30,1,2,1723.46,0
1306,155,3185,38,0.73,4,0,2,4,2,23,1,2,1713.16,0
1745,7952,1087,100,0.62,5,0,5,1,0,30,1,3,700.11,0
332,4575,2387,46,0.87,4,0,1,2,1,15,2,3,1350.75,1
668,202,857,81,0.16,2,0,4,5,1,25,1,2,106.13,0
85,5197,2886,47,0.93,7,1,2,4,2,14,0,0,829.4,1
755,6647,1249,92,0.95,9,1,5,2,0,22,1,3,614.08,1
555,8253,1342,62,0.87,7,2,2,1,1,21,0,3,1237.5,0
503,2420,3516,33,0.25,6,1,1,3,2,15,0,5,871.06,0
57,1830,2389,81,0.86,5,3,1,6,0,21,1,5,4426.11,1
2155,2974,4801,38,0.5,0,1,2,0,1,23,1,1,80.22,0
394,2531,4132,93,0.59,3,2,1,4,0,14,1,4,522.66,0
555,2578,3247,59,0.84,4,3,3,1,0,16,0,3,155.1,0
1365,5892,2375,37,0.03,6,0,1,1,5,18,0,4,1806.88,0
912,1877,2422,34,0.36,5,0,4,1,0,19,2,3,3846.35,0
1060,7475,3184,92,0.82,6,0,2,2,3,14,3,6,1701.19,1
1056,7612,382,30,0.81,9,0,3,1,1,20,0,1,131.97,0
1676,3209,1959,44,0.85,4,2,2,3,1,28,2,3,350.6,0
948,6113,254,67,0.17,2,2,1,1,2,23,2,2,463.03,0
2440,250,1850,71,0.71,7,0,3,2,0,22,1,1,950.06,0
1804,3450,3437,75,0.15,8,0,2,1,2,22,1,0,2457.65,0
1561,4641,134,82,0.79,7,0,1,1,3,23,1,3,4383.91,0
1936,9609,4642,55,0.25,5,3,1,4,2,17,0,4,6466.2,1
1245,8284,2763,90,0.74,4,2,2,2,1,16,0,1,260.87,0
1684,5087,1929,96,0.46,4,1,2,2,3,20,1,3,1055.55,0
514,3778,1645,83,0.99,4,3,2,4,0,19,0,0,297.32,1
2105,9152,1435,51,0.58,3,3,3,2,0,35,1,4,1145.54,0
743,8005,1550,55,0.63,2,1,3,1,4,12,3,1,236.56,0
1092,8812,540,89,0.37,8,3,4,0,2,19,2,3,3289.87,1
2006,6439,4359,68,0.73,2,0,3,3,1,17,1,3,3172.1,0
1326,3615,3113,65,0.49,3,1,1,2,1,15,0,5,6253.31,0
1284,2183,4766,50,0.02,10,0,3,2,2,21,1,5,86.5,0
2163,9724,1811,70,0.61,3,1,2,3,1,21,0,2,403.89,0
155,6578,1046,77,0.83,3,2,2,1,0,19,0,3,4556.59,0
566,2611,3738,55,0.24,7,1,3,3,1,20,0,1,1917.92,0
2222,2667,4021,92,0.22,3,1,1,1,2,22,2,4,1178.52,0
2102,6090,3473,65,0.61,7,2,4,1,0,27,1,7,2273.22,0
1633,7335,1152,53,0.82,6,2,2,0,1,18,0,2,563.06,0
96,2169,1765,50,0.25,4,0,5,4,0,22,0,0,2580.4,0
262,3840,4850,47,0.93,5,1,4,0,0,19,2,2,1345.51,1
2186,8323,1639,44,0.93,4,0,5,5,1,22,2,1,2123.02,1
1199,4378,772,35,0.2,4,3,5,2,2,14,3,4,717.09,1
2188,1327,4899,72,0.26,5,1,5,1,1,22,1,3,1515.08,0
2305,4503,4849,60,0.7,5,0,2,1,0,26,1,4,198.31,0
140,1240,3967,57,0.95,4,1,2,1,1,16,0,3,408.48,0
1523,1143,567,37,0.71,8,2,5,4,2,16,0,1,3.84,0
2111,7617,4631,58,0.44,5,1,5,5,0,13,1,6,715.2,1
652,1311,849,50,0.17,9,1,4,1,3,23,2,1,20.58,0
1571,1920,12,87,0.46,3,2,2,2,0,18,0,1,1375.93,0
1335,8092,1061,89,0.61,2,2,5,2,1,25,0,4,69.55,0
1791,8117,1414,79,0.33,6,1,1,1,2,23,1,2,422.95,0
2005,9707,166,60,0.51,5,0,2,3,1,21,0,2,1213.33,0
2392,7980,1947,76,0.13,8,2,2,2,3,21,0,9,758.95,0
906,1926,520,63,0.45,4,1,1,0,1,23,0,3,432.25,0
2019,7006,3414,31,0.09,8,2,5,1,1,17,2,4,1019.27,0
1342,2767,4792,96,0.05,7,0,3,0,1,12,1,4,159.55,0
1490,6474,1147,81,0.86,3,2,2,3,1,25,1,3,2399.94,0
2354,188,3924,36,0.21,6,3,5,4,1,13,0,6,1569.72,1
1763,9098,3331,48,0.58,8,2,1,2,2,20,1,5,479.74,0
1635,6372,4676,44,0.15,7,0,1,0,1,23,1,1,3721.77,0
1556,9753,724,77,0.26,1,1,2,1,0,18,1,2,168.31,0
2427,8693,2296,43,0.36,5,0,1,1,2,19,1,7,2986.54,0
1660,70,2664,32,0.14,5,4,1,1,2,17,1,1,60.21,0
1190,9279,1000,79,0.05,2,2,5,2,2,26,0,6,1745.43,0
788,6691,4439,83,0.88,8,1,1,1,1,24,0,3,1780.31,0
272,2905,2170,35,0.01,5,2,3,2,1,25,0,2,309.15,0
1093,595,4467,78,0.06,2,1,5,3,1,24,1,4,2556.26,0
258,5833,2154,52,0.81,3,2,5,0,1,22,0,3,1557.09,1
949,544,2073,49,0.28,6,0,2,5,3,15,0,5,590.53,0
1276,3472,2613,89,0.72,8,0,5,3,2,24,4,4,2575.37,0
35,4021,1987,74,0.15,5,0,2,3,0,26,2,2,1277.09,0
497,3408,385,90,0.24,7,0,1,1,0,22,0,2,1125.52,0
1785,2165,751,85,0.57,2,1,4,2,0,22,0,4,11.09,0
104,5976,4495,31,0.99,5,0,3,2,2,23,1,3,1365.74,0
33,7339,2677,74,0.07,4,0,3,1,1,20,0,3,1957.99,0
1900,6967,1250,69,0.4,5,1,1,7,1,15,0,3,3399.83,0
675,9206,3480,53,0.04,5,1,4,3,2,21,0,3,6228.16,1
147,5335,4929,58,0.2,3,3,5,3,0,13,0,1,524.41,0
1659,8528,2377,96,0.91,6,0,4,0,1,21,1,1,3659.62,1
2051,4713,2253,97,0.1,12,0,5,0,0,22,1,0,231.87,0
976,2716,3559,95,0.86,6,1,5,1,1,19,2,3,2459.71,1
1494,11,427,83,0.18,4,1,5,2,1,14,3,0,2331.1,1
223,9235,616,82,0.86,4,2,4,3,0,15,0,3,29.61,1
876,8326,577,78,0.54,2,0,1,6,2,14,2,4,1181.45,0
1445,1114,553,61,0.88,3,0,5,0,0,27,1,4,1956.52,1
1488,1871,893,90,0.15,7,0,1,3,2,17,2,2,3475.47,0
2250,5279,4808,71,0.76,8,0,5,2,3,24,0,1,3733.34,0
1698,6953,1233,30,0.68,4,0,1,3,0,17,1,2,640.37,0
2403,8330,2903,92,0.54,5,5,1,2,1,23,2,2,1736.12,0
1463,447,2078,64,0.81,0,0,1,3,1,25,2,1,2886.94,0
1171,4856,3719,80,0.65,4,0,2,1,1,20,1,5,3430.32,0
1840,3139,1796,100,0.88,5,2,4,4,0,19,1,3,1011.85,1
753,9423,1467,74,0.38,6,1,5,3,0,20,1,2,1103.88,0
254,8091,1924,94,0.59,5,2,5,1,0,17,0,4,1917.31,0
561,911,87,43,0.87,5,2,2,1,1,26,0,3,476.36,0
142,5408,3623,32,0.21,5,1,1,0,0,19,1,4,1666.21,0
2217,6688,1318,53,0.49,7,1,1,4,0,21,1,4,2194.4,0
588,5539,657,94,0.96,6,2,5,4,1,16,0,3,127.57,1
2078,6614,2197,77,0.47,4,1,3,3,2,17,0,4,1823.15,0
2167,3928,562,39,0.25,3,1,5,4,2,21,0,2,4448.68,0
683,1077,291,42,0.35,11,1,5,2,0,21,0,5,1312.49,0
349,36,1291,43,0.89,7,2,2,2,0,26,0,3,2340.39,0
1603,6947,1856,39,0.95,2,1,1,3,0,18,1,2,2392.56,0
1858,7274,2497,69,0.95,7,1,4,1,0,16,2,4,3130.18,1
1947,7128,2803,52,0.7,5,0,5,3,1,29,0,0,1181.25,0
168,557,3721,84,0.51,6,2,5,3,1,20,1,3,2386.86,0
2056,8768,4209,92,0.18,4,1,4,2,0,19,0,2,170.71,0
2336,8905,4871,100,0.12,3,1,2,5,0,22,2,4,1364.49,0
931,5348,2786,71,0.06,3,1,3,0,1,13,2,4,3857.36,0
719,3150,1606,95,0.02,10,2,2,2,0,20,1,3,3728.98,0
2069,8006,489,76,0.88,7,4,5,0,0,20,2,1,1331.02,1
39,1600,3322,81,0.81,4,1,2,5,3,23,1,4,4280.79,1
290,7786,3228,47,0.57,7,2,4,3,2,13,0,3,324.68,0
1972,4953,1973,47,1.0,7,2,2,1,1,22,1,6,3697.73,1
1703,9007,2152,53,0.95,4,1,5,0,1,24,2,5,82.9,1
2249,7808,3908,52,0.66,5,2,4,2,1,21,0,2,249.36,0
2090,3801,2082,41,0.46,7,1,4,1,1,19,1,1,160.34,0
1221,1367,1305,52,0.15,8,1,5,1,3,21,0,2,2810.13,0
1649,8102,948,50,0.52,4,2,5,1,2,19,0,3,2652.3,0
350,3235,771,93,0.16,1,1,5,3,1,18,0,4,1744.56,0
1372,2470,4759,63,0.4,5,1,3,3,0,18,1,2,4369.2,0
1666,8747,1679,31,0.94,5,1,5,3,0,23,1,1,4043.09,1
2406,2738,3872,98,0.34,10,0,2,0,0,31,3,0,667.35,0
2024,6736,2695,60,0.15,5,1,1,2,2,20,1,3,950.25,0
1973,7491,3909,97,0.58,4,1,3,0,0,26,1,1,11143.32,0
2068,6440,1941,99,0.6,8,0,3,2,0,17,2,4,2054.33,0
1148,3124,3949,48,0.19,3,0,1,1,1,19,2,2,773.14,0
1634,626,1136,42,0.2,3,3,2,0,2,19,0,1,6263.99,0
2395,3654,3307,94,0.99,7,2,3,3,1,24,1,3,1052.54,0
265,6423,4680,35,0.24,11,0,3,1,1,19,1,1,436.64,0
1999,1213,1213,100,0.84,4,0,5,2,1,20,2,4,746.12,0
363,9961,4145,56,0.47,3,2,4,2,0,19,0,2,1373.49,0
1938,2575,3782,81,0.43,8,0,3,2,2,16,1,1,1750.17,0
405,3184,529,77,0.29,2,1,2,0,0,16,2,3,327.86,0
1190,3091,2293,97,0.77,8,0,4,3,2,16,0,3,1840.84,0
1600,2640,4568,73,0.88,7,0,1,1,1,17,1,4,1234.17,0
1349,3171,492,46,0.26,4,0,3,3,0,24,5,5,2604.8,0
1885,4331,2487,67,0.1,4,0,2,1,2,21,0,5,84.54,0
1402,8871,3103,39,0.14,3,1,1,2,1,34,1,3,8428.62,0
902,6279,352,83,0.79,8,0,5,3,0,26,2,4,281.76,0
1282,7109,1472,35,0.44,3,1,5,0,1,13,1,4,3529.44,0
2347,7386,1212,35,0.13,5,2,4,3,1,27,1,3,2885.7,0
1881,4088,1631,81,0.34,5,3,1,2,2,14,1,2,3591.56,0
1344,5811,2408,44,0.51,3,0,4,0,0,21,2,3,557.48,0
754,4161,3606,97,0.85,7,0,1,3,1,18,0,4,3449.04,0
2082,8921,3545,86,0.64,4,1,1,4,1,16,1,1,506.07,0
107,2610,2887,85,0.18,5,2,5,3,0,18,2,5,1176.99,0
161,6185,2400,36,0.16,4,0,4,2,2,20,0,4,4280.53,0
630,676,3361,80,0.41,4,0,5,2,3,26,2,1,5915.54,0
1802,293,2923,87,0.08,5,1,1,2,0,27,1,2,1098.74,0
1095,5850,1199,93,0.76,3,0,5,0,0,15,1,4,1740.89,0
2166,3575,2350,55,0.4,3,0,4,0,1,18,0,0,886.41,0
2479,4603,3590,87,0.34,4,1,4,4,2,21,1,5,739.94,0
2373,1475,1613,60,0.51,6,1,2,4,0,17,1,2,1644.71,0
1893,8331,3307,95,0.71,5,2,5,1,1,20,1,3,121.45,0
1348,4744,607,42,0.57,4,1,2,3,1,17,0,4,1881.2,0
645,6267,654,47,0.8,1,0,1,0,0,20,2,1,3020.58,0
2499,7376,4553,42,0.63,5,1,5,1,1,20,4,2,364.39,1
1918,3682,2912,53,0.79,2,1,3,3,0,14,2,0,372.39,0
1076,7392,773,86,0.7,5,0,2,5,1,25,2,8,1211.53,0
604,6597,4840,58,0.19,5,0,4,3,2,12,0,7,1624.17,0
2220,1002,1652,85,0.05,3,0,2,1,2,13,1,1,909.34,0
1022,6868,2307,83,0.9,5,0,5,2,0,25,0,4,623.04,1
2222,2131,4706,34,0.95,5,2,2,2,0,11,2,3,1809.36,1
1278,2233,2182,64,0.73,8,1,4,3,0,18,0,2,376.23,0
532,4532,2170,48,0.72,4,0,2,3,2,19,2,3,4561.48,0
2027,3198,3759,84,0.27,6,0,2,0,2,24,3,1,2464.55,0
850,3247,2932,98,0.54,5,0,3,0,0,13,0,5,593.26,0
2181,4146,589,73,0.99,8,2,1,2,0,13,0,2,2633.15,0
2000,353,3814,67,0.86,5,1,4,0,1,17,3,3,1667.08,1
227,4714,4888,91,0.3,2,0,1,3,2,25,1,1,6440.48,0
1699,4833,2378,51,0.3,3,2,3,2,0,21,3,1,334.03,0
2468,4930,3942,69,0.48,8,0,5,3,1,16,3,4,2442.33,0
1232,3211,4637,55,0.4,9,1,5,0,2,13,1,5,1208.95,0
1501,5481,3370,34,0.37,1,1,3,1,0,19,2,0,303.96,0
1676,898,4717,83,0.63,2,1,5,2,2,19,0,1,375.91,0
1722,9543,1110,78,0.01,3,2,5,1,3,12,1,3,570.18,0
1342,7137,1680,32,0.76,6,0,2,3,0,16,2,3,1818.64,0
2065,3730,2230,67,0.74,7,1,2,3,1,12,1,1,1895.2,0
507,2893,4980,43,0.83,6,1,2,7,2,20,1,7,1301.52,1
1284,4222,226,76,0.84,8,1,3,3,3,18,0,3,1623.05,0
952,6971,385,43,0.57,5,1,5,1,3,18,0,2,7074.41,1
449,2425,1619,67,0.78,8,3,1,2,0,19,1,5,1863.82,0
2234,9319,4116,93,0.49,4,2,4,2,0,26,1,4,866.68,0
1150,3011,3849,73,0.95,4,3,5,4,0,25,4,3,3607.11,1
980,1748,2949,99,0.19,8,0,3,3,1,19,1,4,601.56,0
2366,1374,4072,94,0.92,6,2,2,2,1,28,1,4,6727.94,1
1307,2718,1623,54,0.26,11,0,4,3,0,17,1,2,1139.19,0
2273,934,3689,45,0.1,2,1,4,2,0,19,1,5,902.36,0
1887,161,4923,44,0.44,5,3,4,4,2,19,1,5,1174.19,1
546,8787,1306,32,0.61,3,1,1,2,0,22,1,2,3099.97,0
1688,8054,4006,96,0.23,8,2,2,3,1,16,5,3,54.09,0
1895,922,4796,66,0.56,4,1,2,2,1,22,1,2,5895.1,0
1171,2331,1165,84,0.81,7,0,2,3,1,16,3,0,848.88,1
1962,505,4889,67,0.26,9,1,2,3,1,23,0,5,3543.9,0
844,2158,2376,92,0.58,6,0,5,1,0,17,1,3,2627.17,0
2305,566,2901,30,0.34,4,1,4,4,2,26,1,3,52.16,0
1930,1562,1982,100,0.53,2,2,4,4,2,18,1,5,2615.4,0
2293,2130,794,48,0.67,7,2,4,1,0,15,3,7,1046.93,0
2092,3095,4502,81,0.35,9,2,3,2,0,24,0,3,3264.9,0
2124,3514,1091,59,0.99,4,1,2,3,2,19,2,4,1132.65,0
2401,166,2043,84,0.56,7,1,5,2,3,14,0,0,1918.45,0
159,8936,1624,43,0.82,7,0,5,1,0,15,0,3,1348.86,1
124,7515,4565,42,0.73,4,0,3,3,1,24,0,5,2845.81,0
1985,7172,2426,56,0.85,3,0,3,2,1,23,1,4,1682.03,0
823,5533,4651,38,0.17,3,0,4,4,3,17,2,1,90.22,0
1864,7553,3663,70,0.22,6,2,4,1,1,26,1,3,4661.14,0
2146,8065,506,77,0.49,3,1,4,2,0,12,2,3,2900.71,0
1713,4664,514,41,0.85,4,1,4,0,0,27,1,2,239.95,1
40,6260,3396,39,0.2,5,2,4,1,1,23,2,2,4777.45,0
1895,7256,2218,35,0.97,5,2,2,3,1,20,0,5,551.06,1
741,164,4823,63,0.13,9,1,5,3,0,18,0,3,4246.7,0
2100,7960,3226,81,0.18,2,1,2,4,1,21,1,3,8040.1,0
844,1006,3676,70,0.17,3,1,5,1,2,19,1,2,1654.5,0
375,4636,1418,35,0.59,5,1,1,4,0,20,1,3,6259.22,0
2379,2915,4374,31,0.92,7,0,1,5,1,24,0,1,1430.95,1
392,9379,4087,44,0.26,2,1,1,0,0,21,3,9,4061.88,0
2473,163,1487,46,0.55,2,0,5,0,0,22,0,3,213.39,0
2295,7863,4970,45,0.18,7,1,3,0,0,23,1,3,4227.39,0
2218,6491,2407,57,0.63,0,0,2,5,2,25,1,1,172.23,0
1014,5609,119,39,0.12,6,0,3,4,2,14,1,5,266.15,0
1669,1726,3564,39,0.49,4,1,5,2,4,17,3,3,6245.32,1
857,796,659,39,0.66,4,1,4,4,2,19,2,3,7755.82,1
385,4378,1509,57,0.58,9,0,3,0,0,26,1,4,7423.33,0
1377,8106,605,53,0.14,6,0,5,3,0,15,1,3,2031.31,0
1893,4282,988,48,0.16,7,1,1,1,1,18,0,5,676.93,0
156,3777,740,97,0.67,9,1,4,1,1,18,1,6,587.51,0
633,8844,66,85,0.81,7,0,1,2,1,26,2,2,2130.45,0
1958,6004,2253,96,0.91,6,0,3,2,3,17,3,3,550.05,1
1043,7226,1711,71,0.81,5,1,3,4,2,15,0,6,531.04,0
80,8867,1296,41,0.97,5,3,2,2,1,19,2,3,2147.17,1
1460,3436,121,47,0.41,2,0,2,0,4,16,1,4,2172.77,0
1822,3793,4816,52,0.33,3,0,5,1,0,21,2,3,5257.48,1
1666,5437,1211,35,0.03,4,2,3,2,0,24,1,5,4437.64,0
1675,7021,957,82,0.45,6,1,1,1,0,23,5,1,17.75,0
2497,8062,4131,71,0.65,4,0,2,2,0,28,0,4,5634.36,0
1235,3711,767,95,0.82,6,0,1,1,1,15,0,2,2698.09,0
1884,9271,3398,59,0.27,6,0,5,2,3,21,1,1,1287.29,0
596,2359,1851,38,0.51,6,0,1,3,1,13,0,4,379.98,0
2448,7021,3545,71,0.66,1,0,1,3,2,19,0,3,2094.16,0
965,7065,2303,63,0.55,4,1,4,2,1,28,0,2,296.38,0
1964,1222,1114,69,0.27,3,1,5,1,1,21,1,3,420.02,0
1362,6975,671,46,0.8,5,0,2,4,1,14,1,3,2889.97,0
231,9354,918,58,0.17,11,1,4,1,0,24,3,2,3305.23,1
2390,6714,4627,79,0.9,8,5,3,2,1,16,0,2,309.4,1
146,7443,1866,78,0.95,4,2,3,3,1,23,0,5,2715.23,0
966,2521,2321,90,0.37,6,0,2,5,0,24,3,2,428.36,1
604,153,799,75,0.38,4,0,5,0,3,16,1,5,1552.24,0
2321,7377,181,75,0.74,7,2,3,0,0,19,0,1,4822.83,0
566,3238,4370,46,0.46,2,0,3,3,2,20,1,2,385.84,0
1655,4592,1996,95,0.03,2,0,3,1,0,15,1,1,899.68,0
2152,6041,1895,34,0.92,4,0,5,1,1,11,0,3,2608.13,1
415,4253,485,83,0.43,10,0,3,1,0,32,1,0,1444.11,0
504,9559,1059,45,0.2,9,0,2,3,0,16,0,2,378.06,0
447,2723,4139,36,0.56,5,1,2,2,0,22,1,3,356.06,0
2424,4195,2321,37,0.22,2,0,2,2,0,18,2,4,201.46,0
968,9559,1171,67,0.21,3,1,4,1,2,16,1,2,1195.66,0
984,7338,825,83,0.55,6,1,2,5,1,12,2,3,467.28,0
905,4643,3776,44,0.39,6,1,1,1,1,16,3,5,5439.01,1
792,3202,2932,79,0.57,8,2,3,1,1,20,0,1,1735.1,0
1232,310,763,85,1.0,3,0,2,3,1,18,1,3,536.9,0
1235,733,4671,38,0.86,9,2,5,3,1,20,1,6,613.7,1
693,5704,471,37,0.01,3,1,5,3,0,15,2,3,1482.52,0
54,3020,3249,48,0.05,5,0,5,1,0,14,1,1,644.74,0
2020,5565,2712,80,0.61,4,2,4,3,0,21,0,5,531.16,0
1233,77,90,86,0.63,6,4,5,1,0,22,0,3,1162.08,0
739,2516,2814,97,0.88,5,0,4,3,1,20,1,1,1558.91,0
1909,1547,879,60,0.63,7,1,3,2,0,27,0,0,232.36,0
1214,407,4704,32,0.23,4,2,1,3,1,14,0,1,2320.57,0
2254,5690,816,72,0.47,5,1,5,3,3,26,0,3,629.0,0
314,9365,1944,58,0.81,6,0,5,2,1,22,0,1,1044.98,0
92,4835,713,39,0.92,5,1,4,2,0,21,1,2,643.98,1
1032,8757,2533,41,0.24,8,1,4,3,1,21,0,5,1378.18,0
691,6058,2649,75,0.54,3,2,1,2,0,17,0,3,10454.67,0
2233,3671,4592,59,0.16,3,1,2,1,0,16,1,1,3026.21,0
1522,9953,3919,61,0.5,2,1,4,1,0,12,2,4,2552.06,0
996,2951,4811,76,0.09,5,3,1,4,1,18,2,3,2135.62,0
878,7077,1174,92,0.94,6,0,3,0,1,17,2,3,905.95,0
1137,5101,629,55,0.64,7,1,5,3,2,22,0,2,1598.57,0
718,1611,3076,32,0.85,4,1,5,1,0,24,0,4,4030.92,1
177,1490,4882,52,1.0,3,0,1,1,1,13,2,5,2609.86,0
371,6240,456,79,0.18,7,3,1,1,2,17,0,5,5357.66,1
1116,9304,2347,65,0.69,6,1,5,0,0,15,2,4,4065.79,0
1754,3286,218,42,0.89,11,2,4,1,1,32,1,5,3317.74,1
1413,6457,2470,58,0.58,10,2,2,5,0,22,1,3,489.91,0
356,5509,3452,67,0.64,7,0,3,2,0,20,1,1,1503.81,0
1822,6283,2721,34,0.41,10,0,2,0,1,20,0,4,2448.19,0
1789,1309,2347,49,0.67,4,3,2,0,1,18,1,1,1046.9,0
1019,5828,1301,43,0.4,6,0,2,3,0,12,4,3,627.41,0
2292,6711,2208,37,0.48,4,2,5,0,2,26,1,2,2535.04,0
981,5004,1410,77,0.1,8,1,2,2,0,20,0,4,874.7,0
752,7499,4960,42,0.01,8,4,4,1,1,26,1,5,846.64,0
2109,9737,2665,53,0.06,6,3,4,2,0,26,0,2,1735.36,1
2362,8279,4022,94,0.19,9,1,4,2,1,26,0,2,633.52,0
458,2841,714,63,0.46,2,0,1,1,1,24,0,4,3025.6,0
1530,2731,835,80,0.02,4,1,3,2,0,18,0,1,1824.94,0
315,1542,1014,32,0.16,2,0,4,1,0,23,0,2,2395.7,0
2095,8439,3470,87,0.78,5,2,2,4,1,22,0,1,1443.3,0
798,5263,386,84,0.76,10,1,1,3,2,18,1,1,334.72,0
1424,2006,982,71,0.79,8,0,5,0,1,22,0,2,107.74,0
223,5321,4223,50,0.92,2,1,4,3,2,13,1,2,1502.42,1
1017,287,3086,39,0.12,4,0,2,2,2,17,1,4,3915.08,0
1166,3099,453,86,0.16,4,0,2,2,3,22,1,5,282.02,0
2191,533,764,54,0.33,2,1,5,5,2,14,0,2,47.11,1
1731,4285,3614,85,0.92,6,1,1,3,1,20,0,7,322.27,0
976,5375,4745,67,0.78,7,0,2,1,1,13,2,1,6616.49,0
860,3132,2181,90,0.32,4,0,3,1,2,24,1,0,2884.81,0
1950,8177,2715,76,0.09,3,0,4,1,0,28,1,1,3077.92,0
84,5200,3475,83,0.62,5,1,1,1,1,26,1,3,5034.06,0
829,4585,2721,75,0.26,7,0,4,0,2,16,2,4,1188.6,0
807,7737,2417,97,0.53,1,2,4,0,1,17,0,1,2564.94,0
1511,1807,632,33,0.94,7,1,5,0,0,16,0,4,480.99,1
1931,2141,1733,95,0.57,8,0,3,4,0,24,1,5,2161.14,0
2239,7332,3332,72,0.92,3,0,3,4,3,21,2,2,592.91,0
2164,6510,1929,91,0.39,4,0,5,1,0,19,2,3,3222.15,0
84,825,928,33,0.63,7,1,4,1,0,19,2,5,3956.62,0
1853,8644,4225,94,0.89,6,0,3,2,2,29,3,6,2009.61,0
1231,6676,591,91,0.59,8,1,4,2,1,26,1,6,2351.04,0
862,152,3891,31,0.61,1,1,1,0,2,20,2,4,1196.68,0
342,1420,1696,38,0.72,8,0,5,0,3,11,0,2,154.51,0
1888,544,3919,86,0.88,9,0,5,5,0,20,1,5,1576.31,1
2037,9918,2009,74,0.09,4,0,3,1,0,29,2,1,2775.15,0
2036,3374,2721,47,0.34,4,1,1,2,0,26,0,4,326.29,0
1820,1042,410,77,0.4,2,1,4,2,0,22,1,3,4363.42,0
357,3352,3658,71,0.91,4,0,3,4,1,30,0,1,1076.99,0
1317,9612,2638,70,0.96,4,0,4,2,2,25,0,3,670.45,1
2173,6095,1666,87,0.12,2,1,1,1,2,18,1,2,2573.67,0
1141,4510,630,71,0.12,7,2,2,1,4,19,0,1,12.46,0
1341,1182,256,64,0.93,7,3,3,1,0,14,1,4,3249.79,1
481,9090,3349,67,0.3,4,0,3,0,1,27,0,2,206.47,0
1553,4527,3020,96,0.24,6,1,5,3,1,15,0,1,74.9,0
194,8017,4729,70,0.04,6,3,2,1,4,20,2,4,11338.73,1
211,1651,2378,79,0.28,3,0,3,0,2,27,1,3,112.27,0
939,481,4004,74,0.69,5,4,4,2,1,18,0,0,1979.81,0
852,2950,1849,100,0.43,11,0,1,1,1,19,1,3,5007.88,0
973,8748,2913,48,0.52,7,1,2,3,0,19,0,1,2341.85,0
2031,4736,4405,46,0.92,6,0,5,1,2,12,2,5,437.6,1
2084,7680,4508,94,0.11,0,2,5,2,1,17,0,2,461.09,0
359,3733,3701,85,0.07,10,0,4,2,1,19,3,4,1548.32,0
804,373,3851,70,0.85,6,2,1,1,1,22,0,2,125.92,0
2228,3319,4358,71,0.77,6,2,5,2,1,20,0,1,1618.44,0
176,555,1402,35,0.26,3,2,5,3,1,22,0,3,1189.1,0
944,3250,3760,98,0.32,7,2,1,0,3,17,0,4,989.13,0
1601,6675,4265,69,0.31,6,2,2,2,2,20,0,2,1264.47,0
1338,1946,3018,70,0.65,1,1,3,1,3,15,2,1,1301.94,0
111,9164,4310,38,0.06,5,0,3,3,0,17,2,6,1492.2,0
543,892,3348,37,0.49,4,2,1,2,3,23,1,7,2675.13,0
1950,3850,3524,73,0.13,3,2,1,1,0,19,1,6,2064.52,0
1969,6933,4963,87,0.82,5,2,1,2,1,21,1,2,569.08,0
775,9072,769,96,0.38,5,0,4,1,1,17,0,2,2084.53,0
1439,4621,2778,42,0.53,5,0,4,2,0,22,0,5,14.26,0
736,9067,3098,48,0.03,5,0,1,2,1,23,2,4,1343.17,0
500,5214,2125,78,0.06,0,2,4,2,0,19,0,2,162.01,0
425,7298,4238,59,0.68,0,0,3,1,1,22,3,4,3270.0,0
1585,3213,1733,95,0.77,9,0,1,2,1,23,2,0,237.01,0
2338,2254,2976,88,0.71,6,2,3,1,0,20,5,5,4724.44,0
834,28,439,82,0.74,6,2,3,2,1,23,1,1,1209.65,0
963,651,2365,81,0.1,1,0,4,4,0,19,1,4,389.57,0
1309,3093,2469,60,0.69,7,3,5,3,0,15,1,2,1613.65,0
1787,5210,4202,44,0.18,5,1,5,0,0,14,1,1,2086.25,0
934,8531,1728,49,0.1,6,2,2,1,0,16,2,2,2169.51,0
1106,875,1275,34,0.76,6,2,2,4,1,14,1,3,3484.9,0
1920,783,1318,36,0.89,6,1,5,1,0,24,2,2,1808.73,1
1553,4742,1060,47,0.72,2,1,1,2,0,16,0,1,460.63,0
1417,3528,3483,85,0.81,3,2,5,2,2,25,1,2,1160.88,0
1333,6805,2259,74,0.99,4,0,4,2,0,14,1,1,3165.46,0
622,6994,2819,57,0.13,5,0,5,2,0,16,0,2,1145.1,0
2136,2577,2931,79,0.97,3,4,1,3,0,17,1,5,200.74,1
157,1684,4686,31,0.6,6,0,1,2,0,24,0,3,3734.44,0
765,749,4051,97,0.81,6,2,2,0,1,18,1,2,7107.88,1
550,1555,2427,53,0.65,4,1,2,2,1,14,0,3,3839.94,0
266,9337,542,77,0.57,6,1,1,3,2,21,0,2,12.11,0
1334,5137,908,74,0.7,6,2,3,4,0,20,2,5,11656.3,0
1811,6957,2664,87,0.32,9,2,2,2,1,19,1,5,1208.26,0
1331,6630,1479,65,0.92,2,0,4,2,0,21,0,0,832.97,0
2081,9075,2930,31,0.12,4,0,3,3,0,14,0,1,338.37,0
471,4565,1262,47,0.32,2,0,4,4,2,16,4,3,2074.27,0
2106,5655,779,78,0.03,5,1,4,2,0,17,0,4,839.98,0
834,8953,843,37,0.27,4,1,1,1,0,14,1,3,4416.69,0
104,7134,2219,87,0.22,6,1,3,0,0,22,1,0,1201.56,0
2205,9055,4659,44,0.05,4,0,2,2,4,14,1,5,686.3,0
2119,3742,3434,46,0.49,4,1,1,2,2,27,1,4,215.96,0
1409,2293,1101,52,0.47,5,3,5,4,1,20,2,4,1733.92,1
70,9531,1206,95,0.08,3,1,2,4,1,19,2,6,2250.51,0
2111,8679,3924,99,0.26,7,2,5,2,1,21,0,4,40.56,0
1730,7008,1670,56,0.95,7,1,1,3,1,22,1,4,4458.38,0
1431,5423,4664,66,0.11,6,2,4,3,0,20,0,3,12.52,0
617,1279,270,78,0.31,4,0,4,2,0,14,0,5,1400.2,0
1652,7878,2274,93,0.04,6,0,3,0,1,16,2,2,568.68,0
371,2613,4910,63,0.15,2,1,2,2,0,25,0,2,6684.49,0
2104,5971,1195,47,0.7,5,1,5,3,1,13,1,3,1253.33,0
675,9671,2459,93,0.37,4,1,5,2,1,16,1,3,4667.84,0
760,8579,3543,73,0.45,11,3,3,4,2,21,0,0,5663.39,1
197,7567,4380,46,0.16,5,0,2,0,0,20,1,3,991.49,0
639,1690,4311,88,0.68,3,2,4,1,1,18,0,2,2077.95,0
2345,8443,3354,42,0.75,3,1,1,0,0,23,2,5,1447.91,0
1802,9121,876,81,0.18,2,2,3,0,2,16,1,1,734.21,0
2070,5692,102,89,0.04,7,1,1,0,0,17,0,1,1781.33,0
484,8094,3188,71,0.08,4,1,1,3,1,18,2,5,1315.67,0
1738,5377,1361,93,0.66,3,0,3,1,1,26,1,4,1192.13,0
731,79,374,95,0.14,6,1,5,1,1,18,0,2,823.97,0
1629,3934,4926,63,0.49,2,2,2,1,1,17,4,1,11.85,0
159,6210,3728,100,0.15,7,1,5,1,0,27,0,9,4646.41,0
1875,2017,1934,93,0.17,4,0,4,1,0,20,2,2,602.93,0
1416,9002,3105,62,0.0,5,0,2,3,1,23,0,3,389.09,0
722,8129,2548,41,0.32,9,1,3,3,0,11,0,3,27.9,0
1424,2789,1306,48,0.09,4,0,3,2,0,23,0,7,1202.12,0
823,4930,2286,38,0.39,4,2,3,6,1,24,2,4,2000.29,0
58,765,12,46,0.6,6,2,1,3,0,19,0,3,591.32,0
178,6505,3502,79,0.37,1,0,3,1,0,12,0,3,351.47,0
1349,5945,1763,68,0.71,6,1,4,4,0,16,0,6,1433.4,0
2088,9523,920,70,0.74,5,0,4,5,1,15,1,1,13784.33,1
1166,2340,316,39,0.7,5,2,3,2,3,17,1,6,2985.06,0
216,5715,4241,41,0.94,6,1,2,1,1,32,0,1,1365.26,0
1280,8311,4025,44,0.24,7,1,4,2,2,14,2,5,699.78,0
1363,1026,1448,57,0.19,5,3,2,2,0,21,0,2,367.89,0
127,7357,882,33,0.61,6,2,2,1,1,21,1,3,1165.36,0
84,8226,1151,65,0.59,6,0,2,1,1,10,1,4,1231.47,0
787,4948,675,94,0.51,5,3,3,2,0,25,1,3,311.82,0
435,2848,218,76,0.0,6,0,1,3,2,25,1,5,7563.53,0
2146,747,961,68,0.56,4,0,3,2,1,25,1,6,841.71,0
1342,6210,1067,67,0.93,3,1,4,5,0,26,0,5,1332.19,1
1815,8381,4754,73,0.33,5,0,4,2,1,13,0,0,369.81,0
780,241,4732,80,0.97,8,0,4,2,1,21,2,2,941.47,1
1792,1927,4630,55,0.36,5,0,4,3,0,22,5,1,278.84,1
394,8544,4018,65,0.14,2,1,1,3,2,22,2,4,3423.25,0
2056,5928,1878,98,0.4,7,4,2,4,1,21,0,4,917.43,0
511,2633,4874,30,0.49,6,1,3,1,1,21,1,3,25.18,0
2278,8656,781,82,0.63,5,0,4,3,1,22,0,6,2376.71,0
183,6411,4845,35,0.5,5,2,2,2,0,20,1,1,878.24,0
1554,7082,4040,66,0.54,3,0,3,2,1,18,0,3,1004.06,0
2150,2286,531,31,0.02,7,1,1,1,1,17,1,1,833.22,0
2373,7403,3365,98,0.25,7,2,5,3,1,15,2,1,902.32,0
1070,8797,1410,70,0.31,7,1,1,1,0,16,2,1,766.33,0
1694,3884,3748,80,0.99,3,0,5,3,1,24,0,1,2992.63,1
1270,4540,4353,76,0.3,5,3,4,1,0,22,1,3,1876.99,1
90,7174,3733,42,0.9,6,1,2,1,3,25,1,4,478.74,0
968,4507,3257,98,0.3,5,3,2,2,2,17,0,2,2726.54,0
1669,7943,1868,95,0.1,5,3,3,6,0,27,1,1,645.1,0
2119,2145,4791,88,0.25,4,1,5,3,2,17,1,6,442.72,0
54,6737,4074,97,0.27,5,1,5,2,1,23,0,6,1200.15,0
1092,1575,4691,88,0.98,5,1,3,0,0,20,0,4,2744.53,0
160,318,2408,39,0.67,5,0,2,3,1,16,1,2,1455.18,0
1282,8544,152,42,0.93,5,1,2,2,1,25,0,3,1109.08,0
137,8637,2861,31,0.83,6,1,3,2,0,17,2,2,1591.46,0
201,8378,3479,44,0.58,6,2,5,3,1,21,1,3,4873.79,0
1488,148,3705,75,0.68,3,0,4,0,0,15,0,4,2766.2,0
131,203,727,86,0.62,11,1,3,4,1,25,1,3,1569.18,0
2352,3267,652,39,0.67,2,0,2,1,4,20,1,0,1490.48,0
1666,3245,3450,51,0.26,4,0,4,2,0,23,1,2,183.59,0
1070,952,2558,37,0.41,5,1,4,4,2,16,0,5,75.23,0
359,4630,3703,50,0.59,3,0,5,1,0,23,1,2,4524.55,0
1550,5730,379,51,0.04,4,0,3,0,1,28,3,4,4730.65,0
41,6363,3660,74,0.48,6,1,4,0,2,21,1,5,1844.23,0
1371,4967,796,69,0.86,4,1,1,4,1,20,1,1,7044.18,1
245,9155,959,51,0.49,8,2,4,3,1,23,3,2,1837.93,1
368,9504,531,59,0.55,3,2,4,3,1,19,0,3,3528.3,0
1829,3391,2953,91,0.2,5,2,4,2,0,18,1,0,211.22,0
1780,5849,364,74,0.79,8,3,3,1,2,17,1,10,4813.75,0
1538,2890,2345,64,0.36,5,0,5,6,3,19,1,2,1279.95,0
2451,4897,1492,71,0.96,2,1,5,2,2,12,1,3,5347.74,1
739,555,1657,34,0.99,4,1,1,5,1,17,0,4,1967.8,1
1253,1937,3055,56,0.92,4,0,1,1,0,20,1,3,1186.26,0
1142,4162,4641,99,0.08,3,1,4,1,1,14,1,1,146.81,0
1321,14,2225,91,0.33,5,0,4,1,2,18,2,2,1276.76,0
518,5543,4726,61,0.95,8,1,4,3,1,21,0,5,100.68,1
1591,9564,437,37,0.8,7,1,1,3,1,28,3,4,3106.82,0
76,5388,2547,47,0.91,3,1,5,2,1,17,2,2,192.58,1
807,6243,554,44,0.57,8,1,1,3,1,12,0,1,661.52,0
1069,2673,2774,55,0.48,6,0,5,4,4,17,0,7,1151.93,0
740,9475,4929,82,0.11,5,1,1,2,2,23,1,2,1966.55,0
430,3336,3775,73,0.84,3,1,5,0,0,19,2,3,2058.61,1
1847,3669,668,61,0.75,6,1,1,1,1,17,0,2,187.5,0
279,1141,2837,57,0.06,4,1,5,2,0,19,0,2,272.07,0
420,4773,2068,68,0.21,6,2,3,3,1,22,1,2,9475.95,0
364,6747,3337,61,0.56,5,1,3,6,3,22,2,2,3673.01,0
658,5102,740,47,0.68,9,2,2,3,0,29,1,9,782.45,0
166,6032,1842,99,0.14,5,2,5,3,3,19,0,4,1640.12,0
1551,3169,418,40,0.24,4,0,5,1,0,21,1,4,2336.65,0
856,6169,4189,61,0.19,4,5,5,3,3,20,0,3,365.17,0
756,7328,3257,49,0.22,7,0,2,1,2,20,1,4,289.48,0
1530,8455,4812,69,0.92,5,1,1,1,2,25,1,3,1377.34,0
1019,5317,143,37,0.72,5,4,3,6,2,19,0,3,762.92,1
2449,8530,4893,64,0.74,2,3,2,2,2,21,1,2,1298.02,0
964,3054,4969,98,0.79,7,2,3,1,0,17,2,2,365.02,0
431,9622,676,50,0.36,2,0,4,0,0,20,3,4,207.08,1
1496,5646,286,53,0.77,7,1,2,2,0,19,1,2,6871.99,0
644,2902,3317,46,0.98,3,0,2,1,2,19,2,8,209.86,1
1326,5298,891,47,0.7,6,0,3,1,0,26,1,2,3935.31,0
1212,5822,2070,41,0.42,7,1,5,3,2,19,1,4,1236.52,0
2265,664,2092,45,0.72,4,2,4,1,2,24,0,3,1183.84,0
1151,5491,1247,33,0.9,6,4,3,1,0,29,1,1,1151.27,1
160,769,2462,63,0.13,3,0,2,1,1,24,1,1,93.38,0
1224,6792,168,75,0.27,6,0,5,3,1,22,1,1,115.19,0
212,1808,2606,60,0.92,6,2,4,1,1,26,0,4,255.2,1
393,5169,3825,54,0.95,7,2,5,2,2,28,1,3,2770.33,1
68,8456,4384,53,0.48,7,0,3,3,0,25,3,1,616.27,0
1402,5272,2536,94,0.37,8,1,5,4,0,20,1,0,2107.88,0
950,3833,120,54,0.28,4,0,2,3,1,17,0,3,882.16,0
45,1886,551,57,0.5,3,0,2,1,1,11,0,1,2716.8,0
522,6164,1148,65,0.93,6,0,1,3,1,20,0,3,4083.38,0
1479,7797,3293,35,0.15,3,0,4,1,3,25,0,1,1286.01,0
1161,4526,3620,95,0.42,6,2,3,0,3,23,0,5,101.13,0
340,3744,4465,96,0.91,4,1,5,2,1,13,1,4,2385.93,0
768,9446,3567,77,0.35,5,2,2,2,1,17,1,3,1092.57,0
575,5982,2429,99,0.77,4,2,1,0,1,19,1,6,3271.61,0
2491,6649,1766,96,0.39,6,0,3,1,0,20,1,4,4974.1,0
280,5366,3096,77,0.8,6,1,2,1,1,18,1,2,4844.56,0
788,6390,2316,94,0.98,10,2,3,2,0,21,3,1,3810.69,0
1834,1018,985,73,0.39,5,2,2,1,0,23,0,2,230.55,0
1327,4324,732,92,0.85,3,1,3,3,1,22,1,2,2914.94,0
1661,9712,2580,75,0.99,7,2,2,0,2,15,0,3,2193.02,0
1944,2518,334,48,0.98,3,0,5,0,1,18,0,1,670.47,1
843,4768,1539,93,0.43,4,1,4,5,4,17,0,1,507.28,1
58,2692,1955,100,0.49,4,1,2,3,0,21,2,2,4789.38,0
987,7321,4496,79,0.3,3,2,3,2,0,14,0,5,9548.45,0
2062,999,2440,92,0.31,10,2,2,5,1,15,1,4,3067.24,0
506,8456,4121,70,0.49,5,0,1,5,2,20,1,3,311.07,0
347,4721,3520,36,0.2,7,3,5,1,1,28,1,1,1630.85,1
274,6489,855,38,0.71,7,0,1,1,0,18,1,3,626.65,0
777,6974,4974,33,0.54,5,2,3,3,1,14,3,3,631.36,0
726,8085,577,78,0.9,4,3,2,1,1,22,1,5,283.82,0
301,4462,3698,35,0.81,6,1,2,2,2,21,0,1,382.81,0
1801,8457,2189,50,0.32,4,1,1,2,0,18,0,5,1164.88,0
1292,1017,2029,44,0.51,3,0,4,0,0,17,1,2,228.22,0
2454,6506,3329,96,0.75,5,1,5,2,1,29,1,3,322.89,0
295,9957,2330,95,0.19,5,1,2,1,2,18,1,3,263.61,0
950,7698,1656,85,0.03,3,3,2,5,1,15,3,1,707.69,1
369,3918,4013,97,0.85,5,0,3,1,0,16,0,6,6475.71,1
418,2813,3919,61,0.14,4,0,1,5,0,14,1,2,94.17,0
2080,4389,3430,95,0.89,8,0,3,2,0,25,1,3,569.95,0
1195,108,2541,58,0.91,1,1,5,1,0,23,2,5,4568.22,0
405,8398,366,95,0.46,4,1,2,0,1,16,1,1,189.56,0
2063,887,3091,63,0.81,4,1,1,2,1,15,0,1,3246.26,0
2401,1878,2290,56,0.36,4,0,1,0,0,12,2,2,123.91,0
175,2675,4141,89,0.86,7,1,1,4,1,19,0,6,534.58,0
2011,1398,2470,68,0.82,2,1,5,4,0,25,3,2,4147.81,1
322,2425,2797,73,0.08,1,1,4,1,2,16,1,3,12.06,0
461,8771,4219,65,0.58,5,1,4,0,2,19,5,2,1262.95,0
734,2647,1207,48,0.64,7,1,4,4,1,26,1,1,2634.67,0
2028,7252,1288,74,0.0,4,1,3,5,1,18,1,2,837.74,0
428,9267,475,50,0.98,7,2,3,2,0,13,1,5,402.13,0
993,8623,4010,52,0.41,11,0,5,3,1,17,2,6,129.4,0
2264,2893,3358,56,0.52,3,0,1,3,1,24,0,1,4206.99,0
2071,1214,1497,48,0.19,4,0,4,4,1,19,3,2,2904.4,1
1858,554,4952,70,0.61,3,0,2,3,1,19,1,2,2260.52,0
2138,1233,4607,55,0.81,5,1,4,3,0,19,0,6,3230.08,1
968,3182,4546,57,0.59,3,0,5,1,1,15,1,0,1569.43,0
739,8969,335,93,0.79,9,1,4,2,0,15,4,4,3987.39,1
836,6460,1775,97,0.73,6,0,2,1,1,24,1,4,1404.36,0
1493,6530,4172,80,0.24,6,2,2,0,3,18,1,6,996.8,0
1355,664,313,77,0.44,6,2,2,2,2,21,0,0,1490.08,0
40,6831,4589,39,0.15,9,0,5,4,0,22,2,4,7081.73,0
1115,2456,1450,68,0.04,6,2,4,5,1,19,2,2,2233.91,0
1898,5902,158,48,0.06,10,0,5,0,0,26,0,2,377.06,0
2303,8422,3044,93,0.94,8,2,2,4,1,15,1,1,1139.98,0
801,3676,2641,48,0.98,3,1,4,4,1,17,1,2,2531.67,1
1624,4287,105,91,0.09,7,0,3,0,2,22,1,1,1086.79,0
1637,4412,3465,42,0.34,0,0,5,1,2,19,1,5,2233.38,0
1363,2579,4387,54,0.11,2,3,3,1,1,15,3,4,79.76,1
914,5525,2379,71,0.83,3,4,3,1,1,18,1,2,1023.46,1
1419,9215,3477,68,0.5,6,2,1,1,1,21,0,3,730.72,0
255,3995,538,59,0.62,5,1,2,1,0,16,1,2,1865.17,0
854,8177,2320,34,0.54,6,1,3,4,2,16,2,2,228.14,0
2295,7458,4685,47,0.71,3,1,5,0,1,23,0,4,1206.07,0
966,4320,1673,50,0.32,6,2,2,1,1,22,2,3,1834.83,0
2336,3029,3374,79,0.14,4,1,2,2,0,27,1,5,189.79,0
1941,3691,2351,35,0.02,5,2,5,3,4,25,1,8,1477.31,1
1826,9645,4915,79,0.45,7,2,4,0,1,17,3,1,2732.95,1
83,4206,702,95,0.91,8,3,5,3,0,15,1,2,1696.65,1
756,582,4340,30,0.31,5,0,4,3,0,17,3,1,87.3,0
1574,9534,961,86,0.2,4,2,2,4,2,17,0,1,1466.54,0
1073,4763,1370,59,0.93,8,2,5,3,0,19,2,4,592.85,1
1943,7092,548,87,0.11,7,2,3,2,1,17,3,1,4108.14,0
1806,4012,829,81,0.05,2,2,5,2,2,25,0,2,1817.18,0
1626,5639,3172,66,0.88,3,1,3,2,2,16,0,3,319.23,0
1944,8427,3935,77,0.7,7,1,3,3,1,13,2,4,2002.91,0
2496,4210,281,30,0.42,4,0,2,2,2,17,0,4,1774.35,0
879,2007,1038,48,0.75,6,0,4,1,0,25,2,5,97.55,0
2139,8973,3675,75,0.74,8,1,4,4,1,20,3,5,1183.6,1
2293,7432,1252,96,0.04,4,1,3,2,0,20,2,2,2578.87,0
32,4534,1151,31,0.68,2,1,4,5,0,20,2,3,984.51,1
189,8635,602,85,0.64,8,0,5,3,0,16,2,5,1097.82,0
810,3417,1615,46,0.96,9,5,3,2,2,17,0,2,100.97,1
922,6741,4220,51,0.97,2,1,3,4,0,19,2,1,699.97,0
2060,7805,3387,56,0.38,2,0,1,3,3,24,0,3,6423.2,0
2406,9067,4081,84,0.59,6,2,5,2,3,17,1,2,3496.02,0
609,2803,4312,61,0.14,3,0,4,1,1,19,1,6,161.34,0
1963,7344,3704,89,0.07,8,0,4,2,1,14,1,3,720.14,0
1410,2921,2360,57,0.43,4,4,1,0,1,24,0,6,1678.46,0
1320,7962,4217,57,0.69,4,3,5,2,0,14,0,3,172.11,0
1670,2425,1450,54,0.57,8,1,2,1,2,20,0,3,2381.03,0
981,260,3636,55,0.43,5,0,2,0,1,20,1,3,2431.98,0
1017,4961,1892,100,0.82,2,0,5,0,0,22,2,4,1667.95,0
1248,8108,3721,46,0.79,6,1,4,0,2,22,0,2,2423.69,0
950,5299,194,36,0.73,3,1,2,3,2,13,0,3,108.43,0
1385,8112,230,85,0.08,10,3,2,2,0,22,1,3,583.38,0
199,7267,3198,93,0.8,6,0,4,2,0,17,2,2,835.39,0
550,5575,1103,49,0.92,5,1,5,3,0,14,1,3,5007.93,1
1516,6447,2955,67,0.06,6,1,1,1,0,24,0,1,5229.47,0
69,9120,2484,87,0.4,3,0,5,0,0,16,1,1,4505.94,0
1590,1183,2625,45,0.99,10,2,1,2,1,23,1,3,841.67,1
1448,8634,2022,80,0.6,2,3,5,0,0,20,1,4,8005.93,1
984,845,2500,56,0.51,2,0,2,1,0,12,0,3,215.06,0
1013,2272,610,80,0.18,4,1,3,2,3,17,1,2,1329.35,0
1004,9099,1170,45,0.57,6,1,3,1,1,17,3,1,917.41,0
67,4577,4609,89,0.44,4,2,4,2,2,26,2,3,2341.21,0
2405,3825,4323,69,0.13,2,0,5,1,0,24,1,1,1819.24,0
1304,256,2745,96,0.46,7,2,5,2,0,21,0,3,2704.48,0
1229,2439,2228,31,0.16,5,1,4,3,0,15,0,1,4573.59,0
1655,9192,4717,77,0.73,9,0,4,3,0,9,2,2,2364.37,0
943,9128,1162,81,0.97,5,2,1,1,3,26,2,1,2465.21,0
483,5297,66,53,0.47,8,0,1,0,0,22,0,4,161.98,0
66,2617,1214,31,0.63,9,0,3,0,1,23,1,2,240.29,0
1741,9276,4351,94,0.43,7,1,2,3,0,18,0,0,925.97,0
825,5940,153,49,0.14,3,1,5,1,0,17,0,3,1098.6,0
1002,4032,377,63,0.97,5,0,3,3,1,21,2,3,342.39,0
622,4794,1492,70,0.13,5,0,3,2,4,25,0,9,290.87,0
1167,6627,625,70,0.11,4,2,2,2,2,17,1,2,1081.27,0
1354,3161,3648,52,0.46,4,3,3,3,0,26,1,2,1119.7,0
2301,5590,3338,67,0.66,4,2,3,2,2,17,0,3,3339.26,0
347,7064,3237,73,0.35,5,2,2,5,1,24,3,6,698.36,0
2426,7716,1598,96,0.19,11,3,3,4,1,20,1,5,2540.86,0
2192,7629,2499,91,0.82,4,4,5,4,1,22,1,5,2914.05,1
1376,4583,3013,41,0.36,4,0,4,0,0,15,3,2,1035.4,1
1621,3501,708,59,0.19,4,0,2,1,0,23,2,3,2156.93,0
1919,716,4981,94,0.37,4,1,4,3,2,22,0,5,1220.19,0
2117,7007,2833,70,0.21,5,2,5,1,2,9,0,2,1009.63,0
2026,5243,954,49,0.52,2,1,3,2,0,21,1,1,769.86,0
1802,8955,3891,35,0.67,6,0,3,2,0,18,0,4,2687.38,0
1342,5765,932,33,0.8,12,0,3,1,2,19,0,3,1004.61,0
1315,6970,1756,39,0.23,6,0,4,4,1,11,0,3,1397.83,0
245,8789,4130,80,0.17,6,1,1,0,2,19,2,6,1903.04,0
2413,1344,2863,67,0.02,7,0,4,3,1,32,1,3,2520.26,0
2169,5598,1569,30,0.23,6,1,1,0,1,16,2,3,231.66,0
2430,1857,1093,37,0.02,6,2,4,0,2,28,1,2,1792.21,0
1734,6861,3548,92,0.35,4,0,5,1,1,29,1,4,1440.78,0
392,7221,443,62,0.15,7,1,4,3,4,17,0,2,3207.44,0
1746,7875,2936,44,0.58,4,0,4,6,0,20,2,1,705.73,1
1223,3327,1099,60,0.38,6,2,2,2,1,30,2,3,3228.04,0
385,6821,2967,50,0.09,4,1,3,0,0,17,1,1,2785.4,0
220,174,2622,32,0.4,4,0,3,1,0,16,3,2,3630.61,0
2499,7070,4201,95,0.21,7,2,3,1,2,22,1,2,394.41,0
729,3067,3769,64,0.68,2,0,1,2,0,25,1,2,4212.12,0
2084,4438,4273,70,0.36,2,2,5,2,0,21,1,2,1173.78,0
2210,412,2099,88,0.15,10,0,1,2,1,22,1,5,1368.1,0
586,8615,1912,45,0.35,6,1,2,1,1,17,3,6,492.43,0
855,8246,2577,85,0.22,4,0,2,1,1,21,1,1,3846.02,0
1084,6359,2008,74,0.8,4,4,4,1,1,20,1,0,485.91,0
455,4167,3124,88,0.98,3,1,2,3,0,25,0,3,1590.52,0
2440,877,3004,79,0.03,2,1,2,3,0,20,0,4,471.09,0
1604,8220,2020,41,0.69,2,1,5,1,1,16,0,2,1020.58,0
2159,374,4854,41,0.26,6,0,2,1,0,23,0,3,4000.72,0
2433,7477,1901,62,0.07,3,2,4,2,0,23,0,1,54.79,0
618,6581,840,78,0.01,3,0,3,4,1,22,0,8,1718.19,0
2042,589,58,50,0.88,0,0,1,3,0,22,0,2,3215.39,0
1577,7684,4220,89,0.35,7,1,1,1,1,23,1,1,809.53,0
324,8747,1188,81,0.99,4,0,1,1,3,24,1,5,2111.4,0
2015,6478,3043,83,0.44,5,0,4,2,1,17,0,3,625.63,0
1277,4160,80,68,0.19,3,0,5,0,1,20,1,3,4505.26,0
1578,3049,76,78,0.78,4,1,4,6,1,19,1,0,613.92,0
1720,4147,1787,93,0.93,5,0,1,2,2,25,1,3,1926.76,0
1166,462,2238,55,0.82,3,2,4,2,0,24,0,2,344.61,1
1286,6547,1799,100,0.75,3,1,4,1,1,19,1,3,352.39,0
2094,1391,622,36,0.33,4,2,4,3,1,19,4,3,4921.82,1
389,8164,1896,91,0.06,5,1,3,4,1,24,1,3,128.55,0
729,1477,1632,53,0.2,5,2,4,1,0,17,0,3,375.02,0
477,2748,706,69,0.45,2,1,5,4,0,14,1,2,3431.63,0
2442,7582,1247,76,0.96,4,1,3,3,2,24,2,4,775.74,0
704,9418,2416,37,0.72,6,0,4,1,1,16,1,4,2356.67,0
1037,6757,258,83,0.83,6,1,2,1,0,17,0,4,1120.63,0
1379,890,647,38,0.28,10,2,1,0,0,17,1,2,1092.69,0
2491,3159,959,32,0.68,3,0,3,2,1,21,1,3,729.32,0
615,8286,1914,83,0.86,6,2,2,3,1,20,1,3,2318.83,0
1286,7902,3597,50,0.48,5,1,1,0,0,22,0,4,312.39,0
1277,4154,1121,77,0.43,5,0,5,0,0,25,2,2,1081.35,0
1023,1178,185,76,0.72,5,1,2,2,0,21,1,4,2154.67,0
1465,3139,732,97,0.56,1,1,5,1,0,25,1,2,5533.24,0
601,3655,3852,92,0.99,9,0,5,3,0,20,1,5,283.39,1
2412,2536,3684,45,0.43,6,3,2,6,1,16,3,3,255.7,1
1275,3526,4876,34,0.18,2,0,2,3,2,18,1,3,2595.31,0
2114,3377,1957,40,0.47,2,1,3,0,1,15,1,2,272.52,0
1018,7348,712,58,0.24,10,0,5,4,1,31,0,5,2307.18,0
307,3565,2138,99,0.56,6,1,2,2,1,19,2,2,126.93,0
1249,5121,936,77,0.13,4,0,5,0,1,14,0,6,697.66,0
1917,6762,4243,44,0.95,3,1,4,0,0,13,2,5,1949.62,1
513,455,3514,63,0.86,7,1,4,1,2,17,4,4,2320.14,1
1295,6374,2527,89,0.16,7,0,4,0,1,23,1,2,3451.5,0
760,3636,2407,91,0.17,9,3,5,4,0,17,1,4,3778.78,1
2269,4026,1159,31,0.51,7,2,5,1,0,16,0,2,106.61,0
1070,3885,3390,48,0.77,6,2,2,3,1,18,0,3,63.99,0
947,5507,1888,78,0.22,5,4,2,2,3,23,1,2,26.25,0
2478,6248,1263,57,0.06,5,1,3,1,1,8,0,5,2688.53,0
915,271,1493,77,0.55,5,0,3,0,0,17,1,1,9203.77,0
51,5002,319,66,0.69,4,3,3,2,3,26,1,1,3030.4,0
503,4035,3962,78,0.24,5,1,1,4,2,18,2,5,242.38,0
2287,8293,3059,77,0.74,6,1,4,0,1,20,0,2,2725.87,0
2383,4232,1574,58,0.95,8,4,5,1,1,27,1,7,2644.7,1
733,4185,1510,89,0.14,5,1,4,3,2,21,1,3,3547.31,0
716,9184,4875,58,0.51,2,1,5,1,0,26,0,3,423.5,0
314,3453,25,87,0.06,3,1,1,2,1,14,0,2,2832.0,0
745,5021,615,77,0.21,5,0,5,1,0,20,1,6,1433.71,0
792,703,1391,52,0.09,5,1,3,1,0,25,1,1,1028.69,0
1280,8357,4918,56,0.4,3,5,4,0,1,22,2,2,427.97,1
977,1822,3393,36,0.82,5,2,4,4,1,34,0,9,4905.07,1
2458,5734,904,78,0.58,3,0,4,3,1,17,0,2,1882.12,0
1060,1417,1577,83,0.22,10,1,1,4,1,19,1,4,4934.01,0
58,8042,423,97,0.04,6,0,4,2,1,26,1,0,879.11,0
936,9418,4130,71,0.55,3,1,2,3,1,22,0,3,738.39,0
2156,1420,2014,88,0.13,3,2,3,4,1,19,0,5,795.88,0
599,3507,325,73,0.34,7,1,3,0,1,19,4,2,1085.06,0
2036,4382,4676,55,0.51,5,1,5,1,0,18,0,0,968.49,0
1483,7404,4830,52,0.9,8,0,1,2,1,20,1,5,830.21,0
767,561,3065,37,0.08,5,1,5,2,1,17,2,1,133.74,0
545,9378,1859,82,0.67,8,0,5,0,0,23,2,3,1682.93,0
2030,4342,1963,43,0.01,6,1,3,5,1,20,1,3,4222.33,0
2474,1007,398,100,0.63,6,0,2,1,0,24,1,1,215.22,0
68,4086,2779,36,0.55,8,2,1,2,3,22,1,2,1089.05,0
916,6109,4549,38,0.81,8,3,1,1,0,14,0,5,1907.22,1
2234,5565,3056,32,0.53,6,0,1,1,3,17,0,1,1234.9,0
1128,4062,2425,46,0.35,5,3,2,0,1,13,2,3,1557.35,0
1853,5313,2399,73,0.24,3,2,1,2,1,19,1,1,449.91,0
1740,8128,313,75,0.09,5,2,4,2,0,16,3,5,5699.24,1
1003,6112,773,87,0.53,4,0,2,3,0,14,0,3,754.87,0
1592,5500,1983,57,0.89,5,1,5,0,2,26,0,3,711.91,0
1018,8574,825,43,0.51,3,1,4,2,1,25,0,3,1225.84,0
50,5626,887,38,0.74,4,2,5,2,0,22,3,1,168.0,0
2380,2258,4808,55,0.3,6,0,1,2,0,18,3,7,7868.06,0
898,858,2336,31,0.45,12,1,2,3,0,16,0,0,1326.64,0
113,6364,2439,63,0.32,5,1,4,0,1,22,2,1,1166.64,0
1712,8705,2070,48,0.11,8,1,2,3,2,17,1,2,6594.71,0
2006,8080,4408,68,0.42,9,1,2,4,0,17,4,1,1186.77,0
1440,8904,1589,42,0.76,5,3,2,0,0,20,1,4,3555.68,0
1560,3635,4265,34,0.39,6,0,5,5,1,15,0,6,181.73,1
599,324,2211,79,0.65,6,0,2,1,2,18,1,1,372.43,0
963,2386,3607,52,0.76,0,2,1,1,0,19,1,1,1448.24,0
2010,9242,1213,58,0.32,5,2,4,3,0,26,1,5,6591.02,0
1885,4388,2434,55,0.8,4,0,3,2,2,18,0,2,2527.5,0
822,8459,3885,86,0.34,2,1,2,0,2,15,2,1,379.11,0
821,584,2833,30,0.26,6,0,4,1,0,24,1,0,6017.84,0
1839,9754,3295,57,0.22,5,1,5,2,0,31,2,0,1333.63,0
1324,5595,2073,91,0.2,4,1,5,1,2,16,1,3,1980.63,0
2285,5502,1989,76,0.74,6,0,2,5,2,17,2,0,8486.97,1
1637,8959,4358,88,0.89,3,0,2,2,3,20,1,3,2315.52,0
1113,2820,3141,60,0.23,10,2,1,2,0,17,3,1,1438.87,0
1014,8144,3102,99,0.09,6,0,3,3,1,24,1,6,3735.65,0
1710,9306,4836,78,0.31,5,3,2,3,3,21,0,2,5981.93,1
549,5680,3674,34,0.66,6,1,2,4,0,25,0,4,7697.22,0
620,7725,2346,60,0.37,4,1,1,1,0,28,1,3,8190.72,0
1080,6577,3624,66,0.55,5,2,5,5,0,20,0,9,1148.85,1
1739,3469,507,44,0.74,3,2,3,1,1,29,1,3,2802.18,0
2065,6127,3827,81,0.41,5,0,5,3,1,21,0,1,2548.12,0
2276,4002,4653,98,1.0,4,4,2,2,1,18,2,2,62.01,1
2464,7847,141,40,0.3,3,1,3,1,2,25,3,0,1625.85,0
378,213,867,72,0.98,6,3,2,1,1,20,0,2,1943.18,1
989,2785,530,99,0.2,4,0,1,4,2,19,1,5,273.72,0
1993,2002,39,52,0.11,3,3,1,7,2,23,1,4,5433.71,1
722,2253,3406,69,0.75,5,2,5,3,0,25,0,2,41.78,0
1589,8508,4614,92,0.7,4,2,4,5,1,14,1,1,222.33,0
407,1697,1270,31,0.81,1,1,5,0,1,20,0,1,1024.41,1
556,4119,1568,76,0.34,3,1,3,1,1,22,0,2,9936.06,0
2283,1870,25,59,0.93,5,1,1,2,1,22,1,3,59.49,0
1289,5186,3615,45,0.12,6,3,5,2,1,21,1,3,507.06,1
1905,732,1617,88,0.03,3,0,1,2,1,21,1,2,858.3,0
1793,8981,3527,76,0.3,5,1,4,1,0,16,1,3,4412.54,0
550,8730,2026,59,0.8,3,1,5,0,0,14,3,1,3585.05,0
1731,4903,3584,38,0.67,7,3,1,4,1,22,1,4,155.62,0
1046,353,1753,94,0.44,5,0,2,0,1,17,2,5,1934.19,0
1043,5408,3801,88,0.26,4,3,4,1,7,22,0,8,5094.48,1
146,8410,3644,93,0.06,9,0,2,3,2,17,0,4,606.38,0
2463,4746,1098,37,0.34,2,0,3,1,0,22,0,3,1336.41,0
1397,3416,1371,81,0.46,2,0,4,1,0,20,1,4,1338.04,0
613,9513,3382,47,0.69,6,0,1,1,0,16,0,2,4841.63,0
424,929,4483,87,0.65,12,0,2,1,1,16,0,4,634.92,0
1117,5829,485,78,0.95,2,0,3,2,2,25,0,3,885.36,0
101,2054,1299,61,0.1,6,1,2,2,3,15,2,2,4747.86,0
303,428,338,77,0.34,3,1,4,1,0,31,0,3,1975.29,0
2043,1759,4054,74,0.48,6,1,2,1,2,23,0,4,5756.04,0
1373,7388,1849,83,0.67,9,0,2,3,1,18,4,6,5283.36,1
367,1109,1196,75,0.5,4,0,5,1,0,23,1,1,2030.57,0
1419,3402,4543,60,0.91,5,2,1,0,1,20,0,6,632.95,0
636,2782,3424,66,0.61,5,2,2,1,1,20,2,1,1016.23,0
195,6794,3546,45,0.04,2,1,5,2,0,21,1,5,1416.87,0
1597,1555,1783,75,0.11,4,1,1,2,2,13,1,4,242.65,0
2088,1080,2073,75,0.75,7,2,4,0,1,13,1,4,564.74,0
1354,6532,1854,90,0.72,5,1,4,2,1,17,1,0,1151.33,0
758,1860,4973,75,0.15,5,2,5,3,1,14,2,1,3277.14,0
2073,5063,2568,80,0.06,6,0,5,2,3,17,0,7,874.1,0
131,2949,1272,91,0.58,5,1,4,6,2,33,0,3,463.71,0
1445,7204,3301,64,0.64,3,0,3,2,0,29,1,0,3834.63,0
808,5861,1028,71,0.14,5,1,1,1,0,19,0,1,4019.51,0
243,6683,1799,74,0.47,6,0,1,2,1,23,0,3,416.34,0
1141,688,3534,97,0.31,5,0,5,1,1,16,3,3,1055.22,0
1606,998,3514,76,0.93,5,0,1,0,2,21,1,4,365.95,0
2478,9809,816,59,0.22,9,1,3,2,1,27,0,5,4162.56,0
1725,1512,2676,53,0.73,6,2,1,3,1,23,0,3,331.55,0
621,1799,414,95,0.52,4,0,5,2,1,21,0,2,4171.52,0
1363,5291,603,72,0.01,5,1,2,4,2,26,0,1,343.03,0
1139,5037,3959,63,0.52,7,0,2,1,1,19,1,2,155.22,0
2169,1435,4117,52,0.1,6,1,5,1,0,14,2,3,124.12,0
743,6664,3290,90,0.66,6,1,2,4,1,22,1,3,2523.03,0
965,2450,2222,66,0.57,4,3,1,3,1,23,1,4,3619.68,0
1981,6866,1552,42,0.01,6,1,5,0,2,21,3,4,1155.13,1
271,7377,623,100,0.2,5,2,5,0,0,21,0,0,3757.33,0
2073,9480,878,36,0.78,7,0,5,3,0,22,0,4,393.37,0
31,2604,821,71,0.28,7,0,2,2,1,22,3,2,799.23,0
2302,4699,1832,67,0.5,2,1,4,8,0,18,2,1,3323.21,0
1798,2446,4872,81,0.31,9,1,2,4,1,16,1,4,297.58,0
1979,5527,4187,73,0.92,7,1,5,2,3,27,1,5,1238.05,1
2193,9229,1754,93,0.54,6,0,1,1,1,19,2,3,284.11,0
947,6320,2266,42,0.7,4,2,4,3,0,24,0,6,548.66,0
2271,3549,4052,57,0.08,5,1,5,5,1,22,1,2,1970.68,0
119,3493,3677,30,0.04,3,2,2,1,3,23,0,2,2474.41,0
1739,7381,531,72,0.26,3,0,3,4,1,16,0,3,585.96,0
2199,2251,1535,71,0.31,8,0,5,0,1,20,1,4,2382.48,0
172,6388,1479,79,0.69,4,0,1,1,1,15,1,2,7149.48,0
135,2775,2685,89,0.57,5,0,3,2,0,21,3,1,436.12,0
916,9375,1523,30,0.37,6,0,3,3,2,15,1,1,82.01,0
457,4921,4886,80,0.65,4,0,2,1,1,18,1,4,1009.61,0
1358,413,1461,45,0.16,4,1,2,0,0,9,2,3,1560.24,0
1925,3392,4664,68,0.06,4,0,4,1,1,26,1,7,556.92,0
2024,4173,3440,44,0.85,4,3,5,2,2,18,1,2,761.5,1
346,7640,3017,62,0.56,6,0,4,2,1,11,0,2,29.36,0
2016,97,3134,82,0.65,4,4,4,2,0,25,1,7,1169.88,0
664,9360,1763,46,0.31,5,1,3,1,0,19,0,4,2456.32,0
1955,5826,4965,35,0.37,5,1,2,5,0,19,1,0,5149.81,1
2086,5480,1622,60,0.08,7,0,3,0,0,22,0,2,1946.5,0
2300,6286,3285,98,0.86,2,1,5,5,0,20,3,4,2145.07,1
1469,5749,565,69,0.59,2,0,4,4,4,17,0,7,3998.74,0
582,4283,4261,59,0.08,6,0,4,2,0,22,1,5,6204.91,0
745,9583,2059,98,0.8,4,1,5,2,1,13,1,2,798.79,0
1317,6533,834,36,0.44,5,0,4,2,0,27,2,3,2217.66,0
1743,5013,2859,42,0.77,2,1,2,3,1,17,3,1,1268.41,0
1913,8048,3040,33,0.01,3,1,2,1,1,18,1,2,2319.45,0
1137,6616,1091,79,0.03,5,2,4,5,2,20,0,2,1394.52,0
1371,2074,3335,32,0.17,7,2,5,0,0,21,0,4,58.76,0
140,5325,502,41,0.21,6,0,3,5,0,19,0,1,2252.99,0
280,327,4774,94,0.76,8,1,4,2,0,14,1,4,1672.58,0
2460,1512,84,56,0.71,2,2,1,5,1,15,0,2,1562.55,0
2084,6140,3001,79,0.62,4,1,2,4,2,18,0,7,5170.88,0
488,7429,3370,46,0.88,6,2,1,3,1,21,0,2,2844.49,0
1137,2052,380,61,0.25,7,0,1,1,1,12,0,4,109.42,0
237,4608,4692,80,0.9,4,1,1,3,0,16,0,4,1666.97,0
929,128,338,46,0.91,7,1,4,3,1,25,0,4,767.78,1
51,719,4695,63,0.43,6,1,4,2,1,21,0,5,589.71,0
439,3567,1800,64,0.09,10,1,1,1,2,24,2,3,4577.65,0
924,3260,786,53,0.73,9,3,4,2,2,20,3,4,5756.74,1
544,8071,2032,83,0.34,4,1,1,1,1,26,2,2,96.84,0
838,8619,4684,47,0.79,4,0,1,2,1,19,3,4,546.74,0
903,2613,4326,79,0.16,2,0,3,2,0,12,0,6,3256.69,0
43,1111,1197,75,0.54,6,0,3,2,1,17,2,5,2800.14,0
1000,4431,1513,77,0.51,3,0,3,1,2,18,0,4,420.43,0
2164,7867,3301,62,0.1,8,3,5,3,1,20,0,1,943.38,0
1590,8187,3335,56,0.36,5,1,2,1,2,16,1,3,1997.5,0
1354,6092,197,30,0.08,3,2,4,1,1,19,1,2,4703.43,0
1296,6668,1224,88,0.46,6,2,3,0,0,24,0,5,548.39,0
2199,2271,3296,39,0.84,2,1,2,1,3,21,1,3,2678.06,0
779,8031,3456,54,0.27,7,3,2,2,1,21,2,4,272.64,0
714,518,1119,86,0.76,3,1,4,2,0,18,1,4,1660.07,0
1957,2389,2531,95,0.18,4,1,5,3,0,14,1,3,2318.51,0
2386,8889,4949,44,0.67,4,2,1,3,0,23,0,2,7795.83,0
724,4762,3889,57,0.92,12,0,3,3,1,23,3,1,323.43,0
2365,9494,540,42,0.32,5,0,5,1,1,26,4,2,459.83,1
336,5505,1080,43,0.9,6,1,4,4,0,26,0,3,1892.35,1
2019,3219,3146,95,0.51,2,0,5,3,1,21,1,1,14614.28,0
691,7408,972,63,0.32,8,1,2,3,1,21,1,3,1808.77,0
578,6753,1415,54,0.9,10,1,5,3,1,21,0,2,1488.31,1
341,5658,3147,83,0.03,1,0,3,2,1,20,1,3,3193.7,0
1112,5181,526,41,0.03,2,0,5,2,0,21,0,3,2291.21,0
1767,7900,3174,38,0.6,4,1,5,0,0,24,3,5,599.67,1
784,334,1501,60,0.8,8,0,2,4,0,11,0,2,1017.84,0
64,3567,3699,82,0.75,5,3,5,1,0,14,0,5,2309.03,0
474,3597,4238,72,0.08,5,1,2,3,1,17,0,2,3127.22,0
2170,161,4419,67,0.95,3,0,3,5,0,18,0,1,4076.05,1
2012,964,600,71,0.7,6,2,3,1,1,18,1,4,1153.48,0
1260,4364,1553,77,0.95,5,1,1,1,2,24,0,1,1164.3,0
382,7170,3066,96,0.33,8,1,1,2,1,16,0,2,1093.99,0
932,9393,2216,95,0.69,4,2,2,1,2,25,0,1,848.31,0
1385,697,3349,45,0.86,3,1,1,1,1,17,3,1,5992.03,1
1778,8511,2718,45,0.38,4,1,1,3,1,21,2,0,179.48,0
188,9704,4039,60,0.96,3,1,4,0,3,22,1,4,41.38,1
2007,3137,757,87,0.26,2,0,1,0,0,26,1,2,3775.97,0
986,6773,810,57,0.32,1,2,5,0,2,20,0,4,523.79,0
2101,3405,1507,33,0.92,4,2,3,2,0,24,1,4,122.63,0
433,9015,1389,39,0.97,8,2,1,2,1,22,0,3,396.94,0
545,855,689,80,0.29,5,0,2,1,0,28,1,4,435.09,0
1417,1174,3780,47,0.14,3,1,4,0,1,20,0,3,1477.95,0
985,5914,3352,76,0.76,3,2,4,2,2,14,0,3,39.07,0
2229,9969,906,61,0.93,6,1,3,2,1,15,2,3,473.05,0
1742,5370,1556,59,0.6,5,0,3,1,0,18,1,6,822.88,0
637,364,3136,65,0.63,1,0,2,4,2,17,1,1,588.43,0
2497,1882,693,38,0.76,5,1,2,1,1,19,0,2,2661.71,0
1303,2034,1305,65,0.15,2,2,2,3,0,22,1,1,31.49,0
1565,2827,1395,58,0.97,4,0,4,1,0,16,0,3,1606.9,0
2412,3842,952,45,0.36,8,1,4,3,1,25,1,2,1761.06,0
1471,8267,3290,50,0.63,1,2,2,0,1,22,0,0,2239.13,0
1827,2591,1043,93,0.47,7,0,1,0,1,21,0,4,3433.88,0
324,9592,2796,95,0.47,6,1,1,2,0,21,1,4,1150.54,0
784,9332,2243,88,0.7,1,1,2,0,3,12,0,2,127.55,0
1424,2496,3655,57,0.99,5,1,2,2,0,25,0,2,1395.38,0
215,9036,1630,84,0.66,10,1,4,1,1,23,2,2,2694.58,0
1299,8428,3545,60,0.79,7,1,1,1,1,21,1,4,204.26,0
666,2453,3215,62,0.03,6,0,3,1,0,17,1,3,2954.92,0
1321,8929,2892,89,0.81,6,0,3,1,0,14,2,2,338.39,0
559,1046,4914,70,0.3,4,2,5,3,0,24,2,4,3821.19,0
2098,8694,180,75,0.13,6,1,3,1,1,16,4,3,62.2,0
823,7445,1563,78,0.11,5,3,1,2,2,22,2,5,1130.99,0
2177,1558,3907,94,0.68,4,2,4,1,3,23,0,5,445.07,0
507,9345,1605,71,1.0,8,2,1,1,1,23,0,5,1397.48,0
1652,5075,1633,52,0.67,7,0,1,2,0,21,1,3,2061.98,0
969,6506,4132,56,0.26,3,0,3,2,1,25,1,3,1867.78,0
555,6193,1101,61,0.2,10,2,2,0,1,20,1,2,2030.46,0
2411,3967,2847,32,0.53,4,4,5,2,1,18,3,2,7506.64,1
31,3417,417,89,0.07,4,2,3,1,0,18,1,3,633.34,0
404,649,4179,46,0.4,7,2,3,1,1,21,2,3,219.52,0
2370,182,689,61,0.67,5,2,3,2,1,21,1,0,3727.43,0
582,5676,4954,36,0.97,5,2,5,1,5,26,1,1,7098.79,1
2395,4364,4975,100,0.43,5,1,4,0,4,10,1,4,1695.92,0
1555,3969,246,98,0.2,2,1,3,0,1,23,3,1,5651.84,1
1881,8718,2784,87,0.82,3,1,4,3,0,22,0,3,3881.74,1
410,8724,3447,69,0.74,4,0,4,3,0,18,0,3,3764.79,0
1676,2896,3367,77,0.86,2,0,1,0,2,19,1,1,4473.75,0
43,2174,2887,80,0.21,2,0,2,1,1,18,0,2,1829.75,0
533,3955,2433,86,0.4,4,1,5,5,1,15,1,2,620.36,0
2308,5245,4724,100,0.98,1,1,2,0,1,19,2,3,70.67,0
2038,7756,3157,66,0.16,1,2,4,0,0,28,6,8,1702.78,1
159,2600,1042,84,0.67,5,1,4,1,1,15,0,2,6748.19,0
867,7764,2864,70,0.24,3,2,5,0,0,20,2,2,729.22,0
2070,4944,2950,49,0.5,3,3,2,1,0,22,1,3,2096.61,0
57,4086,3711,62,0.8,5,2,1,1,0,18,1,4,425.68,0
2143,5195,4080,69,0.49,4,0,2,4,2,19,0,2,93.1,0
1282,1103,3142,63,0.81,3,0,3,2,0,20,1,5,584.31,0
290,3890,3470,91,0.43,0,1,2,2,0,25,0,1,3151.5,0
2076,6569,4952,48,1.0,7,1,4,1,1,28,2,8,6371.87,1
1502,2795,1933,72,0.44,6,2,5,3,1,20,0,2,519.57,0
1477,6075,643,98,0.15,5,1,3,4,0,21,0,1,1103.9,0
489,6549,4113,92,0.4,5,1,4,1,1,23,1,3,317.96,0
330,1584,1402,39,0.74,4,0,2,1,1,19,0,7,3286.1,0
2364,5686,3456,42,0.85,7,0,5,1,0,18,1,3,1311.17,1
659,8070,3108,34,0.46,8,0,3,0,0,21,0,4,3236.02,0
299,4000,4954,87,0.59,3,3,2,3,1,18,2,2,2637.02,0
2023,5220,71,88,0.84,4,3,3,2,2,19,0,1,1066.31,0
1658,4855,2479,88,0.81,6,1,1,4,3,15,1,2,673.22,0
1831,9295,1827,44,0.66,4,1,1,3,1,22,0,2,110.39,0
891,1199,642,30,0.82,5,2,5,1,2,18,0,2,5851.49,1
1310,2699,4897,67,0.58,6,1,1,1,0,21,1,2,355.02,0
2210,4105,2608,82,0.0,2,0,4,2,0,20,2,1,189.9,0
1829,1885,3461,81,0.04,11,1,2,2,1,17,1,1,2437.31,0
1736,7778,1310,30,0.98,5,1,3,0,1,21,0,2,2062.64,0
2390,3416,2663,40,0.14,5,0,3,1,1,17,2,1,1913.14,0
605,9989,1464,87,0.4,5,0,1,2,1,35,2,2,5268.75,0
2033,3942,1148,69,0.93,3,0,3,0,1,13,0,5,5026.83,0
1337,9809,3202,89,0.2,4,0,3,4,1,16,2,5,2556.52,0
1986,8250,4630,73,0.84,8,1,2,1,5,17,1,3,843.22,1
2050,5418,2220,35,0.82,6,2,5,1,2,25,1,6,151.82,1
2242,3871,4892,57,0.99,6,2,3,3,1,24,0,4,3200.07,0
2382,7416,3769,60,0.28,7,4,1,1,0,20,0,3,1246.04,0
1685,2843,3039,37,0.32,5,2,1,2,0,25,3,4,2537.24,0
1609,5295,1370,34,0.9,8,0,5,1,0,20,2,2,789.95,1
1877,9599,2436,83,0.23,5,1,3,0,0,23,0,3,111.24,0
2233,7655,4278,46,0.55,2,0,3,1,1,14,1,7,789.57,0
1420,9033,73,67,0.71,1,0,3,1,1,26,1,2,164.84,0
1772,4787,1355,38,0.27,6,0,5,0,2,12,2,7,1986.13,0
1955,2745,984,43,0.94,8,2,1,2,0,17,0,4,1203.82,0
649,8283,4171,55,0.67,6,0,3,0,0,22,2,2,2854.52,0
1304,8288,3638,91,0.05,4,0,3,2,1,23,0,4,909.53,0
986,6378,1632,54,0.14,6,1,4,1,0,18,0,4,2617.66,0
1969,831,467,65,0.19,4,2,2,0,0,22,3,3,741.54,0
2411,7535,3340,62,0.24,2,0,5,2,0,22,0,3,1017.26,0
998,172,1750,32,0.73,2,2,2,1,2,27,2,4,868.39,0
1346,7787,3036,40,0.09,2,0,5,1,2,24,0,4,362.23,0
1073,1942,1964,87,0.35,7,1,2,2,2,16,0,3,903.86,0
311,3545,289,93,0.91,4,0,4,2,1,17,0,4,1637.93,1
2196,5966,2401,47,0.56,6,1,2,0,0,14,0,1,474.31,0
1088,3456,1050,76,0.27,5,0,3,2,0,23,0,2,2163.76,0
227,2800,971,73,0.96,4,1,2,4,1,25,2,2,264.42,0
1112,2717,3855,88,0.24,2,0,2,2,2,8,0,2,1168.44,0
1214,7969,1227,79,0.91,6,0,1,0,0,15,2,2,257.08,0
1038,3943,3230,98,0.73,5,2,5,0,1,27,0,5,1904.61,0
1259,3395,384,58,0.74,3,0,2,0,1,7,2,1,1292.4,0
1065,6646,4140,96,0.76,5,2,3,4,1,21,1,8,3383.16,0
519,932,1402,31,0.51,1,0,3,0,1,21,1,2,1082.42,0
305,8099,2086,54,0.81,4,0,5,3,2,17,2,4,1540.26,1
2319,9784,784,48,0.84,6,0,4,4,1,14,0,4,2281.35,1
1269,574,4326,69,0.36,1,1,5,3,0,12,3,1,33.89,1
1304,3268,3434,31,0.4,5,0,3,0,0,24,3,5,5216.39,1
155,2510,2133,94,0.89,4,1,4,2,1,21,2,3,1559.54,1
246,4576,4599,91,0.52,7,1,4,1,0,27,0,3,7036.72,0
1238,9189,3603,83,0.87,8,0,1,0,2,18,1,2,263.63,0
1276,6891,289,74,0.63,3,1,2,0,1,21,1,5,883.47,0
948,3646,4851,78,0.59,4,0,1,2,2,15,0,4,232.61,0
1347,6040,2821,98,0.03,8,0,2,1,1,17,0,2,973.28,0
2228,233,2352,67,0.28,1,0,1,0,1,23,0,3,186.56,0
2461,6307,1484,33,0.5,5,2,4,1,0,22,0,5,387.74,0
1691,360,1867,46,0.59,9,2,2,4,3,22,2,4,239.38,0
337,7324,2899,82,0.63,5,1,3,1,2,26,0,2,1739.75,0
1389,1938,1069,82,0.72,3,1,4,1,1,19,1,1,1792.91,0
1999,7753,1932,60,0.66,3,0,5,0,0,19,1,0,2544.33,0
921,8550,3809,51,0.85,4,1,4,3,1,26,0,5,2432.01,0
404,4742,4602,40,0.3,3,0,3,1,2,19,1,2,2683.94,0
2063,1027,2483,63,0.64,4,0,1,2,0,22,1,2,4914.01,0
1394,2236,4149,44,0.05,9,1,2,4,1,24,3,4,374.06,0
158,7216,1861,39,0.48,7,0,1,1,1,16,0,0,3794.46,0
1044,7180,3551,82,0.27,5,2,1,0,0,23,0,5,4027.81,0
1829,6217,4559,77,0.38,5,0,2,2,1,21,0,3,1209.84,0
1411,2429,604,60,0.35,2,0,1,4,0,12,2,3,248.33,0
546,6250,516,66,0.06,7,2,3,2,0,23,1,1,118.08,0
1548,1903,4899,57,0.47,3,0,5,0,2,20,0,2,2042.76,0
115,5332,30,60,0.99,5,1,2,2,0,15,0,5,1394.71,0
1228,7728,1409,99,0.3,2,2,1,1,3,22,1,1,2959.08,0
2388,6888,3211,43,0.74,2,1,2,2,2,28,1,3,3523.9,0
1172,1135,2471,45,0.55,4,0,1,2,1,19,0,4,174.21,0
2023,3127,3688,54,0.33,4,2,3,2,1,29,1,4,773.2,0
2191,4171,346,68,0.09,8,2,4,3,2,18,1,1,1107.08,0
332,4052,1677,95,0.22,9,1,5,1,0,26,1,3,1227.29,0
617,4443,3586,67,0.78,10,1,5,1,2,17,1,1,49.73,0
1016,8648,919,70,0.28,8,1,2,2,1,27,0,3,1042.85,0
1893,2668,285,69,0.14,10,1,5,1,0,21,3,3,886.81,0
374,3493,901,93,0.33,2,1,1,2,0,18,0,5,102.22,0
843,2954,22,45,0.58,7,2,3,0,2,22,0,3,492.69,0
2017,7220,4067,88,0.7,6,0,3,2,2,25,0,3,2249.98,0
1340,7663,3035,40,0.39,6,2,2,1,1,20,0,2,815.43,0
2029,8797,983,30,0.5,6,1,1,1,3,12,1,5,3235.65,0
1707,1996,4280,42,0.45,5,1,5,2,1,21,1,3,506.56,0
1357,1084,3980,59,0.01,4,1,1,3,0,20,1,3,1414.06,0
1122,4315,1418,98,0.4,4,2,5,1,2,23,1,0,3402.15,0
2438,3017,1953,47,0.59,4,3,1,3,0,13,0,3,1323.26,0
1039,979,2298,42,0.57,3,0,5,2,2,14,1,3,14558.66,1
733,8782,556,61,0.75,6,2,5,1,2,14,0,3,1537.28,0
604,2834,1228,100,0.67,4,2,3,3,1,14,1,3,446.78,0
1638,1221,1430,79,0.28,8,1,4,2,3,22,1,3,2680.43,0
1142,239,1464,100,0.26,4,1,4,3,1,27,1,5,1847.67,0
717,4294,3387,60,0.46,5,0,2,2,0,21,0,3,1956.06,0
518,3195,2782,80,0.73,6,2,4,1,0,16,3,7,869.7,0
1377,511,4108,56,0.09,4,1,2,2,0,18,0,2,613.12,0
523,58,2748,89,0.95,5,2,3,2,1,18,0,3,484.07,0
1697,3576,3757,62,0.54,1,2,2,5,0,18,3,2,160.29,0
1667,3065,1852,82,0.31,2,0,4,2,0,28,1,2,821.52,0
48,8890,756,62,0.69,4,1,5,5,1,17,2,1,162.36,0
2474,396,2826,70,0.04,3,1,2,1,4,24,1,5,1138.21,0
1030,979,881,48,0.48,2,1,4,2,1,22,2,2,461.04,0
880,9207,504,70,0.49,5,3,4,3,0,27,2,1,2804.86,0
1418,5830,3454,71,0.16,7,0,5,2,2,20,0,4,907.52,0
1384,3062,4733,52,0.84,5,1,1,3,2,16,2,4,1648.02,0
1397,7407,1085,62,0.8,2,2,4,1,1,26,0,3,2987.72,0
851,2312,4004,49,0.15,8,0,3,4,2,28,0,1,793.94,0
484,2293,4247,54,0.36,4,5,5,0,0,14,1,6,684.99,0
1654,9809,55,81,0.1,3,2,1,5,1,27,3,6,220.07,0
740,4376,3066,41,0.85,3,1,5,1,1,19,3,1,38.39,1
2220,132,2067,61,0.32,8,1,2,2,1,11,1,2,1583.2,0
946,6809,673,62,0.44,5,2,4,2,0,22,2,2,1666.0,0
1526,9482,4678,97,0.32,3,0,4,1,1,15,2,1,964.44,0
1470,3737,2039,44,0.31,10,2,5,3,2,17,0,3,772.98,0
334,8460,2706,80,0.75,4,0,2,2,1,21,1,2,7193.4,0
765,9149,649,35,0.75,3,0,5,0,2,20,2,2,152.99,0
2368,4968,2673,98,0.52,6,3,3,3,0,19,1,4,431.4,0
1993,534,2755,98,0.66,2,1,4,2,2,15,4,2,2811.09,0
2179,9089,4974,64,0.51,7,3,4,2,2,14,4,3,475.49,1
2039,8409,4958,63,0.03,2,1,3,1,2,21,1,3,2487.94,0
991,158,4412,92,0.07,7,2,1,3,1,15,0,3,5560.01,0
1056,8011,2605,97,0.38,5,2,4,0,0,24,1,0,2572.65,0
2162,447,3437,47,0.75,9,3,5,2,0,22,1,3,3261.13,0
2405,3759,404,55,0.91,3,1,1,3,2,24,1,2,3100.27,0
1503,8196,3607,90,0.03,4,2,1,3,0,20,1,3,1034.41,0
1977,4463,4854,77,0.37,5,2,5,4,0,17,0,1,344.05,0
1207,5346,2342,60,0.22,4,1,3,2,0,29,1,2,466.02,0
694,4561,339,63,0.82,7,2,1,2,2,33,0,4,5440.31,0
41,2833,2107,36,0.85,7,0,4,5,0,17,0,1,167.12,1
1186,5738,782,36,0.21,3,3,2,3,1,20,0,2,939.5,0
333,8687,1655,76,0.71,5,2,1,2,2,19,2,3,1963.71,0
1793,8401,1742,37,0.73,7,0,3,1,0,17,1,3,382.35,0
72,1992,4483,30,0.18,8,1,5,0,2,29,1,3,297.26,0
973,7006,1797,32,0.43,3,3,4,4,2,21,0,3,1928.0,0
2420,9673,1633,82,0.62,3,2,2,3,3,18,1,3,4116.35,0
1379,2321,1009,67,0.03,8,2,1,1,1,18,3,4,5055.26,1
2441,7235,1858,80,0.4,2,1,3,1,2,18,0,1,2308.11,0
920,9723,1571,44,0.15,5,3,2,2,1,20,4,0,2511.6,1
1034,614,783,96,0.54,5,1,2,4,3,25,0,1,5570.57,0
50,8185,1813,93,0.84,3,0,4,1,4,14,0,5,984.58,1
436,5795,1108,97,0.52,7,1,4,0,1,22,1,3,7344.25,1
1044,9619,2060,34,0.04,4,0,1,2,3,20,1,1,728.7,0
365,4607,1608,39,0.03,4,2,1,1,2,31,0,2,903.36,0
1868,7769,757,37,0.61,4,0,2,3,0,21,0,7,2857.87,0
1177,7542,3983,41,0.33,5,3,3,2,0,17,1,3,2509.55,0
2476,8750,2332,93,0.57,7,0,2,2,1,18,1,1,925.49,0
1857,848,1563,88,0.16,2,4,3,1,0,20,1,1,98.23,0
744,3825,1625,96,0.78,5,0,4,3,2,18,0,2,2012.35,0
80,857,3764,79,0.86,7,0,3,1,1,22,1,1,1847.35,0
353,4719,4434,52,0.89,5,0,3,3,2,8,1,7,4302.51,0
818,4517,2312,69,0.3,0,2,4,3,2,15,2,0,710.01,0
170,6585,4231,47,0.66,4,1,5,2,2,21,1,2,4858.63,0
499,4783,4872,50,0.28,0,0,2,0,0,24,2,3,1701.04,0
816,4478,3665,30,0.76,3,2,1,3,0,11,1,6,488.44,0
1855,5202,3405,67,0.12,9,0,3,5,0,25,0,1,997.28,0
1387,3330,226,70,0.76,3,2,1,3,1,33,0,0,449.34,0
1946,4708,3326,71,0.44,5,0,1,2,1,15,1,3,1236.29,0
993,4321,1369,38,0.86,5,2,2,3,0,17,0,3,1279.72,1
402,3683,3784,52,0.74,6,0,5,4,1,17,1,2,3147.7,0
1722,1574,4937,40,0.38,2,0,5,1,3,18,0,0,2716.33,0
1209,1850,4287,100,0.9,6,1,5,2,1,19,2,1,1744.22,0
2368,6068,4439,60,0.28,5,0,5,1,2,16,1,1,1583.18,0
1701,7141,4616,55,0.97,5,2,4,3,1,16,2,2,2342.36,1
135,736,4488,59,0.77,4,1,1,2,0,23,0,4,320.7,0
1473,9446,1906,63,0.99,5,0,1,2,0,16,5,5,1763.28,0
1711,6707,4437,75,0.05,2,1,4,0,2,17,1,5,4823.68,0
31,9267,909,98,0.27,4,0,2,3,1,15,2,3,730.04,0
2167,292,651,34,0.74,1,0,3,2,1,20,1,2,47.62,0
379,1091,4739,90,0.92,5,1,5,1,0,16,0,4,8.98,0
1316,3895,3637,67,0.03,6,0,5,1,0,17,0,1,66.24,0
1092,2891,205,57,0.0,3,1,4,3,0,17,1,4,2743.08,0
2236,2980,1903,55,0.26,3,0,5,0,1,16,1,6,4014.85,0
2389,9354,3285,90,0.85,3,1,4,1,0,15,3,3,7.3,1
474,6995,4060,52,0.77,7,2,3,5,0,28,1,2,2366.49,0
2375,957,4563,75,0.34,10,0,1,3,1,26,0,3,718.08,0
981,4770,4935,59,0.0,10,2,5,3,2,23,0,3,989.35,0
65,9919,2314,96,0.55,11,0,2,3,0,24,1,1,5118.11,0
1137,76,3610,62,0.24,4,0,4,2,0,18,0,3,2323.27,0
1505,8838,3353,32,0.75,5,0,3,2,1,17,1,3,1532.08,0
1828,8515,2066,98,0.45,5,1,2,2,2,12,1,0,1334.52,0
1875,574,2818,71,0.68,2,1,1,2,1,21,0,4,1646.85,0
1438,9803,1234,91,0.85,6,0,2,1,1,14,2,2,530.68,0
1225,9027,896,87,0.54,6,1,4,1,3,17,1,2,2305.35,0
1429,3680,402,86,0.34,7,3,5,1,1,19,0,2,253.45,0
1738,9227,1685,30,0.77,8,0,1,3,0,18,1,6,3178.17,0
1415,2261,3200,89,0.27,5,2,4,1,0,12,2,2,566.47,0
2218,814,2456,98,0.89,6,2,3,3,1,18,0,1,0.0,0
1330,4641,3915,88,0.07,5,1,2,1,1,26,0,3,2721.55,0
1273,9593,3348,75,0.84,3,1,2,1,1,18,1,1,3548.03,0
550,1245,3601,63,0.09,3,0,1,4,0,19,1,3,2828.83,0
1836,6730,3776,54,0.06,2,2,1,6,0,20,1,3,683.12,0
39,6916,2537,71,0.36,3,1,3,2,0,22,0,4,353.29,0
1013,6026,2191,58,0.96,4,2,3,3,2,21,1,3,34.91,0
2455,3559,3774,54,0.98,12,1,1,2,0,25,0,2,164.58,0
1686,7948,364,83,0.2,7,0,4,1,0,16,0,4,967.44,0
1690,4151,2641,96,0.15,8,1,4,1,1,24,1,6,669.52,0
2229,6976,1531,44,0.35,3,2,1,1,0,13,3,3,5104.76,1
749,9556,2682,33,0.34,6,2,2,3,1,26,0,4,517.36,0
1102,5345,3188,67,0.76,6,0,5,2,1,17,1,5,1472.97,0
888,5087,2347,49,0.44,6,0,3,3,1,26,1,2,6349.28,0
1346,5621,638,52,0.78,3,0,4,4,0,19,0,3,1139.54,0
1633,8099,2689,66,0.75,5,1,5,4,1,23,2,3,4614.74,0
79,2902,4432,91,0.58,6,0,2,1,1,14,2,2,3013.1,0
175,5587,1448,37,0.83,4,3,3,2,0,23,2,1,824.41,1
944,3628,1431,66,0.2,6,0,4,1,3,18,1,6,2253.03,0
1492,1569,1136,74,0.16,5,1,4,1,1,21,0,2,697.1,0
2319,6693,2693,62,0.75,8,2,2,1,2,22,0,4,737.93,0
610,1517,1790,36,0.24,7,1,2,2,1,11,5,4,2338.33,0
1614,2073,1541,51,0.0,4,2,4,1,1,18,0,3,1564.28,0
512,3652,1924,34,0.91,5,3,4,2,0,20,1,2,14.44,1
1279,2010,1242,44,0.62,3,2,5,1,1,18,1,3,3433.89,0
702,1304,1966,50,0.44,5,2,2,3,1,24,2,2,214.9,0
660,4075,402,46,0.73,10,0,2,2,2,17,1,4,2028.95,0
691,8024,835,85,0.33,4,2,5,2,0,22,2,5,2019.16,0
2496,9955,2973,79,0.95,6,0,2,1,2,21,0,3,603.5,0
1017,1613,2405,36,0.07,5,0,1,0,1,24,0,4,11.56,0
1576,1332,4155,79,0.64,4,0,3,0,1,17,1,2,2358.97,0
679,5966,4905,89,0.78,1,2,1,2,0,15,0,4,9305.02,0
998,2451,1802,36,0.47,8,1,2,3,1,15,0,2,1609.5,0
1130,1108,3074,69,0.75,5,3,5,0,0,21,0,2,4528.97,0
470,5083,1373,74,0.93,3,1,4,1,1,21,1,7,3085.24,1
950,9707,2358,88,0.74,4,0,2,3,0,13,1,3,1229.52,0
799,9328,3561,84,0.31,3,0,4,0,1,18,0,3,1566.23,0
1373,8498,3638,93,0.56,6,0,3,1,3,23,0,2,2281.34,0
1856,3797,3346,94,0.91,7,0,1,1,1,23,1,5,2882.44,0
292,2106,1575,83,0.45,6,2,3,2,1,17,0,2,444.02,0
1607,2218,3677,69,0.68,4,0,4,3,0,25,0,3,901.06,0
1028,5998,2223,82,0.47,1,0,3,2,0,12,3,4,2328.24,0
729,185,4106,73,0.12,5,2,4,2,1,22,1,3,1117.14,0
2379,7179,1029,92,0.06,4,1,1,0,1,13,2,1,1595.32,0
1633,6024,1294,31,0.95,4,0,4,0,2,18,0,3,2590.33,1
1271,1677,72,50,0.61,9,0,1,3,0,13,0,4,150.19,0
1155,8877,2540,79,0.1,4,0,2,5,1,18,2,4,5980.45,1
2365,1833,3402,81,0.86,2,0,4,2,0,24,2,4,2926.0,1
1220,5157,3282,38,0.52,2,1,3,3,0,14,2,1,769.9,0
1035,1366,2279,49,0.77,5,0,5,2,2,26,1,3,5412.01,1
65,3082,4257,47,0.13,4,0,3,2,0,19,1,4,705.14,0
773,3269,653,59,0.91,5,0,5,5,1,13,1,1,9579.6,1
1794,6209,4731,94,0.59,4,1,3,0,0,12,5,2,1288.3,0
382,556,226,53,0.74,6,0,4,3,0,24,0,3,1218.66,0
1952,5241,205,76,0.03,6,0,2,0,0,22,1,3,1711.44,0
102,7975,3874,73,0.32,7,0,4,1,1,19,1,4,5472.73,0
1406,2093,3283,58,0.27,11,1,1,5,0,23,0,4,8172.62,1
1944,2050,2704,97,0.95,3,0,2,0,1,19,2,4,501.87,0
1123,4544,3222,46,0.19,7,6,4,1,4,15,0,2,522.27,1
737,1762,2765,34,0.71,6,4,2,1,0,18,2,5,1029.38,0
1834,9817,1531,79,0.04,2,0,1,4,3,16,0,2,3527.69,0
985,1859,1090,69,0.2,2,1,5,6,1,28,0,1,1993.89,1
189,2652,731,75,0.34,8,3,2,3,0,25,0,1,303.78,0
2226,1610,1572,80,0.79,3,0,2,2,1,32,0,7,1482.46,0
1765,4412,649,40,0.79,6,1,1,3,1,18,1,4,3628.14,0
1615,3809,4270,41,0.95,5,0,4,1,3,28,1,2,50.56,1
96,628,4320,42,0.92,7,0,5,2,2,17,3,2,1129.53,1
2458,1142,3797,93,0.08,3,2,2,5,1,22,1,4,250.4,0
87,5501,3746,37,0.83,5,1,2,0,1,14,0,3,1277.68,0
371,5805,99,94,0.45,0,2,2,3,0,14,3,2,72.88,0
1183,7643,2931,38,0.87,4,1,2,4,0,23,1,2,1509.16,1
1225,1497,1261,31,0.09,3,1,1,1,0,10,1,8,5717.88,0
1262,7858,1112,42,0.82,6,1,2,3,2,31,0,2,847.25,0
2431,5019,4713,31,0.16,8,2,5,2,2,19,1,0,735.61,0
1524,9759,358,97,0.33,3,2,1,1,1,20,0,2,3423.29,0
1851,2123,3923,77,0.03,2,1,2,5,0,22,0,3,456.66,0
145,1054,4062,32,0.12,3,1,5,1,0,19,1,2,937.93,0
691,2441,2951,97,0.45,4,1,3,1,2,12,0,4,6474.12,0
1495,7989,255,35,0.82,3,1,3,2,1,26,1,1,2131.95,1
1898,1592,281,34,0.77,3,0,5,0,0,13,2,1,2270.73,0
2364,1318,2040,32,0.24,4,2,2,2,1,28,2,3,1677.47,0
1046,4927,4508,39,0.15,5,1,2,2,0,19,0,5,158.54,0
340,8803,3197,72,0.39,5,2,1,3,2,26,2,4,2311.71,0
237,1630,3516,48,0.88,8,1,2,3,1,19,0,4,3286.78,0
662,7513,1475,43,0.09,6,2,1,1,1,27,2,2,2603.15,0
2132,4776,1205,50,0.54,4,1,2,4,1,20,2,1,241.67,0
686,5372,3097,72,0.09,5,1,4,1,1,27,5,2,1514.25,1
1453,5202,3018,57,0.47,8,3,4,2,0,16,1,6,306.16,1
1961,6632,3833,50,0.13,4,1,5,1,1,15,0,3,2617.17,0
1709,6103,1624,65,0.08,2,1,4,0,1,22,1,6,7291.63,0
266,6714,1136,53,0.19,6,2,3,4,1,23,0,3,1393.4,0
377,110,4389,83,0.26,3,1,3,1,1,20,0,5,343.36,0
659,6667,526,67,0.28,5,2,1,4,0,19,2,5,953.75,0
1570,5885,2675,46,0.65,4,0,3,2,1,10,2,2,1312.52,0
2033,4281,1311,51,0.05,4,3,2,4,1,19,2,1,1582.82,0
1301,247,621,74,0.08,7,0,1,3,0,20,2,2,1220.48,0
393,7236,759,90,0.19,2,0,4,1,0,22,0,2,466.85,0
2398,8042,1866,40,0.87,8,2,4,2,1,19,0,2,1375.95,1
315,5228,409,90,0.63,6,1,3,0,0,22,0,3,10171.14,0
178,4035,1536,67,0.73,8,0,3,2,1,27,0,3,4269.12,0
1137,6083,2034,95,0.37,4,0,2,1,4,25,0,3,2885.33,0
2483,2552,329,62,0.21,7,1,4,3,0,22,1,1,3756.01,0
485,1547,345,72,0.04,5,1,3,1,1,19,0,6,932.46,0
1796,764,2108,60,0.49,5,3,4,2,2,19,2,4,539.28,1
829,7406,183,64,0.57,9,1,4,0,0,19,0,5,465.07,0
1214,7833,4029,66,0.9,4,2,3,0,0,15,0,6,338.72,0
1042,5517,1651,76,0.88,1,0,4,1,1,26,2,5,1023.68,1
1553,4245,510,52,0.42,5,0,3,0,1,17,0,1,3467.84,0
510,550,3656,65,0.42,5,0,5,1,2,21,0,5,2503.82,0
1716,5520,2373,69,0.16,5,1,3,3,1,21,0,4,4753.84,0
2191,8471,1866,44,0.26,7,2,4,2,0,23,1,4,594.11,0
1631,7936,3162,66,0.93,8,0,5,0,0,18,1,5,4010.93,1
2438,5141,1906,33,0.14,7,1,4,3,0,25,0,4,2037.04,0
370,8707,1728,51,0.97,9,3,4,0,1,21,1,5,1390.58,1
2040,1139,1788,51,0.5,4,1,5,3,1,20,3,7,2469.72,0
1896,3155,4802,46,0.46,6,2,2,2,2,17,2,3,1711.58,0
864,8563,3067,67,0.17,7,0,5,2,1,17,0,4,3464.78,0
1233,3730,4837,53,0.66,4,2,4,0,1,23,1,1,417.57,0
1755,9658,2723,35,0.46,7,2,4,3,0,22,1,2,1092.76,0
1719,4077,3838,97,0.37,5,0,2,0,2,19,1,5,2586.84,0
340,4205,4757,35,0.26,5,3,5,1,2,21,1,1,2654.93,1
291,9883,1104,55,0.07,3,1,3,1,2,15,1,2,636.8,0
1472,9254,55,70,0.52,5,0,4,0,1,17,4,1,1163.21,0
435,7291,1455,67,0.31,4,3,5,2,0,21,0,1,576.99,1
2220,2519,2206,72,0.71,1,4,1,2,0,17,4,4,2071.3,1
371,5026,3211,82,0.72,8,0,4,5,0,28,2,2,7447.26,1
1369,6543,465,44,0.33,8,3,3,1,0,18,1,4,1354.57,0
273,4737,1672,85,0.67,3,2,4,2,0,18,1,1,1543.56,0
519,691,2934,85,0.26,4,0,5,1,1,22,1,3,1817.67,0
41,3942,975,60,0.73,6,0,2,2,2,21,3,0,5675.48,1
590,5570,4974,86,0.02,5,0,1,0,1,29,1,5,4542.09,0
71,4026,1538,80,0.15,5,0,3,1,1,17,1,4,1716.27,0
623,7349,2986,53,0.25,6,0,4,2,2,18,0,1,1018.33,0
1482,729,3081,87,0.77,3,1,3,0,1,17,0,2,2039.39,0
1856,84,4879,33,0.07,9,1,2,3,2,15,2,3,415.72,0
1723,9495,2531,39,0.19,5,0,1,2,1,15,1,2,2891.61,0
163,4167,1136,92,0.36,5,2,3,0,1,29,1,3,445.53,0
977,8521,3414,44,0.01,3,1,5,4,0,22,0,6,1950.13,0
102,2159,4502,92,0.76,2,1,5,1,0,28,1,9,560.3,0
428,9654,2353,48,0.56,2,0,3,4,1,20,1,6,6603.63,0
1458,9757,116,92,0.9,7,1,1,1,0,14,0,3,1990.55,0
159,6723,2587,85,0.03,5,1,4,7,2,14,1,2,4994.99,1
1841,4217,3164,50,0.27,9,0,5,1,2,22,0,5,3964.62,0
2031,7151,4393,63,0.73,3,2,4,4,0,19,2,4,2378.92,0
295,8662,4063,46,0.68,7,0,4,1,0,19,1,3,1818.28,0
1590,9088,4811,47,0.24,7,0,3,0,0,17,2,0,4919.09,0
2015,3946,224,95,0.6,6,2,5,2,1,13,1,4,1453.34,0
822,9317,4449,80,0.79,5,0,3,0,0,18,1,7,3296.0,0
2330,1085,4299,94,0.03,9,1,2,3,0,17,2,4,309.62,0
1342,3886,4263,72,0.72,5,1,4,1,2,20,0,2,1424.34,0
193,4625,474,86,0.25,5,2,1,1,1,20,1,3,1237.24,0
124,7275,2382,39,0.95,3,1,4,2,2,12,4,1,1008.34,1
1835,6389,601,66,0.54,5,0,1,2,0,15,3,4,469.68,0
1163,9128,2198,77,0.03,4,0,3,3,0,18,1,3,349.57,0
2413,4662,893,98,0.4,5,1,5,4,3,23,0,4,4372.28,0
851,6802,4168,85,0.97,2,0,4,0,0,25,1,3,1515.73,1
267,9257,313,65,0.73,6,0,2,2,2,23,1,3,8267.82,0
2458,7466,4501,60,0.3,4,0,4,2,1,19,0,6,163.58,0
1990,4684,343,84,0.58,2,2,1,0,0,22,2,2,3222.13,0
1078,551,2843,67,0.6,4,1,1,3,1,21,3,2,187.58,0
1706,2171,4516,44,0.02,2,1,1,1,1,22,0,1,132.55,0
993,2261,2341,45,0.18,5,0,5,2,2,20,2,6,740.59,0
566,9254,4571,82,0.55,4,0,2,1,1,19,3,2,4939.2,0
1633,4579,89,85,0.4,3,2,2,2,0,14,1,2,5728.57,0
2009,2754,3773,36,0.19,4,2,1,3,0,14,0,7,589.86,0
157,6051,2841,86,0.77,6,0,2,0,1,18,0,2,1632.44,0
121,4685,1987,84,0.49,5,2,2,1,1,20,1,2,216.07,0
572,1570,742,81,0.31,4,1,3,6,1,24,2,4,4520.57,0
875,1174,3986,33,0.16,4,0,2,1,2,20,0,5,198.82,0
1711,5429,1827,72,0.61,6,0,1,3,1,19,0,2,345.81,0
1881,2732,1394,69,0.67,4,1,5,1,4,19,1,4,647.48,0
419,480,2134,59,0.67,4,1,3,0,0,20,1,4,570.89,0
1914,9618,1208,39,0.22,5,3,2,2,1,20,1,3,1113.86,0
72,1478,2302,36,0.6,8,0,3,3,1,21,0,1,246.93,0
283,7935,4227,65,0.91,5,2,4,0,2,13,2,3,753.54,1
1113,818,194,64,0.35,7,0,3,0,0,23,0,4,2902.4,0
2364,8373,4137,68,0.21,8,2,3,2,0,23,2,5,1013.88,0
1570,6729,1007,65,0.77,4,2,3,4,0,17,0,2,3797.13,0
1983,5083,1996,49,0.18,3,0,2,4,1,14,0,2,682.18,0
2422,8022,2819,78,0.25,3,1,3,1,2,22,0,1,1197.11,0
671,1655,4674,88,0.1,5,0,5,1,0,27,0,4,998.57,0
2459,8259,2367,78,0.27,2,0,2,1,1,23,0,3,1582.76,0
719,1139,1689,55,0.41,6,2,1,3,2,15,1,1,7513.05,0
1306,1363,4935,65,0.06,7,1,4,3,0,25,1,3,228.63,0
1980,777,3049,72,0.87,7,3,1,0,0,21,3,5,10663.44,1
1109,3905,4896,72,0.51,2,0,2,1,4,20,1,5,470.23,0
1516,8884,2521,62,0.59,5,1,1,2,0,15,2,6,386.27,0
486,3464,3537,74,0.37,6,3,4,1,0,29,1,2,2386.56,1
1012,7339,3036,74,0.67,5,0,3,3,1,25,0,4,3093.69,0
2160,1800,2755,44,0.43,3,0,1,3,2,21,2,2,1048.8,0
1152,9679,4183,46,0.76,4,0,2,5,1,17,4,3,2687.17,0
178,895,2591,41,0.82,4,0,5,2,0,15,1,4,1110.79,1
1382,7744,4213,51,0.67,3,0,4,0,0,15,0,2,2543.82,0
1209,3916,2821,52,0.49,7,1,1,2,2,27,1,1,3324.93,0
219,4502,4100,41,0.78,5,2,5,1,1,22,1,0,2339.42,0
912,9740,379,97,0.49,7,1,4,3,3,16,1,4,907.98,0
2340,2083,3753,80,0.11,5,1,1,2,2,17,2,6,154.31,0
429,322,2014,42,0.12,2,1,2,1,2,26,0,7,1017.73,0
638,6279,1713,86,0.95,4,2,5,2,2,26,1,6,739.29,1
1825,5327,3334,84,0.21,4,3,5,1,0,8,0,4,3430.1,0
1668,820,450,57,0.82,2,0,1,2,0,16,1,0,3621.04,0
1605,6851,3267,73,0.25,6,1,1,1,2,16,0,0,738.88,0
2178,2042,2916,48,0.43,4,1,2,3,0,17,1,2,1388.72,0
1412,9709,236,75,0.65,6,0,2,1,0,17,0,1,894.59,0
1433,7139,2411,32,0.16,4,1,3,4,0,28,0,3,6965.13,0
849,2715,4728,49,0.74,2,2,1,1,1,25,0,5,1858.25,0
849,8798,1034,54,0.69,4,3,2,4,2,24,5,7,4011.35,1
449,2157,3501,85,0.54,1,1,1,1,0,36,2,4,1547.92,0
153,625,4266,90,0.57,9,0,2,0,1,22,1,2,528.15,0
451,957,880,84,0.11,2,2,4,1,2,18,3,1,805.16,1
1538,5687,3209,64,0.44,5,0,2,2,2,28,2,6,1567.43,0
1627,4661,1755,88,0.09,6,1,2,1,0,20,1,8,1147.91,0
797,7876,453,68,0.31,5,0,4,3,0,16,1,1,3349.73,0
2074,2023,4568,86,0.9,4,0,4,2,1,15,1,1,178.38,1
2232,3707,482,96,0.57,3,0,3,1,4,21,0,0,555.23,0
2169,500,89,63,0.74,7,2,2,1,1,21,1,3,5805.69,0
1579,4360,249,70,0.57,2,0,4,0,1,17,3,2,2074.92,0
1794,2438,4662,51,0.19,0,0,3,3,0,19,1,4,3212.83,0
2074,4997,599,56,0.59,5,0,3,3,3,21,0,4,10334.68,0
539,8743,1370,50,0.76,4,2,1,2,1,24,2,3,2609.23,0
1236,9489,1894,70,0.14,3,0,4,6,2,18,2,1,37.57,0
415,9835,2326,60,0.82,3,0,5,3,1,18,1,3,638.74,1
1627,4930,4440,56,0.56,7,1,4,1,0,25,0,2,2376.8,0
2482,2936,321,66,0.0,6,0,4,3,2,29,0,3,4012.78,0
2323,9554,1086,95,0.52,5,1,3,5,1,13,2,4,5726.29,0
771,7292,43,83,0.4,4,0,4,3,0,22,2,3,118.15,0
1941,4386,1851,38,0.3,4,1,4,2,3,23,0,4,106.19,0
1476,9500,4491,71,0.77,6,2,3,2,0,17,0,4,2023.96,0
930,4878,258,65,0.9,6,4,3,4,2,13,1,4,2191.84,0
2142,6996,1144,39,0.76,3,0,1,1,2,13,0,3,1174.15,0
2290,6872,4899,88,0.85,3,2,1,2,2,26,1,5,5962.79,0
2039,4433,4957,69,0.91,3,3,4,2,1,28,0,3,4349.7,1
271,6880,385,83,0.91,1,0,4,0,0,14,3,3,1067.85,1
2415,8169,733,68,0.11,6,2,2,2,1,17,0,6,1632.57,0
2050,2083,1923,36,0.46,5,0,5,5,1,13,0,3,3429.14,1
202,6180,4307,33,0.0,6,0,2,3,1,15,1,5,1860.56,0
701,711,2502,44,0.51,3,1,2,2,0,19,0,1,435.33,0
193,8123,1952,77,0.92,4,1,4,1,0,19,1,4,670.77,1
494,6835,4014,35,0.2,6,0,3,2,2,26,2,2,582.64,0
526,7877,2354,64,0.64,8,2,3,4,0,16,1,3,1149.33,0
729,4274,1341,100,0.64,5,0,5,2,2,25,1,2,2501.07,0
2472,7978,4598,97,0.16,1,1,3,1,1,23,0,8,1269.41,0
732,8156,347,87,0.24,4,0,4,5,2,20,0,2,5982.76,1
1970,7786,1875,48,0.46,5,0,3,4,0,13,0,1,4555.82,0
2385,8568,3147,91,0.19,5,1,1,2,0,23,0,3,2264.33,0
1821,8729,801,100,0.58,4,2,5,3,0,22,1,2,92.62,0
212,4896,3621,39,0.48,5,0,3,1,3,12,1,4,751.66,0
658,3945,3710,54,0.52,10,0,3,4,2,21,1,3,3469.17,0
1761,4629,1526,73,0.13,3,1,1,1,0,20,1,2,372.92,0
575,5201,3963,87,0.52,4,0,2,5,1,14,1,4,4429.27,0
1617,6885,3918,54,0.05,10,2,4,2,5,27,4,2,2139.62,1
653,7866,2683,69,0.88,2,0,3,0,0,14,1,1,2246.21,0
623,5411,2132,99,0.34,3,0,1,0,0,23,1,4,315.0,0
773,3032,3795,39,0.86,3,1,1,2,1,22,0,2,1946.45,0
1798,5748,68,95,0.7,6,1,2,2,1,15,1,1,3820.81,0
1489,5994,2443,54,0.77,3,2,3,2,0,27,1,4,1169.97,0
1978,1780,2072,100,0.31,5,1,2,1,1,24,2,3,76.67,0
2098,9979,1264,40,0.23,11,0,5,1,1,16,1,2,1444.83,0
2474,8999,3698,65,0.41,6,1,1,3,2,18,0,4,2768.56,0
134,3225,3758,78,0.02,1,3,4,2,0,20,2,4,1206.61,0
2269,6704,4140,77,0.92,7,3,1,1,2,21,0,3,883.24,0
46,2986,4267,36,0.39,3,1,2,1,0,18,0,5,3362.92,0
422,3747,3039,80,0.99,3,0,4,3,0,21,1,4,529.25,1
454,9913,2856,46,0.76,4,2,4,3,1,19,1,2,114.93,0
2206,762,480,61,0.08,5,1,1,0,2,14,3,2,5518.57,1
601,1402,4045,55,0.66,5,1,4,4,1,17,0,2,1438.06,0
2106,6799,2909,51,0.27,6,0,3,3,1,22,1,2,476.51,0
1150,687,1456,42,0.24,7,0,1,2,1,14,0,1,6567.1,0
271,115,4453,41,0.26,4,0,2,1,0,28,4,5,6259.21,1
2309,4763,4799,100,0.92,8,0,5,4,0,24,1,5,3461.72,0
818,1956,922,30,0.5,8,0,2,1,2,25,2,3,2016.96,0
744,5554,4252,62,0.67,8,2,3,2,0,25,3,4,2237.77,0
788,1105,1721,43,0.28,1,2,5,0,3,26,1,2,2906.93,0
805,6995,684,93,0.52,6,1,5,2,2,18,1,2,26.21,0
2277,1792,1449,72,0.35,7,0,2,5,1,31,1,4,1110.38,0
108,4551,2744,87,0.32,0,0,1,1,2,19,1,0,1077.93,0
885,3267,3640,70,0.25,8,1,1,2,0,11,0,2,1498.93,0
1469,6223,695,97,0.41,4,2,5,0,0,29,0,4,711.79,0
2164,4879,1136,68,0.66,6,1,2,0,1,12,1,2,447.08,0
2178,1571,4226,30,0.22,4,2,2,1,1,20,1,7,167.67,0
1061,4016,2476,70,0.97,7,1,1,3,0,16,2,4,433.77,0
874,9877,2407,74,0.12,11,0,3,2,1,25,1,4,2334.75,0
116,9324,4147,42,0.48,8,2,1,3,1,19,5,3,1360.27,0
2120,3991,3448,100,0.09,10,1,1,2,2,20,0,6,5326.6,0
437,9503,4134,38,0.02,4,1,3,0,1,20,2,1,465.29,0
1698,5692,975,92,0.92,4,0,1,2,1,16,3,3,1058.87,0
177,5792,929,52,0.81,5,0,5,0,2,17,1,1,639.12,1
2354,953,4923,83,0.69,7,1,5,3,2,34,1,3,213.92,0
261,4560,2882,76,0.87,3,0,5,2,2,15,0,3,126.53,1
1980,9147,1518,68,0.8,6,0,5,0,2,10,1,5,2669.29,0
395,610,1222,55,0.65,5,1,5,0,0,21,0,4,8282.77,0
1704,6386,881,30,0.85,5,0,2,2,2,21,0,1,1348.13,0
465,9619,4400,43,0.39,4,0,2,2,2,27,0,4,26.17,0
428,1534,3264,94,0.55,3,1,3,6,3,16,2,1,4234.83,0
1264,3776,873,98,0.78,5,0,4,0,1,19,1,2,273.01,0
1444,260,3963,96,0.08,7,0,5,2,1,16,1,0,284.62,0
592,9746,3118,78,0.86,3,2,4,0,0,24,0,4,158.2,0
1314,88,3065,79,0.16,3,1,4,2,2,18,0,3,142.8,0
802,3133,4004,87,0.86,5,0,5,4,2,17,1,2,2546.48,1
2427,9099,2692,82,0.31,2,1,1,2,1,27,1,1,513.83,0
2067,7074,4700,86,0.33,5,1,3,2,1,20,3,5,685.79,0
1373,8427,623,47,0.07,4,1,4,4,0,14,0,1,1158.4,0
2215,1219,1882,45,0.89,2,3,1,4,1,16,2,5,671.53,1
1603,5163,3164,31,0.17,3,2,1,2,0,29,0,1,615.16,0
1021,4908,4570,42,0.63,6,3,5,0,1,16,1,0,591.76,0
2445,2188,3383,74,0.64,8,2,3,2,2,22,0,2,1604.04,0
1276,7620,3201,72,0.28,9,1,5,2,2,12,2,1,842.88,0
389,8905,577,83,0.99,5,0,3,1,1,19,1,1,2460.05,0
950,2554,4143,60,0.06,5,1,5,1,0,24,1,2,986.65,0
2406,5532,254,38,0.61,3,0,3,4,1,23,0,3,949.45,0
992,2380,30,77,0.48,6,0,2,3,1,16,0,3,4291.13,0
1857,3291,403,47,0.25,4,2,1,3,1,22,1,1,804.55,0
1643,4720,3824,40,0.16,4,0,1,2,0,21,2,3,3769.36,0
1670,338,2065,91,0.74,5,3,1,4,2,16,0,3,3183.61,0
2246,5589,3525,48,0.92,2,1,3,2,0,15,2,2,2489.5,0
246,4238,2385,53,0.11,6,1,1,1,0,19,1,5,736.11,0
407,6804,1920,42,0.19,3,1,2,3,1,17,1,1,1490.23,0
148,130,299,75,0.99,7,1,2,2,1,17,0,6,105.52,0
219,6759,2568,82,0.02,2,0,4,1,1,25,0,2,76.31,0
399,974,370,58,0.51,8,2,1,3,2,20,2,1,328.14,0
1831,4234,1632,65,0.52,7,0,5,3,1,28,0,3,1335.56,0
2226,3685,4324,100,0.26,4,0,5,1,0,24,1,5,3491.82,0
681,5704,4104,46,0.66,2,1,5,3,0,25,0,6,2048.38,0
1912,2086,2463,77,0.94,2,3,2,1,1,22,2,3,1116.7,0
1541,6875,2025,53,0.45,10,0,4,1,2,20,0,4,1196.41,0
799,5653,2050,83,0.75,5,1,4,3,1,15,0,6,9451.32,0
2451,8534,2054,30,0.65,5,0,2,1,0,24,2,1,982.64,0
810,5259,2810,96,0.47,3,1,4,2,1,21,1,6,776.42,0
1746,1326,2980,35,0.05,5,0,5,1,0,19,1,0,998.93,0
2237,1206,841,84,0.74,5,1,5,2,1,22,2,1,5893.63,0
2428,3180,1803,67,0.36,4,0,2,1,2,18,1,3,133.51,0
1341,9631,3702,62,0.22,7,1,5,4,1,21,1,0,1997.09,0
1279,365,1801,37,0.95,2,2,3,0,0,24,0,1,4157.48,0
552,9728,2851,49,0.77,7,2,5,0,3,12,2,1,1468.79,0
551,38,4700,84,0.96,6,0,1,4,0,21,0,2,909.51,0
812,1023,2164,77,0.26,1,0,2,3,2,20,0,4,858.53,0
2350,9029,590,85,0.84,7,3,2,2,0,18,1,5,137.7,1
965,2034,2863,39,0.61,4,0,4,1,1,19,1,4,1536.97,0
2260,8500,2246,81,0.98,4,1,4,3,0,20,1,4,3436.83,1
1718,5849,4186,79,0.95,1,0,4,2,1,26,2,2,2788.71,1
517,5801,2165,63,0.97,5,1,1,2,0,20,5,9,875.13,1
1880,764,1354,65,0.95,5,0,5,3,2,22,0,2,4274.72,1
875,8971,355,90,0.01,5,0,2,1,1,25,1,4,323.37,0
2201,3745,1896,45,0.74,7,0,5,1,1,11,2,7,3597.75,0
2491,1248,564,47,0.27,3,0,4,1,1,23,0,5,4104.28,0
2033,1916,3780,100,0.71,7,1,2,0,0,18,0,5,3183.36,0
1778,7409,4407,76,0.98,1,0,4,0,1,20,0,6,5821.06,1
715,7971,209,61,0.04,4,4,1,2,0,23,1,3,5478.58,0
2190,9766,2950,72,0.57,6,0,2,1,1,24,1,2,35.61,0
2199,9420,3500,69,0.73,3,0,4,3,1,23,0,4,1440.79,0
1597,4611,316,94,0.25,3,0,4,2,0,18,1,3,307.08,0
1275,9559,3085,64,0.23,3,3,4,2,0,20,2,4,5509.76,1
68,1470,1666,98,0.06,3,2,1,1,0,15,2,0,1397.13,0
809,7679,2702,79,0.09,6,1,5,3,2,16,1,6,1359.38,0
1286,1426,1774,41,0.66,3,0,5,2,3,18,0,5,2027.92,0
2226,7776,285,87,0.51,5,1,5,2,0,26,2,0,374.94,0
1957,1438,3371,92,0.03,8,1,1,1,3,23,1,3,1879.03,0
331,4388,1411,78,0.97,4,0,5,0,3,21,1,3,928.73,1
2315,7539,4743,65,0.66,5,0,5,2,0,24,1,2,1560.78,0
676,4484,1785,83,0.52,2,2,1,2,0,18,0,4,4867.8,0
692,3081,3391,76,0.27,3,1,2,1,0,17,4,2,8267.49,1
2313,565,4060,61,0.66,7,0,4,0,2,22,2,1,292.11,0
1789,8557,3470,82,0.36,8,2,4,3,2,15,2,3,1110.66,0
2280,1573,1890,61,0.7,5,0,1,4,0,19,1,6,442.73,0
285,1050,3845,91,0.68,5,1,5,5,1,18,1,3,2853.66,0
627,2696,4288,66,0.09,4,2,3,2,1,21,1,4,386.0,0
691,2563,1854,67,0.91,5,1,5,4,0,19,4,2,743.57,1
264,1789,3387,59,0.49,2,0,3,2,0,24,1,1,1889.71,0
1398,85,81,87,0.39,8,0,4,0,1,31,1,2,854.17,0
799,4336,1686,61,0.96,5,1,1,3,0,18,1,2,1199.9,0
242,5845,1305,95,0.44,1,1,5,2,0,14,0,3,119.01,0
492,5067,1053,80,0.72,5,1,1,0,0,26,1,3,1266.78,0
312,2359,2635,40,0.66,6,0,5,2,3,20,0,2,1429.2,0
1516,2783,3052,88,0.17,5,2,5,5,0,19,3,3,3229.91,1
1460,2272,824,49,0.99,6,1,5,1,1,15,1,6,1054.46,1
117,3239,2204,66,0.46,10,2,3,1,0,21,2,1,642.41,0
1097,402,3510,78,0.39,4,0,1,1,1,23,0,5,5707.13,0
490,1118,319,48,0.92,7,0,4,1,1,20,0,1,960.24,1
2355,4372,2071,84,0.53,4,0,2,3,1,18,2,4,249.66,0
2498,5198,4237,69,0.71,6,1,3,3,2,22,2,9,3442.37,0
1754,8812,1887,36,0.85,1,0,4,1,2,30,0,2,259.2,1
1406,5067,2812,34,0.24,5,0,1,2,1,21,2,2,1304.54,0
544,4008,2496,71,0.17,3,1,2,4,0,22,0,2,4102.42,0
732,8874,4845,77,0.07,7,0,2,2,1,16,1,0,3166.53,0
1683,6576,3755,36,0.9,7,0,1,4,0,18,1,2,2290.25,0
2096,3687,804,40,0.2,4,0,3,1,0,24,1,3,1624.84,0
52,5806,4024,78,0.31,5,1,5,0,0,25,0,3,3538.11,0
2490,6373,4363,59,0.29,7,1,5,2,1,18,2,3,106.09,0
1083,8133,3417,70,0.3,5,1,5,2,0,23,0,2,7230.04,0
1860,8232,2466,32,0.67,1,3,4,0,3,21,0,2,13.57,1
2185,7700,1861,69,0.95,6,1,1,0,0,8,0,6,1464.05,0
1334,1410,984,80,0.33,8,2,3,3,0,19,0,4,496.95,0
1164,4081,1057,61,0.41,6,0,1,0,1,13,1,3,4342.56,0
2213,8818,4376,77,0.77,3,2,2,2,1,27,1,1,4819.81,0
391,2796,4247,100,0.43,7,0,4,2,2,17,1,1,588.94,0
2206,7179,3799,100,0.93,7,2,3,2,2,20,3,2,6110.25,1
1929,880,3031,49,0.5,2,0,2,2,3,29,3,3,2435.3,0
1314,4206,4379,64,0.35,5,1,5,2,1,25,1,4,4603.53,0
544,9614,4039,53,0.97,7,2,5,3,3,25,1,2,2162.81,1
478,2749,474,69,0.43,5,2,5,3,1,22,1,0,8444.57,1
1953,950,297,81,0.23,6,0,1,1,0,12,0,4,672.39,0
1536,350,3205,68,0.18,2,0,2,2,1,20,0,3,208.44,0
1277,7432,885,97,1.0,8,1,3,4,1,15,1,4,2523.98,0
1885,4143,2002,90,0.75,6,0,2,4,0,14,0,3,1635.44,0
903,669,2935,94,0.41,5,0,3,4,2,21,2,1,3494.07,0
1458,9762,1130,91,0.83,7,3,4,3,0,27,0,4,1340.17,1
2379,3467,456,31,0.55,7,0,4,3,1,16,1,2,4952.02,0
2308,9858,2842,35,0.32,5,0,3,1,0,27,1,0,1408.44,0
1784,2985,3578,72,0.74,7,1,2,5,3,17,0,6,3670.47,0
952,9251,2906,69,0.75,6,2,3,1,0,19,2,2,3412.31,0
2189,463,731,68,0.5,8,2,3,0,0,20,1,3,726.55,0
1066,9906,2173,57,0.05,8,1,5,0,1,11,1,4,1892.56,0
1446,8194,2592,92,0.08,9,2,3,1,1,14,0,2,762.77,0
2311,5452,1361,93,0.79,7,1,5,3,3,27,1,2,1639.58,0
343,828,3990,41,0.82,0,1,5,1,0,19,0,6,2345.91,1
2286,4878,4512,70,0.68,5,3,3,1,1,13,0,1,3032.32,0
2027,22,3394,58,0.84,8,2,1,1,1,18,2,2,2051.18,0
1067,7737,1735,52,0.72,1,0,2,4,0,24,0,1,6678.24,0
1686,930,703,80,0.9,4,1,3,3,0,23,1,2,879.58,0
1808,4930,3423,74,0.15,4,0,4,1,1,21,1,3,1106.27,0
1044,2428,504,51,0.39,1,0,3,1,2,20,1,3,1613.18,0
1123,9516,957,39,0.46,5,0,3,2,2,23,1,0,1884.2,0
1154,6485,32,36,0.3,3,1,4,1,0,12,0,3,1399.16,0
727,2027,1138,44,0.73,5,3,5,1,1,25,0,2,687.34,0
2209,7967,567,75,0.91,2,1,5,1,2,16,2,1,491.25,1
1434,9430,1626,90,0.41,4,0,1,1,1,27,1,4,2213.06,0
1185,4802,3740,90,0.94,11,2,3,1,1,28,0,2,4876.39,0
1073,6840,1666,80,0.52,8,0,3,6,1,19,2,5,4067.81,0
1959,2444,4183,67,0.52,3,3,2,2,1,17,0,4,1822.79,0
1043,2878,816,41,0.6,5,1,5,0,0,21,0,3,521.04,0
256,1448,3322,95,0.27,7,1,3,2,0,20,1,2,5794.61,0
1858,3553,4873,83,0.38,5,1,2,3,1,25,1,1,1119.13,0
1522,1791,463,68,0.55,5,1,1,0,0,22,1,2,185.54,0
851,6353,2985,68,0.94,4,2,2,2,0,18,0,3,2222.14,0
2053,2273,2334,59,0.64,5,1,5,1,3,16,1,2,5144.08,0
900,221,1457,77,0.33,5,2,5,3,0,20,1,2,349.32,0
2482,8709,2571,60,0.01,5,0,1,2,1,21,2,3,1624.22,0
2279,6169,2521,54,0.98,2,2,3,4,0,18,1,4,2370.82,0
2115,7037,2881,97,0.49,3,1,2,1,1,17,2,3,260.13,0
1825,341,372,80,0.94,4,0,3,2,1,22,2,3,953.96,0
217,6870,3464,42,0.55,6,2,3,6,2,19,0,8,2064.71,0
1110,8054,2808,92,0.61,5,0,3,5,1,22,2,0,5296.4,0
970,8179,4630,71,0.71,7,3,4,2,1,21,0,2,647.6,0
2350,8752,3463,83,0.32,0,1,1,0,4,26,1,2,95.44,0
555,5730,3265,96,0.7,3,1,3,4,1,19,0,5,2323.29,0
365,9143,1227,85,0.53,4,3,1,0,1,15,0,0,1058.77,0
1108,737,1495,48,0.67,3,1,3,3,0,12,2,2,4927.28,0
191,4985,2113,75,0.84,6,1,2,0,2,23,2,3,518.53,0
623,3253,2546,44,0.18,7,1,2,1,1,24,1,2,155.65,0
1968,658,1865,61,0.61,6,1,1,2,1,26,1,5,2312.71,0
2236,5105,4827,78,0.05,5,0,3,4,1,17,0,0,5736.46,0
89,6624,1217,50,0.1,3,0,1,1,0,20,1,1,1639.78,0
1931,7145,1458,94,0.67,2,2,1,1,0,21,2,2,1270.68,0
2288,1019,1517,99,0.07,6,0,4,3,1,23,0,2,541.52,0
435,1560,1013,56,0.6,7,2,3,1,0,16,4,4,214.16,0
693,9005,935,52,0.22,6,0,4,6,0,15,2,3,3635.26,0
1162,7502,4961,76,0.3,6,4,3,4,2,20,3,3,794.12,0
1129,3411,93,41,0.13,4,4,5,1,0,19,1,2,282.93,0
571,7457,3752,95,0.25,2,2,5,4,0,22,1,3,1041.14,0
1367,5434,3937,34,0.82,7,0,4,1,0,18,1,3,3086.56,1
1027,4251,1552,38,0.64,5,2,5,2,1,21,1,0,1238.57,0
1170,3171,995,49,0.95,4,1,4,4,0,21,1,3,856.26,1
897,4165,4241,92,0.05,4,1,5,4,1,23,1,3,638.45,0
2096,7488,918,100,0.79,4,4,4,3,1,21,1,2,1346.47,0
461,8729,2918,59,0.7,3,1,5,2,2,28,1,3,1761.01,0
769,9225,4695,45,0.26,3,0,1,2,4,21,2,4,164.81,0
1403,6627,2747,34,0.73,1,1,1,2,1,14,2,0,1412.49,0
212,5670,2596,58,0.72,4,1,1,2,1,11,0,3,188.27,0
2190,8634,1153,76,0.46,8,1,3,2,0,18,3,3,846.81,0
1236,1186,1341,51,0.69,1,0,2,1,2,19,2,3,1370.05,0
1199,7966,3358,86,0.44,3,1,4,1,1,13,2,1,1220.44,0
860,8602,1563,64,0.34,7,1,2,1,0,22,2,1,129.83,0
1681,2243,2352,89,0.47,2,0,1,1,0,22,1,4,728.78,0
1166,4710,1816,99,0.9,8,1,4,4,0,27,0,3,906.51,1
505,5916,2110,89,0.38,7,2,4,5,1,15,0,4,1283.11,1
1356,7870,815,87,0.4,8,2,3,1,0,22,3,4,2871.26,0
1000,7536,4157,32,0.61,7,1,2,1,0,20,0,3,90.53,0
1049,5569,2785,63,0.75,6,0,2,3,2,26,1,5,1541.89,0
1171,6742,81,74,0.73,4,2,5,4,2,17,0,2,2677.17,0
1866,2523,37,79,0.02,3,2,4,3,0,21,1,0,812.68,0
190,7840,478,31,0.69,4,1,1,5,1,14,0,0,907.47,0
2478,9975,3993,44,0.45,0,0,5,2,0,22,0,2,1566.47,0
227,6954,773,66,0.52,7,0,5,3,0,22,1,2,8025.16,0
1313,7920,1434,44,0.56,4,4,4,2,1,15,0,2,117.28,1
689,5659,2258,89,0.73,6,0,5,1,1,29,0,1,1387.92,0
1805,1106,3842,93,0.83,4,2,4,1,2,12,0,4,930.73,1
1100,9130,4925,81,0.65,5,3,4,3,0,28,3,0,2441.52,1
2040,1961,4070,52,0.56,2,2,5,3,2,19,0,2,113.97,0
428,9756,4080,66,0.37,2,0,1,3,2,23,2,1,875.64,0
1763,9196,1685,70,0.14,5,0,5,1,1,14,2,2,2.25,0
1612,7809,569,86,0.96,3,0,2,1,2,14,1,1,1445.08,0
2155,8814,4484,54,0.46,7,0,4,3,1,24,1,2,175.96,0
2201,605,3841,66,0.57,7,2,1,1,0,24,0,3,3659.31,0
104,7885,1928,69,0.75,5,1,3,1,1,18,1,2,3999.02,0
2214,9043,88,75,0.07,3,0,3,3,0,22,0,5,2777.5,0
631,4449,4939,89,0.86,1,1,5,3,3,20,1,2,182.55,0
866,5982,3657,48,0.8,7,0,3,0,0,14,1,4,621.2,0
1558,868,1041,38,0.77,4,0,2,4,0,31,1,6,16.76,0
529,5529,2082,98,0.02,0,4,5,1,1,23,0,4,2752.62,0
1626,7395,4555,34,0.53,1,3,5,2,2,25,1,1,3924.41,1
167,8646,1494,55,0.05,5,2,1,2,0,26,1,0,1620.15,0
2127,9990,2255,48,0.55,8,3,4,1,1,15,2,3,4548.91,1
1824,4327,1560,59,0.72,10,0,5,1,3,17,0,3,103.85,0
1002,3464,4795,77,0.12,4,2,5,3,1,24,2,2,1582.43,0
1672,1040,4692,45,0.69,5,1,5,1,2,19,0,5,2942.72,0
1915,9497,1839,100,0.45,8,2,1,3,0,24,1,4,3648.26,0
2331,7916,3761,47,0.81,4,1,5,0,2,23,1,1,171.04,1
2058,1457,4732,85,0.53,6,0,4,2,2,18,0,2,951.52,0
1930,2860,2041,50,0.34,6,0,4,1,1,30,2,3,132.74,0
1479,8116,4469,60,0.33,5,1,5,2,2,22,0,4,1869.86,0
576,7161,3866,30,0.9,6,2,1,0,1,15,0,5,797.58,0
951,9513,2192,32,0.45,9,1,3,2,0,19,1,2,5427.06,0
610,6962,4479,54,0.41,4,0,5,1,0,24,1,2,712.92,0
1402,4065,2104,37,0.04,5,0,5,1,1,28,0,4,1462.91,0
1986,5412,3913,94,0.36,4,1,2,4,2,34,0,2,338.23,0
2033,9291,3042,91,0.85,7,1,1,1,2,18,0,2,899.76,0
2126,1682,1558,36,0.76,9,0,4,1,2,17,3,4,5660.54,1
733,4542,377,36,0.22,5,3,1,2,1,20,1,3,3274.54,0
2338,4934,74,37,0.41,6,1,1,0,0,19,1,4,269.68,0
2433,6095,3309,48,0.2,3,1,5,6,2,16,2,2,2847.07,0
1655,7744,4859,46,0.95,6,0,2,0,2,28,0,5,878.9,1
667,4874,2045,40,0.6,5,0,5,1,1,19,0,2,688.38,0
1039,9326,2873,78,0.75,4,0,1,1,2,25,0,4,4092.42,0
670,1231,1886,40,0.71,6,0,5,1,1,24,2,4,963.0,0
1891,2870,4861,70,0.87,7,0,1,3,0,22,1,2,5635.89,0
1235,8438,2238,91,0.95,5,1,4,1,2,15,1,2,98.57,0
715,9346,606,81,0.03,5,0,5,2,1,21,0,3,860.68,0
1881,3263,3616,95,0.98,6,1,5,2,0,20,0,2,2693.15,0
217,3792,2684,97,0.87,1,2,4,1,1,23,2,3,290.17,1
1649,6967,3899,96,0.38,5,0,5,1,1,24,0,3,157.17,0
1717,776,3516,69,0.84,2,1,1,4,2,15,2,3,1523.62,0
1014,2691,1844,34,0.74,6,0,3,0,0,26,2,2,1976.25,0
577,7720,1405,51,0.79,5,0,5,2,1,20,1,1,50.48,0
1461,7492,1596,66,0.22,2,1,4,1,1,23,2,5,1412.35,0
905,5096,121,40,0.65,3,0,4,2,2,19,1,6,2359.22,0
647,7974,462,73,0.03,5,3,3,1,0,21,2,2,1931.36,0
2491,2675,2813,82,0.85,3,1,1,1,0,15,0,2,248.79,0
1395,9961,2641,90,0.95,10,1,2,4,1,17,3,0,4068.34,1
1273,3523,2196,96,0.66,8,1,1,3,0,19,2,4,196.63,0
932,505,4358,42,0.51,4,0,5,3,1,23,0,6,1073.58,0
192,5832,2014,40,0.73,8,5,4,3,1,24,1,1,574.34,1
2004,2082,1469,40,0.33,3,2,4,7,1,17,1,2,1950.0,1
299,7805,1952,36,0.63,5,1,1,1,2,20,1,2,903.89,0
661,8539,3503,46,0.72,4,2,1,2,1,22,2,4,1463.01,0
935,3959,1867,77,0.14,4,2,5,0,1,11,0,1,2612.83,0
2044,6043,71,43,0.14,6,2,1,4,0,26,1,5,1203.96,0
1671,8338,1504,92,0.72,10,0,3,2,1,18,1,3,2347.25,0
234,2565,1190,93,0.43,4,2,3,0,1,21,2,0,3965.34,0
611,6380,4911,94,0.89,8,0,2,0,1,23,1,4,437.96,0
1609,4425,2798,63,0.31,8,0,4,2,3,23,3,1,1239.52,0
870,5969,1885,38,0.04,6,0,5,4,1,18,2,2,2034.97,0
1866,9117,2218,66,0.65,5,0,5,1,1,16,0,3,1865.62,0
1281,6003,4646,59,0.68,5,0,1,2,1,26,2,3,1056.98,0
1749,5031,4731,70,0.55,7,3,4,1,1,24,1,4,600.76,0
1672,2917,115,74,0.68,5,2,2,1,1,21,1,2,33.27,0
2327,2924,1164,76,0.52,6,0,2,4,4,17,0,3,6051.99,0
904,3880,3438,36,0.69,8,2,2,1,0,18,0,2,158.41,0
1494,9200,4097,43,0.04,7,1,4,0,1,15,3,0,1199.92,0
2273,5095,1718,77,0.37,6,0,2,0,2,17,0,4,1102.9,0
719,6556,2833,35,0.21,6,1,3,2,1,16,2,6,5134.55,0
2040,405,3935,63,0.1,4,1,1,1,1,25,1,4,480.36,0
1452,948,1918,75,0.23,2,0,2,0,1,12,1,4,2997.46,0
2031,9838,2059,88,0.19,4,0,3,2,0,15,0,0,240.7,0
701,2520,4474,99,0.97,2,0,3,4,1,14,1,3,122.18,0
1201,4646,1284,37,0.29,7,1,5,3,2,17,1,4,6371.0,0
1525,1659,955,53,0.23,3,0,1,4,0,23,1,3,151.87,0
973,3700,3914,96,0.83,2,1,5,1,0,18,2,1,366.56,1
2276,3445,2237,33,0.42,4,2,4,1,2,21,2,6,2807.47,0
1479,3211,3806,30,0.42,4,1,3,0,1,14,1,4,3141.67,0
925,4189,302,63,0.44,2,0,5,3,1,14,1,6,165.9,0
2219,8415,4689,38,0.42,6,0,1,3,1,24,1,4,427.41,0
1366,3247,2232,92,0.33,5,0,3,2,3,18,0,6,363.68,0
194,3872,3983,39,0.29,4,1,2,2,1,17,2,4,2406.55,0
2391,68,2501,39,0.88,5,0,1,2,1,17,0,3,3608.27,0
2098,4948,2485,79,0.16,4,1,2,5,2,21,2,2,512.64,0
1135,2981,4870,73,0.18,1,2,4,0,1,19,5,4,5091.38,1
1783,9729,3739,77,0.57,4,3,2,3,1,20,1,3,152.6,0
2382,8324,437,35,0.34,9,2,2,2,2,19,2,4,2722.33,0
1968,9638,2982,53,0.42,5,2,4,1,0,18,1,3,146.11,0
400,9364,116,87,0.81,4,0,4,3,0,18,0,0,4023.05,0
1910,3355,3629,93,0.9,8,1,2,2,0,21,0,4,6285.45,0
882,2496,4764,85,0.79,5,2,3,5,0,26,2,7,162.38,0
413,571,3343,41,0.23,6,1,3,2,2,18,1,3,1036.99,0
1961,3991,4002,64,0.98,2,1,5,2,1,29,4,0,3885.81,1
454,6271,1235,100,0.36,5,3,5,0,0,20,1,5,6352.31,1
2238,1747,4014,35,0.17,5,1,4,0,1,13,0,6,1261.73,0
658,9106,4260,94,0.5,4,0,1,2,1,21,3,3,1406.76,0
924,3564,3378,89,0.73,3,1,2,2,0,25,2,3,323.44,0
2404,9928,905,97,0.08,4,3,4,0,1,19,1,3,416.38,0
627,9136,3915,58,0.63,5,1,4,3,0,16,2,0,3181.97,0
2366,7105,1630,67,0.86,7,0,4,6,0,19,2,4,1220.19,1
622,8276,3873,51,0.26,5,1,3,1,0,19,0,2,2860.14,0
1717,304,2302,37,0.69,8,1,1,3,2,9,0,2,1426.02,0
602,8222,1395,92,0.4,4,1,3,5,1,17,2,0,5668.73,0
2105,9240,3909,42,0.41,5,3,5,4,1,24,1,2,373.72,0
2120,5340,3602,56,0.28,1,0,4,4,0,20,2,0,147.16,0
1734,4665,2443,47,0.62,5,0,3,1,0,22,1,4,929.94,0
206,1119,2816,47,0.36,7,2,4,3,0,28,1,4,3246.59,0
558,3781,3393,91,0.83,3,1,1,3,2,26,2,4,1102.51,0
1663,8573,1311,43,0.96,6,0,2,3,1,16,0,3,2556.78,0
995,6133,768,40,0.94,10,0,3,4,1,24,1,3,2202.89,1
1547,7657,756,46,0.16,4,0,1,2,1,19,0,2,4730.94,0
227,1184,602,80,0.01,5,2,2,3,1,19,0,3,1787.82,0
882,1174,2896,43,0.44,8,2,4,1,1,16,0,3,1436.84,0
1567,9294,4121,86,0.73,7,0,1,2,2,21,0,3,227.66,0
2099,9485,1078,35,0.98,10,1,5,1,1,28,1,1,114.6,1
1110,9047,3317,86,0.78,3,1,2,2,0,24,0,2,18.22,0
127,8722,712,33,0.58,5,3,2,4,0,19,1,3,3662.2,0
1933,4476,4718,40,0.03,8,2,4,2,2,24,0,3,909.75,0
464,5548,114,40,0.83,6,2,5,3,2,23,0,2,235.54,1
666,7121,1507,37,0.18,5,1,3,2,0,16,1,3,1821.74,0
617,8444,3843,88,0.06,1,3,1,1,0,24,3,3,1014.25,1
373,2810,405,50,0.85,5,4,4,1,0,22,2,6,465.44,1
1347,4617,3527,94,0.57,3,1,5,2,0,22,1,4,2146.55,0
2009,7272,2663,53,0.13,2,1,2,0,1,17,1,2,1073.14,0
600,1551,3301,59,0.39,4,1,2,4,2,18,2,4,992.6,0
640,2775,2020,86,0.09,10,0,2,1,1,21,1,4,3859.63,0
1757,4501,3891,46,0.64,4,2,5,2,3,23,1,1,4584.08,0
2320,3093,4956,88,0.28,3,4,5,6,0,20,0,2,2464.81,1
1884,5366,1998,60,0.87,4,0,3,3,1,20,1,3,5329.39,0
989,1867,4547,93,0.36,4,0,1,1,2,27,1,4,3602.47,0
2109,779,1678,77,0.49,7,1,2,1,2,19,0,3,252.37,0
2468,1432,4978,52,0.06,3,2,3,1,0,31,0,1,2316.45,0
2354,8608,4772,99,0.28,4,2,5,2,2,21,1,3,115.91,0
561,2982,1061,59,0.68,4,0,3,1,1,24,0,2,347.94,0
1207,1882,2851,84,0.74,4,0,2,3,0,20,0,0,12561.28,0
2460,5609,4733,36,0.24,9,0,1,0,2,19,1,6,3640.61,0
1121,2279,3594,41,0.5,6,2,3,2,3,18,1,1,583.57,0
1931,5285,357,89,0.82,2,3,5,0,3,21,0,2,713.48,1
913,4759,1273,81,0.38,8,2,4,4,2,20,0,2,6465.85,0
2291,6581,4675,56,0.13,5,0,4,2,1,27,1,2,778.57,0
1708,9383,2752,41,0.43,5,3,3,2,2,22,0,2,1542.76,0
2453,5082,2083,42,0.6,8,1,5,3,1,19,2,1,6268.73,0
2290,9641,3158,91,0.01,7,1,3,2,1,28,0,3,811.41,0
2156,5473,1361,58,0.35,6,0,3,4,0,15,1,1,203.82,0
1779,7460,2831,64,0.61,8,2,4,2,1,17,3,3,3192.11,0
811,8430,3837,89,0.95,3,1,3,1,1,19,3,4,332.8,1
2135,3969,679,58,0.41,4,0,4,5,2,17,0,5,2386.26,0
910,1323,4823,60,0.16,4,3,5,3,3,19,1,4,106.0,0
476,7857,2656,90,0.53,3,1,5,2,0,22,1,5,481.61,0
2143,1080,276,31,0.29,3,1,5,4,1,18,1,5,374.53,0
1813,9176,1448,62,0.21,3,2,4,1,1,16,0,2,1040.45,0
1307,9940,2703,91,0.59,1,0,2,0,2,19,1,0,538.88,0
2021,3295,1032,88,0.92,6,1,2,2,0,17,0,7,8038.78,1
1097,8959,2047,69,0.84,3,0,2,1,1,20,1,4,667.65,0
1607,3105,574,78,0.18,1,0,2,2,1,22,1,3,753.89,0
1041,330,1069,61,0.77,3,0,5,4,0,23,0,2,339.5,0
2304,2331,1434,67,0.23,3,2,2,4,1,20,0,5,3536.2,0
803,565,4133,42,0.29,9,1,3,2,1,19,0,4,7336.42,0
1844,4949,229,83,0.92,4,1,4,2,2,28,2,2,1092.43,0
2456,5442,415,42,0.91,5,2,2,2,0,19,0,4,4460.07,0
1231,1396,1647,68,0.17,5,0,5,1,0,14,0,4,4087.07,0
1480,4773,2328,52,0.06,7,2,2,0,1,21,0,2,2306.1,0
336,6864,1769,43,0.29,7,1,4,5,1,18,0,3,3294.04,1
808,7647,1684,46,0.58,4,0,1,1,1,24,1,3,2643.59,0
2345,4851,801,53,0.88,6,0,1,1,1,16,1,3,2272.59,0
37,3877,3592,87,0.12,4,2,5,2,0,24,1,1,546.11,0
505,3803,1319,92,0.41,2,1,5,1,0,20,1,3,1664.94,0
1350,7383,3843,63,0.27,8,3,5,4,0,20,1,4,161.14,0
2241,2523,4939,80,0.01,2,0,2,3,1,21,0,5,1864.85,0
514,3813,4422,39,0.79,3,1,4,4,2,19,1,3,2147.38,0
934,2337,1340,50,0.81,3,0,4,1,2,14,2,2,3231.35,1
588,8819,4456,66,0.22,2,2,4,0,0,19,0,2,1414.44,0
1997,2175,520,36,0.15,6,3,1,2,4,17,0,1,353.36,0
2315,3318,2582,42,0.14,6,0,4,3,0,31,2,1,1069.3,0
1157,6462,3939,59,0.46,3,1,5,0,0,17,2,4,6556.45,0
1263,8077,501,60,0.25,7,2,2,4,0,15,1,1,4048.33,0
497,7652,1627,34,0.51,4,2,1,2,3,15,0,2,8560.54,0
2463,6414,2066,61,0.38,3,1,2,2,1,20,2,2,1089.41,0
877,1002,1530,45,0.21,6,0,3,2,0,20,0,1,3252.97,0
2464,5434,1593,51,0.75,7,4,5,1,2,14,1,3,338.43,0
288,9579,1585,93,0.15,4,0,1,0,1,19,0,0,11705.56,0
312,4391,3956,73,0.8,3,0,5,2,1,23,2,2,5061.93,0
1679,3184,1771,69,0.56,4,2,2,1,1,20,0,2,5727.03,0
1928,4792,2001,66,0.83,2,2,4,2,2,31,0,3,87.29,1
69,9507,3189,45,0.0,7,1,3,3,2,25,1,7,1089.85,0
2297,5570,3336,72,0.75,6,1,5,1,2,25,3,1,2084.44,0
1044,7470,1056,92,0.05,5,2,3,0,1,28,1,1,4768.62,0
642,3088,2902,44,0.95,4,2,2,5,2,17,1,6,997.93,1
1945,2993,2623,73,0.7,7,1,5,1,2,19,1,2,2453.23,0
717,7269,3902,38,0.32,5,0,4,3,1,22,1,2,1137.75,0
642,6064,4154,94,0.32,6,0,3,2,1,20,0,6,3425.22,0
2337,2533,471,73,0.86,2,2,1,0,0,19,1,0,38.33,0
2443,9687,4441,49,0.9,4,0,2,0,1,19,1,1,1124.01,1
1811,4591,1391,99,0.89,7,2,5,1,2,18,0,2,3632.22,1
1840,5619,1155,62,0.81,3,0,1,3,1,23,1,4,1130.2,0
1577,2011,3525,35,0.82,4,0,4,1,1,16,6,3,212.13,1
1960,1397,4464,60,0.57,4,2,4,0,1,23,1,1,1624.74,0
1182,6562,202,95,0.03,5,0,3,3,2,16,3,5,980.87,0
604,1040,3544,47,0.09,2,0,2,1,1,19,0,2,740.81,0
1940,9967,765,57,0.65,6,0,5,0,2,8,0,1,3951.98,0
1042,1230,1694,97,0.4,5,0,1,5,1,16,1,4,1163.28,0
699,6045,2535,94,0.57,4,0,5,2,1,23,2,3,440.43,0
298,9820,837,74,0.23,4,1,1,1,3,18,1,1,217.22,0
1313,9465,899,87,0.65,4,0,2,1,1,23,1,5,5307.62,0
953,6533,4758,76,0.24,6,1,4,1,1,12,1,2,2466.2,0
1155,8084,2465,95,0.46,5,0,4,1,3,14,1,3,251.31,0
1559,9073,2343,81,0.48,2,0,5,4,3,17,0,3,148.1,0
1788,844,4956,65,0.18,4,0,5,1,2,22,4,2,1559.45,1
1624,9120,120,30,0.88,8,1,3,1,1,25,0,4,857.64,1
276,1734,4725,68,0.53,7,0,1,5,0,15,1,2,1897.37,0
1590,6608,802,30,0.87,10,0,3,4,1,12,1,1,2030.1,0
2208,2423,4693,43,0.26,4,1,1,1,0,15,0,1,813.47,0
2430,9515,2653,100,0.17,4,2,2,1,1,21,1,1,1242.16,0
2273,6003,3424,52,0.02,2,2,5,1,1,19,1,4,4291.5,0
1969,4508,1319,72,0.09,2,1,1,0,0,19,1,3,3187.97,0
959,2115,306,51,0.15,5,0,4,1,1,15,2,4,2283.43,0
256,2578,1639,89,0.08,5,0,2,2,1,18,0,3,3906.57,0
294,9340,578,56,0.9,5,0,4,2,2,23,0,5,2670.52,1
1425,219,4937,85,0.91,8,1,2,3,2,19,1,3,2527.56,0
1487,9266,4715,31,0.94,5,1,1,2,0,21,2,1,1183.68,1
675,4921,4121,68,0.96,9,0,4,3,2,18,2,2,1036.75,1
2288,2230,81,80,0.49,6,0,1,2,2,24,3,0,568.25,0
1448,243,4375,48,0.53,5,0,3,4,1,13,1,1,5205.12,0
1503,802,4392,91,0.13,7,2,2,1,0,23,0,5,1832.24,0
1417,3120,75,100,0.14,2,1,5,2,1,18,0,3,2568.45,0
1929,2176,889,96,0.77,3,1,4,6,0,20,0,4,110.87,0
1279,8536,77,92,0.86,6,4,1,1,0,20,1,1,3951.96,1
1011,9561,1226,34,0.78,2,2,4,4,4,13,0,1,451.63,0
1184,5203,3037,90,0.83,4,2,1,1,1,20,0,5,2200.22,0
617,1224,3249,100,0.28,3,0,3,2,3,18,2,2,368.06,0
505,4429,3490,36,0.47,7,1,5,2,1,17,2,2,182.54,0
1851,7324,517,79,0.46,6,1,4,3,1,26,0,3,559.51,0
1015,8485,3724,75,1.0,4,2,4,3,0,23,1,4,867.89,1
2233,222,2894,43,0.95,5,1,1,5,4,24,0,6,162.01,1
1271,1668,1135,98,0.6,7,0,1,1,1,30,1,6,648.75,0
219,5034,895,94,0.14,7,2,4,0,2,22,1,1,1776.35,0
1470,9619,2851,94,0.26,1,0,3,1,0,17,0,3,1280.89,0
1010,5927,3887,86,0.36,5,3,4,1,1,27,0,3,2591.29,0
1728,5151,4880,91,0.87,4,2,2,1,2,20,0,3,1779.57,0
1745,1804,2535,49,0.17,6,1,2,4,2,24,2,3,3359.23,0
70,5998,935,55,0.22,6,1,4,3,1,18,1,5,2044.6,0
2384,8306,4225,73,0.35,6,2,3,1,2,13,0,1,247.71,0
972,5588,1948,96,0.93,7,0,1,3,0,25,0,3,2435.37,0
367,5561,3824,99,0.5,8,3,1,0,1,20,0,3,788.47,0
1367,3855,3372,91,0.65,3,0,4,0,0,20,0,4,51.84,0
1128,6916,4593,74,0.39,6,2,5,2,2,14,0,4,14.87,0
2356,388,3242,40,0.19,2,0,1,1,0,16,1,2,505.72,0
925,3303,3754,63,0.22,2,2,2,0,0,13,1,4,422.24,0
2350,3339,3475,75,0.8,1,0,2,2,1,17,0,5,998.62,0
1704,4818,450,61,0.89,5,1,5,1,2,19,1,5,5166.56,1
960,7947,3621,34,0.49,5,1,5,0,3,16,0,3,1708.6,0
318,234,471,92,0.36,4,0,2,0,0,15,1,5,20.52,0
753,747,621,58,0.81,4,0,4,1,1,24,1,3,4211.22,1
2349,245,3481,77,0.67,3,2,4,2,1,21,2,0,99.81,0
1983,721,3173,45,0.04,3,2,4,4,0,18,2,2,6135.0,1
1119,5998,15,54,0.35,5,1,2,4,0,25,0,4,4919.71,0
512,1898,4786,58,0.68,5,1,5,3,2,29,0,2,1157.89,0
965,7183,3980,81,0.57,2,1,3,2,1,19,0,2,1643.6,0
2325,1269,2868,75,0.98,3,0,2,3,3,19,0,2,1008.6,0
185,5256,2616,54,0.87,5,0,2,1,1,16,0,2,188.83,0
1100,7281,108,52,0.06,2,3,1,3,0,19,1,2,29.14,0
1988,758,535,63,0.73,8,0,4,1,1,18,2,1,1280.82,0
2278,3561,1190,96,0.34,1,0,1,1,0,13,1,3,5209.71,0
1713,6410,1699,63,0.68,2,2,2,0,2,19,3,4,112.52,0
153,6653,1148,61,0.62,10,0,2,2,2,19,0,5,2631.23,0
2078,8711,4501,58,0.5,7,3,2,3,0,25,1,5,303.49,0
997,1833,4875,38,0.85,2,1,3,3,2,18,1,3,2612.57,0
884,6862,3081,95,0.71,4,0,1,4,1,22,1,2,1208.12,0
669,7787,2937,86,0.89,4,0,5,2,1,24,1,4,1166.36,1
2268,4242,2802,68,0.28,3,1,4,2,2,18,0,4,3275.31,0
1632,6529,4788,36,0.35,6,2,4,3,2,24,1,4,387.17,0
471,1787,24,98,0.62,4,2,3,2,3,12,1,3,1216.29,0
1974,1232,2425,37,0.97,4,0,1,3,3,16,1,2,164.61,0
1868,7640,2695,47,0.37,5,0,4,2,2,18,0,2,2326.66,0
1859,1787,2910,78,0.03,6,0,2,4,0,18,1,2,452.57,0
2220,9506,1246,45,0.45,6,1,1,2,2,22,2,4,1833.37,0
562,7500,4110,50,0.54,7,0,4,3,1,18,1,3,1121.61,0
2304,4869,3230,39,0.8,5,2,1,3,2,23,0,8,4553.91,0
1366,8903,1617,33,0.73,2,1,3,5,0,16,0,2,1425.99,0
978,8128,3573,73,0.96,9,1,5,2,0,23,0,1,3318.81,1
2049,2999,3307,37,0.78,7,2,5,3,1,26,1,0,4718.63,0
489,8353,2643,84,0.3,4,1,1,2,0,24,3,3,121.3,0
580,1335,3900,48,0.64,4,0,3,0,2,21,0,5,551.47,0
422,9503,4274,93,0.67,0,2,4,5,1,23,1,4,269.01,1
1817,9913,2818,69,1.0,9,0,2,2,1,26,2,2,257.02,0
874,5137,801,80,0.14,6,1,1,3,0,21,0,1,51.36,0
2287,9008,1009,38,0.19,6,0,1,0,1,20,3,6,1630.56,0
1168,2732,161,59,0.16,4,0,4,0,2,18,1,1,685.21,0
675,4666,3073,85,0.59,4,0,2,3,0,30,1,6,1086.61,0
2296,1335,4609,73,0.14,6,2,2,0,1,22,1,2,1965.55,0
2484,4143,2101,88,0.66,7,2,4,1,1,23,2,4,1686.02,0
1496,9361,4609,44,0.8,6,1,1,4,1,23,1,5,1176.93,0
1407,2879,4092,97,0.43,4,2,4,1,0,21,1,2,1790.85,0
171,1252,4036,99,0.56,7,0,5,2,1,15,0,3,364.57,0
530,8549,2987,90,0.91,3,1,4,3,1,18,0,4,1412.58,1
869,1841,852,52,0.57,6,1,3,1,1,20,2,3,6553.62,0
1712,1579,4456,76,0.21,2,0,1,1,1,31,1,2,5813.07,0
1595,7256,3803,46,0.34,6,0,3,0,0,19,0,5,3187.04,0
2076,1928,2080,86,0.53,5,1,1,1,1,10,1,5,1888.07,0
1560,6426,1669,83,0.15,4,0,1,1,0,15,1,4,956.16,0
625,3242,607,81,0.61,3,2,5,0,1,20,0,1,289.96,0
1934,3768,2523,51,1.0,4,0,4,3,1,13,2,3,4034.62,1
310,6007,4145,68,0.65,9,2,4,1,1,24,0,1,3249.55,0
453,2365,4280,42,0.37,2,1,5,4,1,23,0,4,1114.51,0
299,9599,3613,95,0.33,3,1,5,2,3,18,0,4,1761.25,0
183,1834,1226,81,0.93,5,1,2,2,2,25,1,1,1580.59,0
1780,7290,2301,43,0.87,3,0,3,2,1,25,3,1,230.13,1
691,4070,4941,92,0.47,4,4,1,4,1,15,0,4,2679.84,0
1997,5334,3821,100,0.35,6,4,2,3,0,24,0,2,827.12,0
112,414,941,57,0.71,11,1,4,2,2,23,0,6,1125.22,0
1479,1731,2148,75,0.31,6,2,2,2,3,18,2,5,1702.3,0
1328,5326,4012,57,0.12,3,0,4,0,3,16,0,3,7060.46,0
2361,3855,2988,31,0.31,4,0,5,2,2,18,1,5,1888.55,0
1009,4220,3902,46,0.43,7,0,1,4,0,15,0,4,695.78,0
2250,74,4605,88,0.26,1,1,1,2,0,15,1,2,46.99,0
1689,9501,2928,81,0.22,5,0,1,4,0,21,1,3,736.89,0
1428,6392,2574,33,0.01,4,0,5,1,0,20,0,4,1706.04,0
662,9617,1773,32,0.63,3,0,4,2,0,22,0,5,1505.18,0
1561,978,2180,66,0.61,9,1,5,2,1,17,0,3,3210.72,0
816,378,345,53,0.19,4,1,1,1,1,24,1,3,13.26,0
427,8434,1186,64,0.94,1,0,1,2,1,13,0,0,5258.79,1
1173,2252,3031,31,0.41,5,3,1,0,1,21,3,5,3526.65,0
963,5012,788,62,0.03,8,0,4,1,1,25,3,3,509.08,0
1490,3093,1195,39,0.22,7,2,4,3,1,12,1,3,218.43,0
1882,8083,3295,91,0.69,3,0,2,3,1,18,0,4,2567.09,0
315,9122,3457,72,0.2,3,0,2,4,0,15,0,2,1573.57,0
294,8890,4001,98,0.05,4,0,3,2,0,24,1,4,2952.05,0
2397,1479,2480,88,0.62,9,3,4,1,3,25,1,2,428.49,0
2166,4735,948,38,0.52,3,1,5,0,0,14,0,2,1792.63,0
1707,4269,4909,89,0.76,7,1,4,0,1,24,0,3,4775.9,0
1256,3632,4016,92,0.77,8,2,2,2,0,19,1,2,7877.81,0
850,833,1945,81,0.96,8,2,1,4,1,12,1,5,2777.95,0
1792,3441,643,52,0.06,3,4,2,4,1,23,2,1,9429.02,0
2411,6538,1263,59,0.04,1,0,2,3,3,22,1,1,6450.43,0
2299,4161,1092,72,0.99,2,0,2,2,1,13,0,3,6724.27,1
70,4223,2153,97,0.64,2,2,3,1,0,14,0,4,1065.39,0
1761,7430,1295,50,0.72,3,1,3,3,1,23,1,5,267.54,0
97,8999,363,72,0.1,2,0,3,3,1,21,1,1,291.48,0
1017,789,1895,36,0.07,8,1,5,2,0,15,1,3,180.97,0
1829,2902,1828,45,0.16,8,0,3,3,1,11,2,5,0.59,0
1651,5544,2530,52,0.43,3,1,5,2,0,26,1,1,1007.53,0
1685,3316,4018,87,0.11,6,1,4,1,0,28,1,3,7100.8,0
1308,2912,3032,60,0.45,4,1,4,4,2,30,2,4,161.46,0
724,3728,2594,98,0.56,10,0,3,3,1,13,0,2,1523.62,0
1115,31,1557,35,0.0,6,2,4,3,0,11,0,4,3486.13,0
1723,1510,4028,94,0.11,4,1,4,2,1,24,2,2,6372.09,1
2345,9044,4214,88,0.38,7,0,1,0,1,16,2,7,2125.08,0
1088,9962,1378,57,0.05,2,1,3,3,2,23,1,2,4616.33,0
808,3651,3347,47,0.13,2,1,3,3,2,17,2,3,1265.07,0
523,5222,1767,39,0.23,8,0,2,3,0,19,1,6,581.16,0
1615,201,1527,36,0.43,2,1,2,2,0,19,1,2,164.25,0
1522,8597,4927,66,0.71,5,1,4,0,0,20,5,4,853.21,0
1820,7184,3494,74,0.13,9,1,2,0,1,13,0,3,1769.0,0
690,5124,3695,45,0.74,5,1,1,3,0,17,1,1,8060.51,0
1378,4672,3062,43,0.86,5,0,3,4,0,22,2,0,466.57,0
1357,4336,2706,40,0.65,5,0,1,0,1,22,0,3,1597.08,0
1329,9075,200,63,0.04,4,1,3,2,1,29,1,4,1561.55,0
2016,4345,942,89,0.44,5,0,5,1,0,22,0,4,305.52,0
2074,8291,4247,42,0.66,5,1,3,4,2,25,1,2,53.62,0
1958,8658,3248,68,0.98,10,6,1,1,1,19,1,5,6537.35,1
1377,9206,2225,73,0.95,8,0,4,1,0,22,1,2,6517.56,1
1088,5504,575,57,0.4,2,3,2,3,2,18,0,4,931.98,0
1006,8546,1144,69,0.62,6,1,2,1,1,25,1,6,454.76,0
511,2721,753,45,0.89,6,0,1,2,0,19,1,3,3266.96,0
757,7605,682,79,0.83,3,1,2,1,1,22,0,3,334.14,0
1061,6283,2921,57,0.48,9,4,4,3,0,21,1,7,3826.15,0
372,6294,540,97,0.26,2,3,2,1,2,22,0,2,1154.93,0
1477,9318,3031,89,0.14,5,0,5,1,0,15,0,3,223.33,0
2409,8827,571,41,0.49,2,1,3,1,1,16,0,2,7265.93,0
2251,4004,311,45,0.72,5,1,5,2,0,30,2,3,99.4,0
556,1688,3777,82,0.97,3,0,3,2,1,16,2,3,949.19,0
1926,8424,4290,83,0.86,1,0,5,2,0,13,0,7,1895.14,1
688,753,519,78,0.2,7,2,2,5,1,17,2,3,441.29,0
2103,472,3455,65,0.72,6,1,2,0,1,19,2,5,1991.81,0
849,1578,2213,91,0.29,8,1,4,1,0,21,0,2,1441.17,0
435,1746,2844,55,0.68,4,3,5,1,1,21,1,5,1621.07,0
2309,7913,804,85,0.67,1,1,3,5,1,18,2,5,859.08,0
1603,7012,2489,51,0.27,5,0,3,1,3,21,1,1,4867.33,0
1841,8866,1533,98,0.23,4,3,2,2,3,11,1,1,3186.24,0
534,1366,4866,78,0.1,5,1,2,3,1,11,0,3,1054.34,0
208,1024,2204,31,0.05,3,1,2,3,0,23,0,2,2322.06,0
161,1064,2538,82,0.86,4,1,5,1,3,17,2,3,685.56,0
1876,1774,444,36,0.05,5,1,3,2,2,19,0,6,4607.23,0
1508,6019,2048,49,0.09,8,0,5,3,0,16,0,7,1547.83,0
2425,4468,1716,59,0.24,5,0,3,1,0,19,0,2,1604.91,0
801,9614,78,96,0.89,12,1,3,1,1,12,0,3,22.97,0
1459,677,1914,88,0.33,5,0,4,3,0,22,5,1,2046.59,0
2153,3380,3969,95,0.19,6,0,2,1,0,11,3,5,56.16,0
608,5986,2961,32,0.72,1,3,5,3,0,17,0,3,2316.67,1
1545,1404,4659,85,0.32,7,3,5,2,1,16,1,2,1220.36,0
223,8300,2723,46,0.33,3,2,2,1,1,18,3,4,1455.06,0
2037,4080,3379,81,0.74,8,0,5,3,2,16,1,4,5653.49,0
1215,6992,4605,36,0.25,5,1,4,2,0,18,1,4,5062.54,0
2424,8623,3737,34,0.9,4,2,5,0,3,13,0,1,112.18,1
1414,5609,2414,83,0.56,6,0,3,4,0,26,0,2,5962.73,0
1822,3660,3335,90,0.54,4,0,2,1,2,21,1,4,189.48,0
1140,9334,3556,45,0.26,6,2,2,3,1,29,2,1,724.85,0
2291,9904,2313,96,0.84,5,0,4,1,1,22,1,2,1684.88,0
1966,3630,3691,88,0.57,5,1,5,2,3,21,2,2,2424.2,0
809,3200,3231,76,0.16,5,2,3,3,1,19,0,3,3454.09,0
291,8799,4384,77,0.21,4,0,1,0,1,24,0,5,1457.98,0
759,401,1092,93,0.47,4,1,3,4,3,19,1,0,770.69,0
312,1085,455,79,0.78,4,1,3,1,1,21,1,6,1556.5,0
1520,2660,4941,70,0.94,5,2,5,3,2,25,1,2,183.53,1
391,2394,4860,51,0.66,6,0,1,2,2,13,4,6,242.84,0
470,819,1602,83,0.51,6,0,4,1,2,22,1,6,2048.57,0
2170,8057,2785,34,0.25,11,1,5,1,0,13,0,2,896.18,0
1674,5511,3826,46,0.67,8,4,2,0,1,10,2,1,95.84,0
896,6905,3063,70,0.98,6,1,1,1,1,21,0,4,1770.21,0
1477,1169,1600,64,0.48,5,1,2,5,0,22,0,3,5963.85,0
171,7584,2241,69,0.16,8,1,1,2,3,19,0,1,892.1,0
1344,1541,1571,51,0.1,3,1,2,4,2,21,3,0,1560.44,0
1485,5491,4282,77,0.27,7,2,5,5,0,18,1,5,6543.82,1
1905,7558,3656,82,0.57,6,0,1,1,0,20,0,2,569.82,0
1877,4986,4952,39,0.95,5,1,4,0,1,21,2,1,3346.03,1
1742,5705,3248,47,0.3,4,0,5,2,2,21,0,3,629.28,0
730,8455,1610,78,0.31,7,0,1,1,0,21,1,7,3914.55,0
1027,3558,2066,100,0.48,3,1,2,1,3,23,0,1,421.48,0
2126,6173,4341,59,0.92,4,0,3,5,3,24,1,2,445.34,0
1355,6681,719,48,0.42,5,0,1,1,1,17,1,4,52.72,0
910,5274,2981,84,0.22,1,0,5,1,2,18,1,2,363.64,0
1243,1241,2742,89,0.16,4,2,2,0,1,20,1,1,897.9,0
1189,2433,803,50,0.46,5,0,5,3,0,21,1,5,1484.9,0
584,8081,3109,55,0.8,7,1,2,2,0,32,1,5,4400.5,0
433,4271,2865,57,0.29,4,0,5,4,3,15,1,0,1987.27,0
921,9775,36,68,0.51,6,1,1,1,1,13,0,2,1205.0,0
631,2918,3277,62,0.6,3,0,1,1,1,12,1,1,5420.46,0
1860,4722,94,69,0.45,4,1,1,1,1,23,0,1,929.52,0
370,6765,3111,58,0.19,5,0,2,4,1,22,0,3,225.39,0
1998,9827,1132,49,0.92,7,1,4,3,0,22,0,1,5850.05,1
733,3893,21,49,0.57,3,2,5,4,0,11,0,5,1897.83,0
347,3525,1758,41,0.73,8,0,4,2,0,25,0,2,3672.38,0
1416,3413,3119,54,0.64,5,2,4,4,3,22,2,3,135.78,0
2459,4608,1886,54,1.0,6,3,4,1,1,19,0,3,5938.19,1
2310,5018,2629,33,0.46,2,2,3,2,0,19,4,2,7819.64,1
1830,6232,189,33,0.42,3,1,5,0,0,25,4,0,23.5,0
1397,4019,806,38,0.36,3,1,3,3,0,20,2,2,1741.13,0
1602,2745,3823,44,0.36,7,2,5,2,1,19,2,2,1069.32,0
846,4501,2034,55,0.28,9,1,3,4,2,19,2,5,1427.84,0
582,8603,3227,100,0.98,8,0,5,0,0,26,0,2,394.15,1
885,984,896,61,0.87,2,2,1,2,2,19,0,2,2916.67,0
1842,233,2478,81,0.32,4,1,4,3,0,15,2,3,609.8,0
212,4623,3397,61,0.31,5,1,2,2,4,29,1,1,1972.52,0
1604,6787,1529,38,0.1,4,0,4,1,2,19,1,7,244.78,0
426,8437,2442,42,0.88,6,4,5,1,2,25,1,3,1596.17,1
1757,4221,4876,85,0.37,6,1,2,4,1,23,0,5,1122.74,0
1547,235,926,73,0.57,5,1,4,0,0,15,2,5,234.87,0
936,8193,2080,59,0.9,5,1,5,3,0,33,2,3,90.86,1
1386,4287,3986,45,0.41,7,3,4,0,2,16,1,1,3840.26,0
2204,1351,1791,41,0.81,3,2,5,0,0,14,1,5,1556.39,1
30,4046,348,95,0.43,2,1,3,1,1,20,0,2,2246.33,0
48,8411,1526,47,0.7,6,1,3,3,0,15,1,3,2301.75,0
613,3737,2880,42,0.43,6,1,1,2,2,20,0,3,664.22,0
485,3938,3592,53,0.39,8,4,2,3,0,29,1,3,2601.58,0
2066,2813,924,41,0.99,7,3,3,2,1,24,2,3,78.28,1
1162,9311,3300,89,0.61,5,1,5,2,2,18,0,3,156.65,0
1982,6568,4580,89,0.37,3,1,4,4,1,26,1,4,336.88,0
2180,403,1456,30,0.26,3,0,1,2,0,22,0,3,1554.44,0
1017,6849,1389,72,0.04,6,1,4,2,0,25,3,2,3910.75,0
549,9045,1493,84,0.71,7,1,4,0,1,15,4,5,1239.18,0
888,9726,2084,69,0.37,10,0,2,3,1,13,1,1,2488.87,0
203,8805,810,93,0.82,6,0,4,3,0,28,2,8,782.09,1
1396,591,1256,63,0.36,6,2,2,1,0,27,3,0,577.24,0
756,142,4969,63,0.37,5,0,5,2,1,20,4,3,3377.32,0
1740,2848,2747,77,0.78,2,4,4,3,3,21,2,0,641.21,1
1905,3395,3505,62,0.49,5,2,4,0,0,23,1,1,1087.74,0
1711,3780,4844,97,0.88,7,1,4,3,0,22,2,1,3694.94,0
1377,2278,3267,59,0.59,8,0,5,1,1,15,0,4,1829.68,0
1019,985,3887,100,0.24,3,2,3,0,0,13,0,1,1831.95,0
449,7615,991,100,0.57,5,0,3,1,0,17,2,4,198.49,0
623,7223,2486,58,0.0,6,1,5,1,0,15,0,5,600.85,0
1804,9745,2098,52,0.31,7,7,1,1,1,19,1,4,910.18,0
2489,2845,2962,63,0.21,6,0,1,3,1,25,1,2,1331.75,0
965,2748,1021,44,0.65,5,4,2,2,1,20,0,1,1828.44,0
1137,9559,3474,82,0.14,4,1,5,1,3,23,1,4,93.69,0
1166,4144,2760,46,0.29,4,0,1,4,2,20,0,2,5706.07,0
361,9518,2136,93,0.33,5,0,2,4,0,22,1,0,4789.54,0
2118,6843,4822,90,0.0,5,1,4,3,1,20,3,2,3800.02,0
1823,8363,3871,86,0.05,11,0,4,3,1,26,2,1,1662.69,0
988,1919,2601,66,0.31,6,0,1,2,0,19,0,5,2055.72,0
134,9329,1483,36,0.22,4,2,2,0,0,12,1,4,2792.33,0
231,9860,2531,37,0.12,3,0,2,2,2,16,1,3,394.09,0
1872,1973,1175,97,0.15,5,2,3,6,2,22,1,1,6365.78,1
1896,5163,3332,50,0.84,3,2,1,2,2,16,1,2,2415.3,0
2026,976,619,90,0.68,7,0,3,1,1,23,1,1,220.71,0
1319,899,2193,58,0.48,5,1,5,4,0,16,1,2,1594.73,0
939,3071,2541,54,0.91,3,0,2,0,3,15,1,1,519.78,0
239,6471,2871,87,0.03,7,1,3,1,0,23,1,3,552.95,0
592,6176,4660,43,0.34,3,1,2,1,2,15,1,2,2517.56,0
1593,6977,1665,95,0.82,2,2,5,1,1,19,1,3,1106.04,1
800,9868,1765,83,0.63,5,1,3,2,2,20,0,2,236.14,0
658,8111,55,96,0.98,1,4,5,0,1,20,0,3,330.24,1
1658,7389,1269,59,0.94,5,1,2,4,0,23,1,5,186.04,0
1731,9643,4648,47,0.17,7,0,2,2,1,20,1,4,61.53,0
416,7290,3242,83,0.97,4,2,4,2,1,22,2,4,3694.1,0
1965,1077,1461,50,0.95,5,1,2,1,0,14,2,5,116.42,0
2373,4233,2128,82,0.37,6,1,4,1,1,19,1,3,1367.99,0
2335,9028,2577,45,0.98,4,0,5,2,1,19,1,2,66.15,1
1134,4617,2002,57,0.04,6,0,1,3,0,19,1,3,2709.69,0
297,3995,3133,33,0.66,8,0,5,0,2,26,0,2,113.97,0
2496,3189,2350,84,0.27,5,0,4,0,2,20,2,3,121.41,0
2312,4548,4917,44,0.13,5,0,1,5,0,23,1,4,900.96,0
1886,2372,1498,93,0.58,3,2,4,1,1,16,0,5,895.85,0
2028,2234,1583,94,0.31,8,0,2,2,2,21,2,4,621.65,0
1410,6381,4972,45,0.67,6,0,4,0,2,23,0,3,5821.43,0
1266,1736,2437,49,0.54,2,0,1,3,0,21,1,2,789.8,0
603,5801,1776,93,0.39,3,2,4,0,3,14,2,4,257.75,0
78,8083,3559,62,0.18,5,1,3,3,0,23,1,5,6413.34,0
1180,8468,2319,98,0.6,5,2,3,3,1,16,0,2,1956.8,0
252,7023,4685,98,0.83,8,2,5,2,3,19,1,3,0.52,1
1461,847,2414,87,0.6,3,1,5,4,1,18,0,2,822.45,0
1558,4594,1452,68,0.61,4,0,1,0,2,25,1,1,4617.43,0
1849,696,4803,65,0.51,5,0,4,2,0,15,1,2,1672.92,0
2354,366,1986,97,0.39,5,1,2,1,2,27,3,4,765.07,0
1491,9073,3983,50,0.46,4,1,1,1,1,23,1,4,358.94,0
1160,4657,2500,92,0.99,4,0,1,3,0,25,0,3,2488.2,0
1711,4428,735,35,0.75,5,0,1,3,0,25,1,3,1622.44,0
2497,6652,3813,53,0.43,7,0,5,1,2,24,0,4,3090.65,0
404,3401,4391,82,0.46,11,3,1,2,3,19,2,1,1816.69,0
2150,4367,3837,79,0.5,4,1,4,1,1,27,0,2,3252.8,0
2051,4889,4675,41,0.66,5,0,1,2,1,22,0,0,607.49,0
1083,5329,3629,85,0.47,7,2,2,2,0,17,0,5,408.06,0
1919,2749,2897,44,0.69,2,2,1,3,0,14,0,0,1886.01,0
1853,9520,507,69,0.33,4,1,5,2,2,19,1,5,2604.3,0
1504,9737,3986,70,0.41,3,0,5,4,1,22,1,4,7110.48,0
2272,4794,714,98,0.86,4,2,2,3,0,19,0,1,1937.83,0
1209,9974,4667,98,0.33,5,0,1,3,3,23,0,4,2625.61,0
1094,887,4137,35,0.96,10,3,1,1,0,22,0,6,928.02,1
2100,2880,3691,96,0.17,6,0,1,2,0,16,1,4,2411.26,0
389,302,4148,62,0.24,3,1,5,0,0,25,2,0,2967.69,0
2071,9853,1926,72,0.46,3,2,1,4,1,18,1,3,956.83,0
1171,8738,1384,50,0.8,6,0,5,2,0,12,2,5,4115.24,0
1665,2696,1855,94,0.73,5,1,5,0,1,20,0,2,1909.82,0
1433,243,4664,46,0.17,14,0,4,2,1,22,1,2,62.8,0
1973,2384,1446,37,0.24,4,0,3,4,2,13,0,3,569.12,0
708,2282,3100,93,0.58,6,3,5,4,1,13,0,4,2555.45,1
36,976,1380,57,0.3,5,2,3,1,5,21,0,1,1433.02,0
2498,899,1938,42,0.42,5,2,4,0,0,16,0,5,1163.69,0
1621,3873,1646,42,0.49,4,2,3,4,0,14,5,3,6970.95,1
862,6164,101,67,0.59,4,0,3,1,1,28,1,3,1024.11,0
1840,3410,1853,54,0.25,4,0,2,2,1,27,1,5,256.94,0
943,8236,194,91,0.16,2,1,2,4,0,19,0,4,907.67,0
2041,4552,4833,52,0.4,6,1,3,1,1,21,1,3,6683.98,0
1472,3533,1581,50,0.08,2,1,5,1,1,19,3,3,4519.74,1
1480,1773,841,83,0.53,2,1,1,2,3,15,1,4,3688.4,0
1532,3301,4450,92,0.84,5,3,1,2,1,10,0,4,3027.56,1
155,2498,2135,59,0.12,4,3,4,0,1,20,0,3,1516.68,1
2472,1568,4272,97,0.11,2,1,5,2,1,24,2,4,865.44,0
846,4700,273,61,0.08,4,0,3,2,1,22,0,3,3069.34,0
1859,6131,1296,53,0.85,5,1,2,1,1,20,2,3,492.88,0
605,2286,1539,36,0.08,5,1,1,3,0,19,1,0,1172.3,0
2402,4449,1818,30,0.98,7,1,3,0,1,24,1,2,3709.59,1
1445,1113,1887,32,0.36,10,0,1,1,1,15,4,1,890.46,0
959,7530,1759,57,0.33,5,1,2,2,1,19,1,2,2545.21,0
1493,9621,1919,72,0.09,5,0,2,4,1,17,1,3,1187.47,0
862,5419,2633,75,0.59,6,2,5,3,1,21,0,2,302.5,0
1084,9680,1207,30,0.59,7,0,3,4,0,16,3,3,1251.44,0
1678,7879,2488,67,0.49,6,0,3,2,0,20,1,2,0.46,0
1930,2966,4873,64,0.31,5,1,4,6,0,21,3,1,2904.62,1
1487,7720,2520,83,0.37,9,0,4,3,1,23,2,1,486.36,0
1429,6027,110,53,0.32,4,0,2,0,2,12,0,3,927.98,0
472,9584,3097,57,0.43,8,3,5,2,1,13,0,2,859.43,0
2152,3394,1929,51,0.34,6,2,3,0,0,22,0,2,1371.05,0
586,9771,2301,45,0.68,6,0,5,0,3,13,2,5,2735.49,0
1208,38,3330,42,0.3,5,0,2,1,0,14,0,4,2129.65,0
2067,8907,114,91,0.35,2,3,2,1,2,23,1,3,2067.63,0
392,9222,703,72,0.44,4,2,4,1,1,16,2,1,6388.46,0
1287,9648,3250,61,0.0,3,0,4,4,3,17,2,4,153.09,0
1871,7766,3501,96,0.49,9,0,3,4,0,20,1,4,344.95,0
2339,6958,3402,86,0.26,5,1,5,2,0,25,0,1,114.38,0
1880,5765,4923,94,0.06,8,0,2,5,0,22,0,2,672.63,0
2202,3612,2278,98,0.91,7,0,4,1,2,17,0,3,343.07,0
940,5072,3793,78,0.32,7,5,5,2,2,16,3,0,830.26,1
274,8081,3522,62,0.43,4,0,2,1,2,21,2,0,1684.4,0
571,7254,899,48,0.83,3,1,5,2,2,21,2,2,298.69,1
2199,6382,799,65,0.17,4,1,1,3,0,28,0,4,262.94,0
2202,7115,4658,99,0.85,3,0,1,3,1,17,0,5,1905.55,0
1602,3591,4949,44,0.24,4,1,4,3,0,16,1,2,560.1,0
2247,2772,668,53,0.59,4,2,1,1,1,21,1,3,631.28,0
153,582,1028,56,0.69,10,1,2,1,1,23,1,3,687.02,0
1761,7715,1963,78,0.91,5,2,4,1,1,30,1,2,542.44,1
815,624,1200,52,0.61,9,2,5,3,2,21,0,3,1818.69,0
2073,4060,3716,62,0.45,9,0,3,2,2,17,0,4,293.19,0
2278,335,3667,70,0.57,5,1,1,3,1,24,0,1,647.54,0
2446,3750,4856,85,0.2,5,2,1,3,0,15,2,4,8029.73,0
826,368,2306,58,0.69,3,1,4,2,0,15,1,3,988.37,0
106,3787,784,60,0.19,5,0,2,2,2,21,1,4,1454.13,0
88,5916,2821,94,0.56,4,1,1,2,3,18,1,1,664.07,0
1553,1731,1390,47,0.65,5,3,5,1,0,21,2,6,2701.7,1
1966,1359,3192,35,0.9,2,1,2,4,2,16,1,2,1517.2,0
2186,3706,4797,81,0.45,7,0,1,3,2,16,2,1,1041.64,0
1331,3906,4824,69,0.78,1,1,1,2,1,26,3,5,7673.0,1
97,4270,4339,94,0.17,3,2,5,2,0,24,0,3,56.39,0
2382,9798,3107,71,0.16,4,1,1,2,2,20,0,3,445.97,0
1962,9829,1414,97,0.52,5,1,2,0,0,20,2,1,5487.49,0
394,6951,3811,61,0.6,5,3,3,1,0,19,1,3,10651.8,1
850,3818,1379,39,0.63,6,2,3,0,0,16,0,1,1522.64,0
1432,5256,2074,98,0.75,7,1,1,4,1,27,1,2,4748.04,0
2420,8394,2302,38,0.29,5,0,4,1,4,30,3,4,2385.94,1
976,3855,2775,98,0.62,6,0,2,3,1,16,1,2,6130.29,0
1607,2587,2827,90,0.19,5,1,3,0,2,17,2,4,1037.81,0
1407,101,726,40,0.22,8,1,4,2,1,22,2,2,1886.53,0
1469,4244,4050,97,0.07,2,1,3,1,1,21,3,4,3689.78,0
791,8682,1721,37,0.75,7,1,4,0,2,20,0,2,376.52,0
370,6602,1235,78,0.51,10,0,1,2,1,19,1,5,339.24,0
412,8138,18,53,0.24,2,2,4,2,2,17,1,2,1078.94,0
1033,1085,607,62,0.56,2,0,1,2,0,11,1,2,280.7,0
1586,2523,4128,48,0.35,6,0,4,3,1,18,2,4,575.99,0
329,8178,1618,31,0.84,6,1,4,1,3,18,0,4,2208.23,1
168,6871,3041,84,0.53,4,1,4,1,0,20,2,0,367.73,0
388,9000,3677,40,0.03,2,0,2,3,0,17,2,2,2252.26,0
865,614,2256,46,0.99,10,2,3,3,2,28,0,2,1070.85,1
1552,2989,3636,71,0.07,4,0,4,0,3,19,1,6,9338.93,1
1657,7150,4081,90,0.7,2,0,1,4,0,21,0,2,3759.86,0
2012,7075,2832,32,0.44,2,1,4,5,0,22,0,4,3172.22,1
1333,4926,101,64,0.25,2,0,2,1,1,16,0,6,704.25,0
938,6810,860,95,0.68,5,0,2,0,1,16,1,1,3130.58,0
1164,607,1117,30,0.13,4,0,2,2,0,33,1,3,1020.69,0
2216,9734,309,36,0.86,4,1,4,0,0,20,1,3,1699.29,1
1025,7330,2353,49,0.25,7,1,4,5,1,15,1,4,1240.98,1
2350,8715,1487,72,0.36,6,2,4,0,1,18,0,3,2948.62,0
2181,5632,1092,35,0.63,7,2,3,3,1,20,3,2,1578.46,0
1267,1887,2966,84,0.0,4,2,4,2,3,25,2,8,1972.43,0
1814,1709,2928,50,0.47,6,0,5,3,4,26,1,1,1635.48,0
194,9231,1375,80,0.89,4,1,2,1,1,25,3,3,4527.88,1
1028,5790,2810,75,0.68,5,1,4,3,2,31,3,1,5860.8,1
1337,726,3546,64,0.39,4,4,3,2,2,25,2,5,1123.66,0
686,4096,3961,37,0.66,6,0,1,1,1,15,1,3,1416.17,0
2241,675,2119,97,0.94,4,0,2,1,3,17,0,1,380.08,0
1939,7856,785,45,0.19,7,2,4,1,0,22,3,6,746.23,1
2076,6621,1462,96,0.53,5,1,4,0,0,13,0,0,2841.44,0
2141,1089,1691,100,0.23,9,1,1,4,0,20,1,7,2065.78,0
1170,8429,2313,93,0.85,5,2,3,3,0,23,1,0,1871.15,0
1919,8350,1861,31,0.72,1,1,5,3,0,21,1,0,1244.34,0
296,1079,1907,30,0.8,4,1,1,3,1,14,0,1,1037.95,0
1875,5273,3428,87,0.94,6,1,3,1,2,25,0,3,532.13,0
1738,7961,3607,30,0.23,8,1,3,5,1,25,1,8,4882.68,1
2323,1373,1337,36,0.05,2,0,4,2,0,29,1,2,7376.93,1
2472,4518,624,98,0.29,7,0,4,2,1,19,1,2,482.08,0
1540,1765,254,47,0.4,5,0,2,4,0,15,0,3,1061.3,0
505,529,766,61,0.63,5,2,4,3,1,23,0,3,377.96,0
1006,5473,833,74,0.8,6,0,4,2,0,18,0,0,2473.76,0
1237,7243,2837,62,0.35,6,0,3,1,1,17,1,5,2179.97,0
1073,1112,3817,78,0.47,9,0,4,3,1,21,0,4,43.04,0
1990,607,2789,62,0.79,8,1,4,1,1,20,2,3,746.5,0
587,3283,1856,100,0.23,8,0,4,3,1,23,0,1,783.5,0
1047,5791,1250,97,0.22,6,0,5,1,2,24,1,4,2521.51,0
1635,6266,4621,57,0.59,2,0,5,1,0,30,1,2,385.69,0
912,7268,483,82,0.44,4,2,2,1,0,24,0,7,5075.78,0
2224,8790,4141,73,0.95,4,0,1,1,4,20,0,2,170.19,1
695,6564,3259,84,0.36,6,1,3,3,1,16,0,3,482.11,0
1801,9609,1802,39,0.76,10,0,2,0,2,23,1,4,50.97,0
893,8012,1744,43,0.58,6,0,3,2,0,18,1,1,9594.26,0
611,4856,4935,65,0.05,7,0,1,1,0,15,1,5,3540.91,0
724,9831,3952,63,0.08,4,0,1,5,1,22,0,6,2269.27,0
1281,9196,954,47,0.2,7,1,2,4,1,22,0,3,8634.2,0
1640,4808,1521,45,0.14,4,0,5,0,0,23,0,3,32.36,0
1269,6615,4091,66,0.33,6,1,5,3,0,31,1,1,3638.61,0
2484,2996,4536,70,0.58,9,0,5,3,1,20,1,7,2308.11,0
428,410,868,54,0.6,4,2,4,1,3,23,1,5,346.9,0
1976,2865,3570,37,0.59,4,1,4,0,0,24,1,1,3186.26,0
744,3422,239,47,0.12,2,1,2,2,0,31,0,2,3005.3,0
733,66,2427,97,0.6,6,1,4,5,1,22,1,5,707.54,0
1744,8032,187,77,0.41,3,0,3,1,2,22,0,2,1291.04,0
2002,1885,3938,99,0.9,1,0,2,2,3,19,0,2,69.78,0
111,4553,2625,96,0.91,4,2,2,2,0,16,3,2,12.12,1
633,4308,1623,47,0.77,4,1,1,1,0,25,1,1,608.72,0
2000,3778,2850,47,0.7,9,1,1,2,1,33,1,1,728.82,0
1740,5762,2957,85,0.11,3,0,2,1,1,22,1,1,3865.24,0
2076,4843,1784,52,0.08,6,0,5,1,2,23,1,1,1238.17,0
932,1363,3881,64,0.84,6,1,1,1,2,22,1,3,5675.66,1
394,4997,91,35,0.43,2,1,4,0,3,13,1,3,2143.09,0
192,6607,855,55,0.45,1,1,2,3,0,17,1,3,1959.3,0
1893,4321,2819,90,0.85,7,1,3,1,1,16,0,4,779.58,0
145,2944,1226,44,0.62,5,0,2,0,1,28,1,2,527.3,0
2414,32,4723,61,0.18,5,1,3,0,0,22,3,0,1241.62,0
910,1219,3270,41,0.21,10,0,1,2,1,25,0,3,2759.69,0
869,8950,3155,34,0.01,8,0,5,2,3,13,1,1,915.25,0
2224,814,2273,93,0.71,5,1,3,6,1,12,1,7,3634.52,0
1376,8335,2347,100,0.49,4,2,5,1,2,15,1,0,2416.93,0
1066,4426,454,56,0.95,3,0,3,1,2,9,4,5,341.75,1
972,8635,932,74,0.71,4,1,5,2,2,18,1,0,835.8,0
1754,5151,4298,64,0.1,6,1,3,0,1,16,1,5,96.25,0
2364,4978,4394,55,0.16,4,0,2,1,1,13,1,3,983.38,0
1167,3681,2640,52,0.5,3,2,2,1,2,21,1,4,1319.97,0
51,7302,1177,42,0.92,6,1,1,0,0,22,0,1,3555.07,0
1779,7011,3973,32,0.25,5,2,2,1,0,15,1,2,1054.78,0
712,2108,3451,58,0.83,3,2,4,2,3,19,1,5,1933.12,1
1863,8454,3522,95,0.31,5,0,1,1,0,20,1,4,889.29,0
2397,5071,905,93,0.27,1,1,2,2,1,25,2,5,2321.22,0
155,9331,3732,57,0.9,3,2,2,4,0,27,2,4,380.43,0
306,3274,2070,65,0.05,4,2,4,2,1,27,3,5,492.55,1
2029,5445,3044,35,0.66,7,1,5,0,0,17,0,1,3922.05,0
1257,8503,2397,40,0.04,3,2,2,2,1,25,2,2,880.8,0
2271,6701,1907,67,0.8,4,1,3,2,1,16,1,3,575.63,0
725,2773,1809,63,0.83,7,4,5,1,1,22,1,3,23.69,1
1339,4015,4417,96,0.89,6,0,3,2,2,33,1,4,2527.36,0
86,3251,2790,75,0.19,4,0,5,5,0,24,0,4,1262.22,1
48,3067,1137,58,0.12,2,0,3,3,1,16,0,3,381.08,0
2341,560,348,89,0.5,6,2,2,2,3,24,0,2,4158.31,0
142,5584,4464,83,0.27,7,1,3,1,2,23,0,3,3203.09,0
571,5421,1182,98,0.61,3,4,2,4,1,19,2,4,648.7,0
608,1597,2818,38,0.51,4,2,4,2,2,19,1,6,503.43,0
1118,5930,4873,39,0.14,3,2,3,0,2,25,2,6,1078.71,0
54,5270,3039,97,0.74,8,0,1,1,1,23,1,5,907.93,0
1602,4419,2099,87,0.8,3,2,1,2,0,24,1,3,341.79,0
2078,5793,4307,81,0.96,7,1,3,3,0,12,1,4,7947.04,1
1602,722,3027,63,0.4,7,0,2,0,1,27,0,1,814.11,0
170,5416,4569,64,0.34,4,1,5,2,0,19,0,2,1510.82,0
1797,8000,458,62,0.19,4,2,4,5,0,16,1,0,2716.09,1
677,7430,4903,61,0.18,5,0,3,5,0,18,2,3,5254.88,1
2265,6853,803,84,0.32,2,0,4,5,2,19,1,2,322.94,0
230,2443,446,37,0.98,8,3,2,1,2,13,1,4,305.41,1
286,3311,4636,75,0.09,6,1,1,1,3,20,0,3,1864.96,0
576,280,4670,43,0.26,6,0,2,2,1,17,1,3,604.18,0
2271,9996,1630,37,0.09,7,2,2,1,0,24,0,5,2192.15,0
831,1089,3511,100,0.27,6,1,3,3,0,22,0,3,345.59,0
971,5332,2929,83,0.09,7,0,4,0,3,22,1,3,1722.44,0
443,8805,4318,50,0.51,1,1,5,1,2,15,0,6,2637.26,0
2044,5267,958,43,0.44,8,4,4,3,0,15,0,3,2560.66,1
1411,7992,3954,31,0.17,3,0,5,1,2,18,1,0,2602.25,0
1128,9787,1137,90,0.17,2,2,1,1,1,23,0,2,2094.06,0
939,6224,201,46,0.63,10,1,4,1,2,24,2,5,9863.79,0
217,5016,4022,77,0.39,5,4,5,3,1,18,1,1,6495.27,1
2045,3995,3770,37,0.06,2,0,4,1,2,16,0,3,200.8,0
1343,9597,3740,85,0.92,6,2,2,2,0,22,0,6,926.32,0
2122,8801,1413,46,0.4,5,1,1,2,1,22,0,5,3320.62,0
2160,8715,2000,98,0.59,7,1,4,1,0,20,2,4,1225.23,0
1176,6001,1114,41,0.89,2,0,2,2,2,12,3,1,702.51,1
387,6237,4810,67,0.4,4,0,2,2,1,19,0,2,4387.29,0
1581,9268,558,47,0.82,4,1,1,3,0,29,2,7,982.23,0
1119,7843,3458,55,0.91,0,3,4,3,2,18,0,0,53.78,1
1710,2896,1871,66,0.17,2,1,3,6,0,22,1,3,1227.82,0
2452,2663,4259,99,0.89,0,0,3,2,1,19,0,5,1032.49,0
191,9290,580,70,0.12,3,1,3,2,1,17,1,3,495.74,0
2399,4874,1794,71,0.28,4,2,2,3,5,21,2,3,890.67,0
479,2524,2297,70,0.81,8,3,4,1,2,17,2,3,262.98,1
1527,3979,2431,76,0.9,3,1,5,2,0,27,1,2,1702.61,1
1066,3294,3982,43,0.68,6,2,4,0,0,24,0,3,1088.78,0
2261,7750,814,30,0.1,6,2,1,1,1,24,1,3,225.19,0
2188,4576,808,46,0.52,3,0,5,0,1,28,2,5,10520.49,1
1980,2206,3285,84,0.57,3,0,1,2,2,16,3,2,7479.66,0
1343,799,620,82,0.28,10,1,4,2,0,16,1,2,3876.3,0
2372,3485,1816,60,0.99,4,1,1,1,2,18,0,4,571.24,0
1268,9866,4248,91,0.34,5,1,2,5,0,25,1,4,200.76,0
1003,1319,3270,37,0.21,5,0,3,0,0,18,0,3,989.23,0
661,874,4377,59,0.11,4,2,4,0,1,16,0,4,2971.13,0
1620,5399,3381,95,0.38,5,3,5,2,2,25,3,3,4093.5,1
1080,3373,2483,74,0.69,7,2,5,3,3,23,3,1,995.62,0
1618,8225,2103,47,0.23,4,0,1,0,1,26,0,2,1062.42,0
2398,3013,2152,74,0.77,5,1,3,4,1,26,2,7,15.94,0
1723,8512,4011,48,0.14,2,0,4,0,1,20,1,1,3806.02,0
466,1241,3090,97,0.44,8,0,2,3,1,35,1,2,948.44,0
1586,7969,4564,79,0.7,6,1,1,2,0,24,0,2,8655.84,0
1106,2721,1442,54,0.14,9,7,4,0,1,19,1,2,852.19,0
1334,6591,2527,67,0.6,4,1,4,2,0,14,0,3,5.48,0
2108,7715,2867,65,0.8,5,1,3,2,0,23,0,1,490.3,0
2414,431,515,97,0.6,5,2,5,3,2,27,0,2,1563.12,0
212,9975,1106,85,0.51,10,2,3,1,0,12,0,2,3209.5,0
1499,956,4189,68,0.84,3,1,1,2,1,19,1,1,46.9,0
1509,9388,4164,92,0.99,4,1,1,4,2,20,0,1,27.83,0
1619,1844,1054,36,0.18,7,2,3,0,0,27,1,2,629.92,0
1617,1574,2214,87,0.69,8,1,4,1,1,23,0,2,397.58,0
689,7342,3912,88,0.08,5,1,5,3,1,17,1,3,1329.03,0
189,4954,1362,77,0.04,7,1,1,1,0,22,1,2,4569.94,0
2489,1318,1606,34,0.28,5,2,3,2,2,25,1,2,529.57,0
1041,2996,585,65,0.97,6,1,1,1,1,23,0,0,907.92,0
82,396,689,54,0.55,5,0,5,3,3,29,1,3,2571.95,0
2485,6141,4308,74,0.27,4,3,2,1,0,19,1,1,1606.29,0
1075,9363,3722,48,0.13,10,1,2,3,2,25,0,4,406.82,0
1083,3268,3838,36,0.92,8,1,4,3,0,21,2,4,656.95,1
2337,6131,1139,87,0.36,3,1,4,2,0,15,1,2,2912.95,0
1258,4821,3914,95,0.31,2,0,2,2,0,10,2,4,240.91,0
1524,6584,3203,68,0.86,6,0,5,2,2,23,3,1,81.95,1
1519,6707,327,47,0.6,4,0,3,2,1,22,0,3,3326.9,0
1065,3943,3706,30,0.17,6,0,3,3,1,25,1,2,84.79,0
1980,1449,4511,92,0.42,2,0,5,2,2,21,0,1,639.39,0
879,6179,3006,32,0.93,3,3,3,3,0,23,2,5,1731.3,1
383,4490,3604,50,0.9,6,0,4,1,1,22,3,4,41.7,1
1128,65,3219,59,0.07,8,0,3,0,1,19,0,0,4584.25,0
1769,3334,2552,40,0.27,3,2,3,4,0,20,0,8,4961.81,0
1494,6787,688,51,0.15,6,2,4,0,1,17,0,4,982.95,0
1020,115,1899,86,0.53,7,0,1,2,1,22,2,0,3726.98,0
1294,3211,1653,32,0.75,3,2,2,3,0,32,0,2,42.19,0
1914,679,844,59,0.3,4,0,3,0,1,20,0,0,257.51,0
1839,8944,2251,74,0.76,5,0,2,3,1,15,0,5,459.66,0
2371,976,2365,65,0.67,9,1,2,4,0,12,1,2,629.34,0
2286,317,1678,93,0.73,4,0,5,2,3,16,1,4,1887.46,0
1141,2148,2563,83,0.95,5,2,5,6,1,18,0,3,7017.69,1
847,119,290,97,0.42,11,1,5,1,1,26,2,1,340.37,0
1829,3642,2772,79,0.34,6,0,1,1,0,21,2,2,3733.92,0
1990,6738,4713,60,0.68,5,0,1,4,0,25,1,2,2916.85,0
2467,5694,4588,58,0.81,9,0,2,0,1,25,2,3,957.55,0
2402,6509,1256,88,0.19,5,0,2,1,3,19,0,4,1682.84,0
918,1925,1782,65,0.85,3,4,2,3,2,16,1,4,871.45,0
1885,566,2174,96,0.06,2,0,2,2,1,20,1,3,556.61,0
1210,7629,201,40,0.01,4,0,4,2,1,24,0,4,285.62,0
697,114,2845,40,0.16,1,1,2,3,2,28,0,2,2155.98,0
662,2057,2675,55,0.98,7,2,5,1,1,27,0,3,399.39,0
1672,155,2573,82,0.52,2,2,2,1,3,25,0,7,4036.92,0
166,883,316,43,0.05,4,1,5,1,0,22,1,2,1817.57,0
1976,308,541,93,1.0,4,1,5,1,2,18,1,3,2306.94,0
1727,3248,4227,39,0.74,2,1,2,2,0,23,1,5,1920.17,0
457,8847,2706,60,0.84,6,0,2,3,1,15,0,4,2061.13,0
1505,6392,4697,65,0.21,5,0,3,1,1,17,0,0,4511.35,0
848,2521,68,39,0.11,6,0,5,4,1,15,3,4,781.71,1
2218,6606,1583,55,0.52,5,4,2,4,2,22,2,2,2488.31,0
1136,793,1150,49,0.77,3,1,2,3,0,20,0,3,362.46,0
2254,5002,1820,73,0.64,4,1,3,2,3,20,1,3,2055.69,0
227,380,3208,91,0.63,9,1,4,0,0,24,2,4,1040.22,0
2025,496,3486,38,0.76,5,2,5,1,2,23,1,4,3733.62,0
2478,7388,4504,100,0.23,3,2,5,3,0,19,1,2,849.76,0
500,3206,2572,53,0.66,4,0,3,1,0,12,2,3,3865.28,0
2295,9562,2862,41,0.39,8,2,4,1,0,28,0,4,1221.82,0
1978,4297,951,89,0.07,11,1,1,1,2,26,0,3,4529.23,0
958,2271,4633,45,0.2,5,0,3,0,0,17,2,2,14199.68,0
2040,9158,1784,58,0.79,5,0,2,1,1,23,0,1,7862.95,0
935,8582,1431,61,0.9,3,1,2,2,0,21,1,5,1158.86,0
2252,248,445,64,0.28,3,0,2,1,2,22,0,3,6765.18,0
52,6853,849,72,0.19,1,0,1,5,2,21,0,1,3783.42,0
264,1115,4011,82,0.03,4,0,2,3,1,23,1,3,25.1,0
1154,1396,4465,49,0.95,4,0,1,2,1,16,2,5,789.08,0
958,9729,4969,37,0.68,4,1,3,1,1,24,0,4,187.79,0
552,1677,2691,71,0.96,6,0,1,3,2,17,0,5,287.71,0
1838,2701,1660,99,0.86,6,2,2,3,3,18,1,0,4836.07,0
460,7766,1255,45,0.34,2,0,5,3,2,16,1,1,717.06,0
822,2006,2271,98,0.11,5,0,2,1,0,20,3,5,1738.97,0
1659,1435,925,82,0.5,5,1,1,4,0,23,1,5,1227.79,0
1766,8033,2649,74,0.03,6,0,1,3,1,16,2,4,5086.35,0
562,6859,3899,80,0.15,7,1,4,2,3,22,1,2,535.39,0
1776,3257,4491,35,0.23,10,1,4,0,0,25,2,1,1165.57,0
1705,2602,1336,62,0.67,4,0,4,2,3,24,1,3,178.46,0
1346,1500,3368,44,0.51,6,1,2,1,0,12,0,1,1986.51,0
942,1234,1595,43,0.3,7,1,1,0,0,19,2,0,4345.01,0
1154,2597,3378,68,0.56,3,0,4,2,1,9,0,3,729.56,0
1555,7724,398,92,0.13,3,0,5,0,0,29,0,4,3153.25,0
1357,3074,2801,34,0.76,5,1,3,1,0,20,1,3,290.18,0
1053,7814,3342,81,0.71,5,1,3,2,2,21,1,1,1258.28,0
1606,842,713,45,0.22,4,1,4,2,3,16,3,2,649.99,0
1408,2450,2830,67,0.61,6,0,4,3,1,24,0,2,2207.49,0
1549,4805,4969,82,0.5,5,0,4,1,0,19,2,3,2336.29,0
1711,1656,1069,82,0.06,4,0,3,1,2,25,1,0,1047.83,0
2027,450,4184,75,0.28,7,0,4,0,1,28,0,3,813.67,0
256,5966,1308,44,1.0,5,2,5,2,0,22,1,4,2995.39,1
1289,9731,1311,88,0.1,4,0,5,4,3,21,1,4,1564.98,0
902,2377,683,79,0.51,7,0,5,3,1,23,0,2,1577.69,0
921,6706,2369,38,0.85,6,2,5,3,1,18,0,4,3113.99,1
1508,5200,4309,55,0.3,5,1,1,3,1,28,0,2,1941.34,0
1066,4673,4122,32,0.26,4,0,4,1,0,16,1,2,322.93,0
2287,7072,4581,76,0.89,7,0,2,0,0,14,3,4,228.97,0
426,4341,3592,34,0.3,4,3,1,3,3,18,1,1,595.79,0
1153,9506,1026,91,0.65,8,1,2,2,1,25,0,2,915.88,0
2108,3044,219,34,0.74,1,0,2,0,1,19,0,3,628.35,0
678,9387,508,39,0.79,8,1,1,4,1,14,4,4,542.21,0
358,3272,438,92,0.99,1,1,4,0,3,16,1,6,125.43,1
1512,2117,3649,54,0.8,6,2,1,2,4,11,1,1,1450.84,0
981,7046,3161,73,0.66,2,2,3,1,1,8,0,3,41.67,0
2035,4330,2115,54,0.9,6,2,5,3,0,24,0,0,1454.47,1
2046,5948,1563,59,0.91,6,0,1,2,1,18,1,3,294.83,0
1908,2757,3216,43,0.97,6,2,1,2,0,13,2,2,4148.72,0
1226,4687,2579,72,0.78,3,0,3,1,2,17,2,2,999.04,0
1802,7982,2638,57,0.19,6,1,5,1,0,15,2,2,2970.95,0
191,4274,1886,48,0.71,5,1,2,0,1,22,0,3,570.25,0
1781,3143,1077,71,0.08,1,1,3,2,2,24,0,4,9504.13,0
805,1475,1516,49,0.32,8,2,4,0,0,16,1,2,1214.47,0
1857,4119,3023,40,0.12,4,1,1,3,0,18,2,3,2316.67,0
2351,2221,1677,83,0.95,4,1,1,1,0,20,2,3,4760.05,0
1081,5549,4598,53,0.34,3,1,3,2,0,32,0,1,695.46,0
2403,9745,4710,99,0.71,5,0,1,2,0,23,1,5,1018.72,0
969,1699,4076,46,0.57,5,0,5,2,1,25,2,0,2125.75,0
569,9773,957,57,0.11,3,1,5,2,1,16,0,4,347.5,0
851,7737,4399,79,0.56,6,0,3,0,0,31,0,1,2418.68,0
1491,7774,1181,84,0.66,1,1,3,1,1,21,4,3,3370.56,0
1118,4551,181,39,0.88,3,0,3,4,2,23,1,1,1838.3,0
385,3551,4636,50,0.07,7,2,4,3,1,21,1,0,773.0,0
264,828,1153,87,0.3,3,0,1,2,2,20,1,2,1943.19,0
2304,4531,1869,63,0.69,5,0,2,2,1,21,1,4,4375.68,0
1578,1134,2198,72,0.03,5,3,2,3,0,23,0,0,583.64,0
2126,5670,2503,40,0.2,4,2,2,6,0,19,1,7,4089.21,0
147,5651,3587,62,0.22,6,0,3,0,2,17,0,2,2646.03,0
2131,1139,198,87,0.67,2,1,4,0,1,18,0,4,1164.72,0
1703,1712,4086,75,0.29,3,1,4,0,2,23,1,5,13026.31,0
1097,2011,167,90,0.6,7,3,2,2,0,24,0,3,301.21,0
2130,6922,2727,91,0.97,0,1,2,0,0,21,3,3,1138.9,0
587,3888,1980,30,0.79,5,1,4,2,2,22,0,5,2416.09,0
1845,7242,255,50,0.33,5,2,3,0,2,15,0,5,29.93,0
2035,6341,2913,91,0.47,4,1,3,2,2,18,0,5,4479.54,0
427,6045,2805,93,0.2,2,0,2,1,1,18,2,2,860.88,0
704,6533,3834,85,0.02,5,1,5,0,1,20,1,3,452.56,0
416,8121,2387,30,0.29,6,0,3,3,0,19,0,2,738.01,0
2188,8746,859,50,0.37,4,0,5,2,0,21,3,5,440.8,0
2094,2411,1820,51,0.56,6,2,1,0,0,13,2,3,7.07,0
913,9491,3996,83,0.94,8,0,3,3,1,23,0,1,103.18,0
570,8984,2136,33,0.95,4,2,5,1,1,21,1,7,388.35,1
200,549,4274,94,0.07,4,2,1,2,3,20,3,3,2204.0,0
2486,5625,3040,80,0.61,6,0,1,2,1,23,0,7,1.96,0
769,2966,2317,92,0.04,11,1,2,2,2,23,2,5,2389.28,0
1431,8087,3086,44,0.65,6,1,5,3,1,20,1,3,307.23,0
2307,3732,2354,65,0.12,10,2,2,4,3,17,0,1,1414.64,0
148,5097,629,58,0.95,4,0,1,1,1,20,0,3,909.84,0
2181,6470,2912,81,0.86,3,0,3,5,0,29,0,2,1289.52,0
2025,2180,2417,75,0.02,9,1,3,0,0,27,0,2,2233.68,0
1735,3401,4462,98,0.78,12,0,3,0,2,21,1,3,434.62,0
1752,6952,3014,58,0.64,5,1,5,3,0,16,1,0,342.56,0
2252,1626,3924,76,0.5,4,4,4,0,1,22,1,5,5286.38,1
1727,9118,2496,54,0.6,6,2,2,3,1,18,2,2,86.97,0
1474,6468,3412,45,0.68,4,0,4,2,2,17,1,3,1474.06,0
1789,2766,3606,70,0.88,5,1,4,5,0,17,0,3,1496.88,1
1554,6863,1687,94,0.77,5,2,1,3,0,18,0,2,44.3,0
694,7719,4049,98,0.58,3,1,2,3,0,19,1,3,1037.49,0
62,1946,1314,49,0.82,6,2,1,2,3,18,1,2,1163.44,0
2132,3101,4103,98,0.99,2,1,4,2,2,24,0,2,4605.54,1
2089,978,1973,65,0.3,6,2,1,5,0,25,0,2,184.21,0
1581,7307,3317,87,0.12,7,2,1,2,0,22,1,6,2735.79,0
749,3213,1371,77,0.73,3,0,5,2,1,26,0,3,1730.11,0
2450,6509,4304,31,0.98,5,0,2,3,2,14,0,2,4023.47,0
513,5183,1797,58,0.12,4,1,2,3,0,19,4,4,91.87,0
1002,899,1083,45,0.43,6,1,4,1,2,13,1,2,1087.08,0
336,8994,1175,64,0.06,5,0,3,3,2,20,1,5,1625.37,0
486,9183,3609,91,0.78,3,1,1,1,1,19,0,2,317.4,0
2237,7392,2727,33,0.95,6,2,2,5,0,21,0,6,416.71,1
360,3541,3163,97,0.5,4,2,3,1,1,13,2,5,1663.31,0
254,811,4136,80,0.41,11,3,2,1,1,26,0,7,1760.55,0
1509,8244,3065,62,0.91,5,0,4,2,1,21,2,4,284.71,1
1112,3359,669,53,0.13,10,0,1,1,2,25,3,3,1294.07,0
673,8015,4652,54,0.89,4,1,5,2,0,18,1,2,315.22,1
645,9979,2592,57,0.39,9,0,4,1,0,20,1,10,149.93,0
224,3211,1139,36,0.56,4,0,4,3,0,23,0,4,3150.55,0
518,359,2284,65,0.53,6,3,4,1,0,27,0,6,247.01,0
2234,9769,4476,39,0.62,5,1,3,2,1,31,2,5,255.91,0
1279,9331,1478,65,0.94,5,1,4,1,0,14,1,7,1786.61,1
2489,9982,2112,47,0.95,4,2,5,1,1,21,1,2,629.13,1
1132,593,3276,35,0.83,3,0,1,3,2,17,1,6,1494.34,1
1177,3387,2481,36,0.19,8,1,2,3,2,13,0,3,95.25,0
1271,6038,1161,41,0.33,12,1,3,1,5,15,1,1,1715.32,0
545,7704,102,70,0.49,9,1,4,4,1,18,2,8,1469.4,0
1655,6206,2576,92,0.91,5,3,2,3,0,14,2,3,6716.05,1
1157,7093,1291,54,0.52,5,2,4,1,0,22,0,2,2392.5,0
422,3411,2910,82,0.98,0,0,1,5,1,26,3,2,10570.53,1
660,3195,2809,62,0.98,3,2,5,4,0,21,0,3,3539.11,1
1877,5295,3187,35,0.6,4,0,5,5,1,16,3,4,6588.0,1
1009,9364,4521,91,0.88,5,1,3,0,2,16,0,3,4572.68,0
463,6782,2614,95,1.0,6,1,2,1,1,25,0,3,6143.56,1
307,8500,3891,38,0.85,9,2,2,1,2,18,1,2,2445.53,0
262,3357,2423,96,0.66,6,0,5,1,0,27,4,2,312.41,0
1582,798,1554,45,0.85,4,0,1,1,1,21,0,6,4783.23,0
1624,4955,3540,84,0.08,6,1,3,2,1,19,2,1,1419.83,0
1143,2899,2656,69,0.63,5,0,4,1,2,21,0,6,1379.47,0
2439,9579,4794,55,0.22,6,0,3,2,1,20,0,3,1587.43,0
55,5283,2068,67,0.12,9,0,5,1,2,12,1,4,471.34,0
1447,3282,4524,64,0.89,8,2,4,4,0,18,1,1,468.52,1
2344,9079,1155,97,0.64,8,1,3,2,0,20,0,2,1676.92,0
490,5244,920,88,0.24,3,3,1,1,1,10,1,1,2996.97,0
1121,9779,3316,43,0.39,8,1,2,1,0,19,0,1,214.21,0
1036,6912,1576,76,0.97,4,0,4,2,0,25,1,4,2687.81,1
2024,7622,2405,100,0.86,5,1,3,2,0,18,0,3,405.91,0
520,2502,3015,71,0.02,9,2,1,1,0,20,1,1,1070.47,0
1102,6755,4517,80,0.98,3,0,3,4,1,22,1,2,145.94,0
245,9584,4258,48,0.37,1,0,4,4,1,27,3,3,1913.51,1
1753,4250,101,95,0.7,4,3,1,2,0,15,0,2,3825.23,0
1622,2332,4002,76,0.71,4,0,2,1,3,34,0,3,1236.66,0
188,5308,340,94,0.91,5,2,1,3,0,23,2,2,3913.56,0
715,1871,964,71,0.89,1,1,3,1,0,16,1,1,2408.45,0
1806,6630,3790,67,0.28,5,1,3,3,1,15,1,4,2721.93,0
2082,4057,2611,42,0.64,0,1,3,1,2,20,2,7,911.85,0
1873,7591,2987,73,0.39,2,0,3,1,1,15,2,2,824.73,0
2438,7330,4299,53,0.53,3,0,3,1,1,24,0,4,285.64,0
2325,1108,539,59,0.55,4,1,5,1,2,16,1,1,1713.71,0
1619,5257,2902,99,0.4,3,2,1,3,1,17,0,3,8794.46,0
1726,1744,1276,67,0.46,6,0,1,0,1,11,1,2,1537.72,0
2499,4673,1483,52,0.21,6,0,1,3,1,15,1,1,1547.43,0
1976,5919,4744,86,0.61,3,1,1,0,3,26,2,4,931.26,0
2092,3426,1607,52,0.76,3,1,4,1,0,24,1,4,555.45,0
1175,6312,2535,65,0.43,2,1,3,2,3,16,2,1,7269.61,0
2354,7603,4803,86,0.98,6,3,5,1,0,21,0,1,1108.0,1
1611,690,3771,30,0.06,3,1,4,3,0,19,2,1,316.15,0
2287,8173,2752,32,0.59,3,1,1,0,0,23,0,0,740.14,0
2379,2080,4645,43,0.58,4,0,1,3,1,17,0,2,2636.88,0
1962,6678,4435,63,0.04,7,1,5,4,1,17,0,4,6371.08,0
1787,8011,479,99,0.22,3,2,1,1,0,18,0,3,552.0,0
2080,9931,3840,98,0.91,7,1,1,2,0,14,1,3,1282.5,0
1019,2201,543,80,0.54,4,2,1,2,2,16,3,1,737.82,0
1571,8869,4572,58,0.44,3,2,1,5,0,18,1,4,798.62,0
1146,9814,4065,77,0.42,7,1,4,2,0,18,2,3,188.95,0
522,7596,3689,45,0.89,9,1,4,2,1,19,1,3,1813.35,1
649,8882,4097,86,0.37,4,1,4,2,0,33,0,4,644.76,0
2408,9174,771,39,0.86,6,0,1,2,1,25,1,2,494.73,0
2410,2856,900,48,0.31,5,2,2,3,1,26,2,4,284.76,0
2127,2473,2365,96,0.53,6,0,4,0,0,20,0,3,1159.63,0
1576,6847,1965,65,0.14,4,1,3,0,1,26,1,2,1039.31,0
892,4932,2981,33,0.83,6,1,3,1,2,18,1,3,2840.04,1
1721,4402,1682,62,0.74,5,2,2,3,1,21,0,8,1085.14,0
1635,3193,2846,57,0.53,6,0,5,0,3,19,2,2,5788.95,1
2349,3177,4937,38,0.03,3,0,3,4,1,21,0,2,1196.46,0
609,3007,4949,35,0.48,6,1,5,2,1,11,1,2,1439.96,0
1920,6531,3654,78,0.23,5,0,3,3,0,18,1,1,5041.52,0
1305,3237,2307,51,0.41,4,0,2,3,1,23,0,5,239.89,0
1885,6574,4071,77,0.86,7,3,4,0,0,17,1,1,951.35,1
1385,9930,3176,50,0.77,3,0,5,2,1,24,2,1,403.53,0
1192,2034,1329,62,0.24,6,1,5,0,0,23,0,5,1540.56,0
386,339,193,85,0.98,7,3,2,2,1,22,1,4,3500.78,0
1654,2496,1293,58,0.9,6,2,5,1,0,17,1,7,4437.27,1
2351,1165,2856,82,0.53,6,0,3,3,1,23,2,3,79.42,0
2036,4487,2243,69,0.53,7,2,4,2,1,17,2,2,941.5,0
2388,2195,4098,47,0.9,1,1,1,3,1,21,0,3,939.8,0
899,7096,1442,76,0.64,3,2,2,1,0,28,5,3,2637.42,0
915,2327,3150,42,0.54,4,0,5,2,2,14,0,2,3528.17,0
2031,3631,1806,56,0.75,9,0,5,3,2,26,1,8,818.92,0
2231,4501,4732,91,0.24,6,0,5,0,0,10,1,3,1270.1,0
1443,2521,2065,74,0.88,7,1,5,3,1,23,4,2,179.1,1
1313,7852,3346,32,0.53,3,1,2,3,2,21,0,2,179.45,0
649,8651,792,51,0.6,4,2,3,5,1,20,1,2,2602.78,0
912,9556,1517,56,0.09,5,1,3,2,0,24,1,6,3507.33,0
826,7858,4880,84,0.31,4,0,4,3,0,16,0,2,647.79,0
2202,5414,3864,96,0.43,7,0,4,4,0,26,2,0,1635.76,0
1326,5403,686,62,0.41,4,1,1,2,1,17,0,0,1524.37,0
648,1303,1840,31,0.78,6,1,3,1,0,9,3,4,4303.1,0
1864,2475,4100,75,0.28,3,1,2,3,1,22,1,4,145.16,0
274,3185,4316,62,0.18,1,3,3,1,2,17,0,3,1986.66,0
959,7859,1370,87,0.58,5,1,3,2,2,12,1,5,778.68,0
1300,9435,4595,36,0.62,5,0,4,1,1,23,3,0,2912.1,1
549,9639,2696,44,0.12,6,0,5,1,1,12,1,0,323.79,0
2439,8454,200,55,0.0,7,1,5,2,0,25,1,2,2348.58,0
37,8220,852,40,0.92,6,1,3,3,1,23,1,2,4181.81,0
2049,2769,344,67,0.08,6,1,3,0,2,22,2,4,3571.41,0
524,5265,1120,56,0.9,3,1,3,4,0,29,2,3,6084.05,1
1659,8424,588,36,0.4,2,1,3,0,1,16,0,1,269.52,0
1092,12,71,30,0.65,6,1,4,0,1,23,0,0,1988.31,0
216,8140,396,50,0.19,4,0,3,1,0,19,2,6,144.47,0
1907,1269,1179,59,0.82,4,0,3,1,1,17,1,0,1511.74,0
2170,8200,2210,37,0.18,5,0,1,1,2,20,0,2,1258.24,0
115,4333,4724,32,0.39,2,2,1,2,0,20,0,1,412.49,0
166,5783,1693,84,0.24,8,0,3,1,2,15,1,5,138.49,0
2498,2578,496,44,0.84,6,0,5,4,1,22,0,5,4276.69,1
2151,1895,3742,65,0.86,1,2,2,4,1,18,0,2,1808.93,0
1666,7070,550,35,0.37,6,2,1,2,0,15,4,0,1248.18,0
2248,7854,2070,71,0.31,1,1,3,0,2,24,1,7,1100.98,0
1781,6121,4256,79,0.77,9,1,1,4,4,12,2,3,2046.11,0
2247,9501,1248,47,0.88,6,0,3,3,3,20,2,3,805.73,0
1817,2348,1000,79,0.62,5,1,5,2,1,18,1,4,2589.45,0
901,9278,4477,59,0.93,5,1,5,2,1,21,1,4,423.43,1
2399,3768,2309,68,0.38,3,2,1,1,0,10,1,4,477.51,0
973,4820,3917,41,0.15,3,1,2,3,0,20,2,3,4712.89,0
1656,9149,4298,88,0.18,5,2,2,4,0,19,0,3,857.82,0
378,6801,1090,73,0.67,5,0,2,3,0,27,1,6,2951.57,0
1706,7181,207,33,0.41,7,1,2,1,0,18,1,2,87.69,0
1226,2741,2204,65,0.16,4,0,4,2,0,17,0,5,1370.33,0
39,879,1608,77,0.29,6,1,3,1,2,9,2,5,1187.66,0
1491,5176,1610,43,0.53,2,0,5,1,2,22,0,4,148.25,0
696,103,3702,78,0.12,6,1,2,1,0,20,0,8,2494.08,0
1552,2997,3875,96,0.0,4,1,4,0,3,23,1,6,794.28,0
2206,9977,693,38,0.92,5,1,3,0,3,19,1,3,3088.81,0
630,8637,3093,50,0.3,6,0,4,1,3,17,1,2,578.32,0
356,4957,3999,45,0.22,11,1,1,1,3,27,2,3,737.33,0
1009,6661,342,45,0.7,7,0,1,1,0,19,0,4,239.53,0
2481,6989,1781,57,0.85,8,1,2,1,1,19,0,0,462.06,0
658,6804,4210,80,0.63,3,1,1,1,2,23,0,3,6160.27,0
1659,6534,2731,85,0.25,8,2,3,0,1,26,2,2,1975.92,0
303,3154,816,86,0.86,6,0,2,1,1,20,1,5,3332.59,0
714,3597,1074,81,0.51,5,1,4,0,0,22,1,3,209.43,0
145,86,898,75,0.38,4,1,5,0,1,20,1,4,1290.68,0
890,9017,2933,67,0.6,9,0,5,6,0,21,1,4,17.08,0
2033,8969,330,77,0.7,2,2,5,1,1,18,0,7,180.58,0
722,6563,3967,70,0.59,4,1,3,1,2,29,0,4,365.92,0
1135,8307,2392,88,0.92,8,1,2,1,0,22,1,1,2187.26,0
2401,6704,3241,96,0.63,8,0,1,1,0,15,3,2,1502.16,0
2191,2883,2321,95,0.88,6,0,2,4,1,16,0,2,3718.11,0
1822,3356,3611,56,0.59,3,0,4,0,2,27,2,1,1198.86,0
183,7034,1510,61,0.33,8,4,5,0,1,18,1,1,1827.61,0
1930,3158,1578,85,0.53,8,2,2,1,3,19,0,2,1979.2,0
1457,9667,3291,39,0.09,6,0,2,2,3,17,2,3,153.71,0
1319,254,1529,69,0.23,7,0,1,2,0,8,1,5,4073.62,0
344,2635,1928,46,0.77,4,2,4,0,1,18,0,3,1317.35,0
1094,3859,4099,87,0.66,5,1,5,0,1,19,1,2,2339.03,0
134,9607,1875,35,0.17,6,1,1,2,1,16,0,0,1173.54,0
1954,9183,1415,68,0.44,6,2,5,3,1,16,0,3,1658.94,0
1943,7747,2733,47,0.14,3,2,1,3,2,20,0,1,1282.44,0
1246,8343,14,71,0.86,2,0,1,2,1,14,1,1,2159.9,0
1454,902,1178,33,0.11,9,1,5,4,1,23,1,3,236.22,0
2431,5497,2408,49,0.65,10,1,4,0,1,29,1,4,2053.65,0
1802,7261,2640,57,0.61,4,1,3,3,0,11,0,0,3021.46,0
1990,7320,357,69,0.47,9,1,3,1,1,18,2,3,137.2,0
1633,2409,4230,94,0.28,8,0,2,4,0,24,0,5,1710.94,0
738,4650,1823,73,0.4,4,2,2,4,0,24,1,1,158.26,0
680,2970,3352,52,0.81,6,0,4,0,2,18,3,7,612.64,1
976,7335,2584,86,0.76,4,0,3,2,2,19,1,4,561.6,0
690,1479,3835,76,0.74,2,0,2,4,0,18,1,4,4695.67,0
2176,3384,4603,42,0.75,4,1,3,1,1,19,0,2,496.06,0
2359,8857,62,45,0.14,8,0,3,2,0,17,2,0,585.3,0
2480,8244,158,84,0.1,5,3,3,4,1,18,1,5,1133.51,0
1162,7933,512,94,0.86,2,1,2,2,3,22,1,4,177.48,0
729,5132,879,45,0.84,4,0,2,1,0,14,2,4,961.16,0
2276,9862,3531,66,0.68,4,0,4,0,0,18,0,2,1783.59,0
2068,5397,4324,81,0.61,3,0,1,2,0,19,3,6,339.82,0
2404,7641,3881,39,0.37,9,0,2,1,2,27,0,1,5392.18,0
2231,7236,1310,67,0.22,4,3,5,0,1,22,1,5,774.53,1
581,5118,2509,73,0.67,7,1,1,1,2,23,1,3,808.6,0
434,2234,4043,83,0.91,4,0,3,2,1,16,0,3,1171.87,0
491,2120,3299,80,0.44,7,1,4,0,1,17,2,4,627.45,0
2209,967,4843,81,0.3,8,1,5,2,0,27,1,3,2298.56,0
903,7156,3863,99,0.27,5,1,5,3,2,24,1,0,926.02,0
113,570,2461,88,0.02,6,2,1,0,0,15,0,7,668.81,0
1452,9532,4395,42,0.52,2,1,4,4,0,19,2,2,191.36,0
250,7423,348,70,0.99,2,0,1,3,1,23,0,4,2452.28,0
1421,1322,2834,41,0.82,5,0,2,1,1,22,1,0,1553.98,0
141,1831,1703,79,0.9,8,0,3,1,0,20,1,6,6405.7,1
644,5656,996,86,0.62,5,2,4,2,0,20,0,0,367.1,0
1611,4955,3500,79,0.48,5,1,2,5,0,20,1,3,588.46,0
504,5384,2743,86,0.99,5,1,3,1,2,26,1,5,4519.71,0
1943,2661,3777,83,0.45,4,0,3,3,1,19,1,8,7828.11,0
300,9943,4086,95,0.92,9,2,2,1,0,18,2,4,345.35,0
2498,4711,2016,37,0.76,7,1,4,2,3,23,0,4,289.17,0
1950,2887,3117,92,0.33,5,1,5,4,1,17,0,0,6453.06,0
1420,5592,4478,38,0.5,5,2,1,1,1,24,2,3,6685.63,0
69,5400,3340,89,0.38,9,1,4,2,1,21,2,3,3749.13,0
2012,4093,3051,92,0.14,4,3,5,5,0,32,2,0,1744.65,1
2266,755,540,32,0.36,5,3,5,3,1,15,4,1,2877.79,1
1023,8759,933,42,0.89,4,0,5,7,4,20,1,3,3005.84,1
2042,951,4128,38,0.75,2,1,1,4,1,19,1,0,970.34,0
319,4033,250,81,0.28,8,1,1,2,0,25,0,8,2016.78,0
308,2306,1906,91,0.37,5,3,1,2,0,19,2,6,5618.32,0
610,949,3334,37,0.62,5,2,5,1,1,22,0,4,1011.38,0
892,1620,823,74,0.42,8,1,2,1,1,17,0,1,617.73,0
283,6310,4760,82,0.5,6,0,1,0,0,21,2,2,2858.59,0
210,1735,792,92,0.7,5,3,5,2,2,17,2,3,5654.21,1
710,9186,4065,86,0.47,8,0,4,2,1,27,1,6,1685.55,0
854,9789,17,83,0.19,6,1,5,1,1,17,0,4,2012.03,0
729,9538,3783,48,0.52,8,0,1,3,1,16,0,2,718.25,0
1379,8863,4680,96,0.36,2,2,1,3,1,19,2,1,1005.16,0
1410,7197,3149,75,0.29,7,3,1,1,1,22,1,4,1586.53,0
1703,42,3799,39,0.33,5,0,2,1,1,19,1,2,4176.2,0
2468,5995,4061,47,0.44,2,1,3,3,2,24,2,3,4343.07,0
1668,3424,527,41,0.89,7,1,2,2,3,22,0,4,2084.61,0
1987,1166,3200,78,0.73,1,0,4,3,2,13,0,3,1655.45,0
241,3136,3112,52,0.67,1,2,1,0,0,25,2,1,1614.36,0
1568,8262,4588,91,0.47,3,1,3,3,0,21,0,4,37.35,0
413,1553,2726,40,0.0,7,0,4,1,0,17,1,4,2065.19,0
1744,281,588,85,0.34,9,1,5,1,0,19,0,4,530.87,0
371,5305,4492,84,0.81,1,0,3,2,1,20,1,6,678.31,0
1868,4086,4517,54,0.39,2,1,2,0,1,25,1,3,6420.87,0
2017,5912,1875,38,0.56,3,2,1,1,0,17,0,1,626.31,0
873,2719,1386,41,0.2,9,2,3,1,1,22,2,5,5215.77,0
1564,9356,2948,40,0.92,2,0,4,3,2,24,1,4,1395.83,1
449,5231,915,67,0.92,5,0,2,2,0,21,2,3,201.01,0
2018,9947,974,57,0.15,5,0,4,2,2,16,0,1,353.91,0
1962,8539,1986,37,0.72,2,0,4,1,2,19,1,4,370.2,0
1879,6732,4769,76,0.08,2,2,1,1,1,20,1,3,723.84,0
335,8211,4930,65,0.6,5,0,3,2,0,13,0,4,929.39,0
898,4154,1897,79,0.18,3,2,4,3,2,11,0,1,1248.65,0
1165,5616,2457,38,0.15,6,2,2,4,0,21,1,0,1736.1,0
1464,6776,1001,89,0.0,1,2,4,0,0,21,0,1,3094.55,0
235,740,3566,96,0.94,9,0,4,1,2,18,1,2,621.0,1
525,4900,3969,82,0.83,4,1,2,1,1,20,2,2,819.6,0
1939,1658,3614,46,0.08,6,1,5,2,1,18,1,5,2933.16,0
1075,4238,1093,82,0.6,4,0,4,5,0,16,0,1,1693.89,0
242,2140,444,57,0.23,3,1,2,3,2,20,1,1,2549.35,0
339,4376,30,92,0.26,3,2,1,4,2,22,1,3,2207.99,0
2021,1516,2932,44,0.87,1,0,3,2,2,22,1,2,404.26,0
301,2168,1935,48,0.11,7,0,2,0,2,24,1,6,1758.9,0
1852,2926,1482,99,0.6,6,3,2,1,2,23,2,6,3706.03,0
2109,3239,1109,76,0.4,8,0,3,1,1,24,0,4,9048.72,0
472,9868,2647,100,0.19,6,5,2,3,3,15,1,6,161.41,0
2239,6275,399,77,0.45,6,0,5,1,3,19,0,3,677.86,0
283,4146,3423,49,0.94,3,3,1,1,2,13,0,3,11.61,1
550,2699,2625,66,0.78,3,3,5,0,2,17,0,3,392.91,0
1006,7200,1364,31,0.13,3,1,4,1,0,21,4,2,2199.29,1
39,2820,4531,93,0.85,10,0,1,4,0,20,1,0,1199.45,0
1613,6162,15,65,0.94,11,0,4,1,0,19,1,3,1656.31,1
1164,22,200,34,0.28,6,0,3,1,1,20,0,5,168.8,0
182,5948,157,93,0.33,5,0,2,3,0,27,1,2,1114.41,0
1688,8009,4510,36,0.13,7,1,2,3,2,17,1,3,433.42,0
1886,7229,4363,99,0.34,4,0,1,0,3,13,0,3,2333.75,0
1244,5338,3560,51,0.67,6,0,2,1,0,23,0,1,1089.91,0
1782,3631,4929,75,0.27,9,1,2,1,0,15,0,6,2156.51,0
1134,3693,4115,69,0.01,8,0,4,2,0,18,1,3,259.9,0
924,7882,1120,90,0.34,1,1,5,5,0,19,1,0,243.43,0
1141,5320,3843,75,0.45,7,1,2,1,1,21,1,1,1764.48,0
133,662,4943,57,0.57,7,0,4,1,1,25,0,1,4445.37,0
1944,5809,634,64,0.68,4,0,5,0,1,17,3,2,2737.92,1
1036,8822,4135,30,0.06,6,1,2,0,2,28,1,6,3266.5,0
436,3800,2185,58,0.47,6,0,1,2,0,24,1,6,444.95,0
1431,1655,3159,38,0.27,2,2,1,1,0,20,1,3,1422.22,0
196,4522,1088,38,0.95,5,1,1,3,3,20,0,4,4316.65,0
538,4769,3561,51,0.36,5,0,3,1,1,25,0,3,5511.26,0
1691,5884,2362,92,0.1,6,1,1,4,1,15,1,3,117.45,0
2390,3698,555,95,0.04,8,2,2,1,1,13,0,4,347.46,0
792,7699,1205,87,0.27,3,0,2,1,1,27,2,1,217.93,0
710,1389,2079,99,0.18,4,2,1,1,1,14,3,5,371.37,0
2150,4253,3368,84,0.65,5,1,1,1,1,14,2,3,342.4,0
1194,9590,2448,42,0.85,6,1,4,0,1,20,1,2,1287.09,1
611,6517,626,48,0.31,5,3,5,2,2,16,1,1,814.72,0
291,7829,4254,62,0.58,5,2,1,1,1,23,1,2,167.92,0
1393,8603,3353,94,0.73,6,0,4,2,1,18,0,4,778.67,0
1361,2663,1821,89,0.4,9,2,2,1,0,23,2,4,4618.47,0
2322,5621,181,41,0.07,6,1,1,2,2,22,0,1,1242.04,0
1568,6137,4152,72,0.23,7,1,4,0,1,17,2,3,2658.07,0
590,3933,635,46,0.88,6,0,4,0,0,28,0,4,549.38,1
1129,8469,4073,97,0.82,6,2,5,2,0,25,1,1,1254.31,0
1933,5922,2264,58,0.09,7,1,2,2,3,20,1,5,4300.94,0
204,5140,462,84,0.22,2,1,5,0,2,16,0,6,4536.32,0
2186,5449,1428,36,0.77,8,0,5,1,1,25,0,4,324.75,0
2260,7890,763,73,0.49,3,1,5,1,1,17,0,2,818.63,0
221,6459,3382,34,0.76,3,0,2,5,4,16,2,4,832.17,0
94,1735,2733,89,0.21,4,3,1,1,0,17,1,3,688.97,0
1527,9314,3020,35,0.95,8,2,5,2,1,14,2,1,1069.53,1
1597,7532,2921,36,0.78,5,1,3,3,2,14,1,5,1255.59,0
1181,4794,1235,75,0.2,5,0,2,2,1,19,0,1,1505.83,0
1967,9482,177,86,0.56,9,1,4,2,0,19,1,6,86.74,0
398,1242,3695,83,0.11,3,3,4,1,2,21,2,3,531.77,0
880,8818,95,75,0.36,6,1,2,0,1,18,1,4,2075.22,0
72,8348,1687,39,0.66,8,0,4,4,1,18,1,1,2181.88,0
1937,7456,1992,33,0.33,11,1,2,1,1,26,1,4,1870.44,0
107,4626,4954,96,0.66,4,0,1,1,1,25,0,1,460.74,0
1854,4735,1496,54,0.24,6,1,2,1,2,23,1,3,1081.01,0
1323,3687,451,90,0.72,4,2,1,2,0,18,1,3,1489.17,0
703,6297,280,67,0.36,4,0,2,2,1,20,1,4,380.24,0
730,8490,353,61,0.79,7,0,5,5,1,18,0,4,6180.96,1
788,1419,1216,52,0.14,8,0,3,2,1,19,0,7,1569.57,0
1953,8215,3091,66,0.36,3,0,1,1,1,25,1,5,134.2,0
931,266,1267,32,0.46,5,1,3,2,1,23,1,2,2999.8,0
1022,1731,2301,42,0.42,4,1,4,1,0,17,4,1,12711.07,1
1221,1433,1542,63,0.43,2,0,1,0,0,20,2,5,319.67,0
2416,4963,3432,94,0.44,8,0,4,1,1,20,1,1,60.77,0
2270,3000,4372,37,0.99,2,3,5,5,0,17,3,3,1586.72,1
1506,1205,1663,38,0.19,5,2,5,1,4,18,0,0,118.61,1
2360,4569,4998,57,0.77,0,2,1,1,0,21,1,4,178.11,0
419,4375,248,47,0.55,3,0,1,2,0,23,1,4,1535.79,0
1029,1254,924,71,0.41,11,0,3,2,1,14,1,2,6291.68,0
554,6776,1448,70,0.63,4,0,4,3,2,12,0,1,165.44,0
1885,5312,3026,99,0.85,6,2,3,4,1,23,2,1,1618.59,0
1536,1316,1470,62,0.47,5,1,1,3,2,21,1,4,1421.36,0
688,2412,3089,83,0.86,6,0,3,6,1,13,1,0,1911.1,1
920,506,2268,65,0.09,8,1,1,2,0,19,1,1,4233.2,0
1511,3409,376,85,0.65,6,2,2,1,5,17,2,4,1280.7,0
481,919,3001,46,0.33,5,2,4,2,1,30,0,2,1683.97,0
1567,382,3751,39,0.39,9,3,5,1,1,17,1,2,1718.52,0
912,6246,95,73,0.57,3,1,5,2,1,20,2,7,302.22,0
342,1354,2503,31,0.48,4,0,3,4,1,24,2,5,577.49,0
869,8525,4725,43,0.38,6,1,5,4,1,23,2,9,492.5,1
404,2441,141,70,0.31,7,0,2,1,2,17,1,3,785.45,0
480,4680,913,31,0.62,5,1,2,4,1,16,1,4,526.33,0
624,2794,3466,48,0.51,3,0,3,2,1,22,0,5,835.89,0
1263,9417,1231,30,0.32,4,2,5,2,1,13,1,3,2196.15,0
529,1705,1773,31,0.2,3,2,5,1,0,21,2,1,706.17,0
493,1917,2814,56,0.77,3,2,1,1,0,21,2,3,1341.72,0
142,4824,1236,31,0.8,2,0,3,2,2,18,2,1,4686.96,0
1065,790,1294,80,0.21,4,0,1,1,1,27,2,3,4891.74,0
2408,1029,699,39,0.26,2,0,2,5,0,24,0,3,4468.45,0
1954,1413,4792,48,0.24,3,0,3,0,0,19,1,3,1076.58,0
169,1436,4891,42,0.88,3,0,1,3,4,13,2,5,2422.23,1
1454,8865,4445,77,0.77,8,1,2,3,1,21,0,2,704.45,0
546,5878,4517,85,0.07,4,2,5,4,0,10,0,2,2695.9,0
1977,20,2006,85,0.83,6,1,3,3,0,23,1,4,6298.56,1
2195,6340,4391,79,0.04,6,0,1,0,0,21,0,5,3818.68,0
917,9240,1119,74,0.25,6,1,4,2,2,21,0,5,479.93,0
1371,2835,4955,88,0.92,1,0,5,2,1,15,0,2,1449.59,1
79,7474,439,68,0.86,3,2,1,2,1,22,0,2,3831.41,0
48,3013,4136,50,0.78,4,0,1,1,0,26,0,8,3337.93,0
755,9277,3791,84,0.46,3,1,3,2,1,13,0,3,827.27,0
2274,7205,612,86,0.32,5,1,4,2,0,18,1,4,5297.47,0
1503,6730,449,70,0.88,9,0,5,2,2,25,0,3,3647.29,0
481,3098,994,99,0.66,6,0,5,1,2,14,1,1,105.99,0
2366,1799,1928,78,0.3,4,0,3,2,0,16,0,5,9831.17,0
1194,3046,4517,73,0.46,7,0,3,1,2,24,3,6,2179.38,0
1137,7387,537,64,0.88,4,2,3,3,3,19,2,1,3024.01,0
2468,7608,4415,34,0.9,7,1,4,3,0,26,0,3,493.65,1
244,4848,3006,100,0.66,4,0,3,1,0,21,0,2,9802.21,0
1579,5882,3477,80,0.73,2,1,4,2,3,21,1,3,1590.29,0
2292,3663,1371,86,0.04,8,0,4,1,1,19,1,5,2246.8,0
157,4309,713,87,0.6,3,1,2,2,1,14,1,3,1324.33,0
1875,9278,672,65,0.69,4,1,3,2,1,12,0,1,3782.35,0
789,983,374,39,0.02,10,1,3,2,1,25,1,6,584.95,0
2481,7093,932,79,0.84,6,2,5,0,2,18,0,1,236.65,1
1845,5504,3866,66,0.93,3,0,3,3,1,19,0,1,1954.47,0
2415,9501,185,49,0.24,2,2,4,1,1,22,0,2,57.66,0
390,3416,945,42,0.85,2,2,3,1,2,25,1,2,81.11,0
598,5160,391,48,0.67,3,0,1,2,2,27,1,3,476.48,0
1445,9360,315,85,0.58,6,1,5,4,1,20,1,4,12.59,0
2295,3139,4707,74,0.84,7,1,1,2,1,17,0,2,150.62,0
1627,114,2400,89,0.29,3,2,4,1,1,16,0,1,1048.71,0
1722,7443,2213,97,0.79,5,3,1,2,0,21,0,2,1001.28,0
231,7699,4817,86,0.31,5,1,4,4,0,13,0,3,1694.65,0
2094,3577,1475,83,0.79,6,0,5,1,1,19,1,0,597.36,0
2399,4358,3281,66,0.45,5,0,2,4,0,23,0,1,916.91,0
547,4400,412,66,0.12,6,1,1,1,0,15,0,3,2592.53,0
1378,6821,4719,43,0.38,6,0,5,0,0,20,0,2,543.22,0
1465,1191,2680,73,0.23,7,0,2,1,0,18,1,3,46.05,0
1371,4654,1811,71,0.1,2,2,4,2,0,16,3,1,449.23,0
710,5883,2660,30,0.11,8,0,4,1,4,21,0,3,1028.15,1
2018,4404,186,52,0.78,4,1,2,5,1,22,2,2,3945.19,0
1521,3544,4554,93,0.88,4,0,5,0,3,24,1,6,2652.44,1
454,5854,752,57,0.93,6,1,2,2,1,20,3,3,2023.58,0
1998,5949,2358,33,0.85,4,4,1,1,0,19,0,3,838.25,1
1742,6485,4412,70,0.83,5,0,2,0,0,16,1,3,2360.11,0
2464,1784,760,89,0.07,8,1,3,2,0,21,2,2,1725.27,0
807,8293,878,47,0.79,6,1,1,2,1,20,0,2,2377.46,0
2175,456,4072,92,0.78,5,0,5,1,1,23,1,3,13068.96,0
1856,118,3977,90,0.13,4,1,1,1,1,23,0,5,3214.73,0
237,3249,223,78,0.66,5,1,4,1,1,23,0,4,1220.64,0
1567,5941,1627,76,0.45,6,1,4,2,2,25,1,1,6566.42,1
1689,4063,2540,68,0.9,1,0,4,1,2,18,4,5,449.52,1
2243,4547,3343,35,0.7,5,0,1,2,0,18,1,2,2009.55,0
51,6371,1607,82,0.95,2,1,4,3,1,16,0,4,797.86,1
183,1255,521,54,0.1,10,2,5,3,1,20,0,3,213.71,0
1992,2730,262,94,0.04,3,1,5,2,1,17,0,2,7466.53,1
248,8479,4143,34,0.97,7,2,1,2,2,17,0,2,1368.92,0
698,7751,638,94,0.08,10,1,2,1,1,22,0,1,1081.98,0
1548,5115,3486,37,0.39,4,1,2,3,1,16,1,1,318.38,0
2307,2932,996,68,0.65,6,1,5,2,2,24,1,2,3054.11,0
2097,2523,1735,72,0.88,6,1,1,3,1,21,1,3,498.8,0
979,9040,2103,34,0.25,7,1,5,2,0,23,1,3,1147.29,0
2225,2811,1711,33,0.03,6,2,4,4,1,12,0,1,1269.74,0
432,6991,314,30,0.52,7,0,4,2,1,17,0,3,374.77,0
625,8231,4088,85,0.47,7,1,5,3,1,20,2,4,3040.01,0
2444,6512,2290,74,0.31,6,0,4,3,0,18,0,2,3384.23,0
1467,6048,4350,94,0.87,8,0,3,2,2,25,1,4,6432.81,1
1187,6239,2817,32,0.75,2,2,3,2,1,20,1,6,1391.43,0
1772,9459,2896,51,0.86,3,2,3,5,0,23,1,3,1009.81,1
1336,374,3464,85,0.16,9,1,2,2,0,22,0,2,890.01,0
102,1810,1034,47,0.69,11,1,2,2,3,27,1,3,5706.27,0
510,5968,4322,54,0.98,6,2,1,2,0,13,2,2,2844.89,0
589,9106,2985,77,0.61,3,1,2,0,1,22,1,3,1447.67,0
774,7446,516,60,0.17,6,0,5,2,2,21,0,3,2576.49,0
1496,4803,4866,59,1.0,6,0,1,1,1,17,1,3,1163.7,0
129,8170,2961,95,0.53,6,0,1,3,0,20,2,4,2944.44,0
1112,189,1063,39,0.84,4,0,5,2,0,17,0,2,5297.55,1
2335,3883,2684,100,0.15,5,1,3,1,2,27,2,2,485.0,0
442,3970,2577,88,0.67,8,0,2,3,0,31,0,3,920.24,0
1118,1196,1914,80,0.91,5,0,1,4,1,22,1,2,2094.08,0
1207,783,4380,38,0.53,7,1,3,0,0,18,2,5,1470.83,0
2038,4470,4597,83,0.29,8,3,4,2,0,20,3,4,1329.98,1
2343,362,4932,91,0.13,3,1,3,2,0,19,2,2,3642.28,0
850,6953,2904,38,0.3,9,0,3,1,1,13,0,3,2771.1,0
691,5212,1110,38,0.35,5,1,2,1,1,25,5,3,1487.16,0
589,5354,3671,53,0.71,7,1,4,0,0,27,0,4,564.21,0
1301,4517,1646,68,0.18,8,0,1,3,0,21,1,2,2990.37,0
1843,4840,1465,37,0.11,4,0,5,0,2,24,0,2,1153.56,0
639,127,3623,54,0.39,4,1,1,2,0,18,1,1,5073.04,0
2491,491,48,95,0.46,2,2,2,3,1,30,1,4,5.92,0
54,4297,3094,39,0.63,5,1,1,0,0,22,2,1,1679.14,0
2058,6812,4249,53,0.71,3,1,2,2,1,15,1,1,1913.26,0
313,8308,2741,88,0.89,4,3,2,1,1,24,1,3,296.11,0
1502,4487,2425,60,0.29,3,1,1,1,3,15,1,7,1411.89,0
330,6543,768,40,0.53,7,0,5,2,1,16,0,2,246.08,0
1121,253,4352,35,0.37,5,1,5,4,1,27,0,2,1021.05,0
1060,7022,3126,99,0.0,7,0,1,3,0,18,1,5,2259.53,0
846,875,774,61,0.58,7,2,4,3,0,19,0,2,2295.04,0
112,9763,2432,68,0.82,2,3,3,1,0,20,1,3,1306.69,1
1950,5339,1324,77,0.04,3,1,5,1,0,21,1,3,3521.18,0
2123,613,4312,42,0.0,2,1,2,2,2,17,1,7,1724.28,0
647,5766,4005,88,0.73,7,0,5,0,1,24,1,6,1839.36,0
2339,4028,4039,96,0.68,6,0,4,1,2,19,1,3,384.78,0
205,5202,3703,85,0.41,5,1,1,2,0,20,0,6,1264.33,0
1219,2025,3195,70,0.66,6,1,4,0,1,22,1,2,100.19,0
871,9860,2876,85,0.95,11,1,3,5,0,21,0,8,595.24,1
399,3390,1327,64,0.25,7,0,5,4,0,17,0,4,459.94,0
1848,3780,710,67,0.25,5,0,2,3,0,33,2,7,936.92,0
2131,5839,4393,96,0.19,1,0,2,4,1,28,2,4,1278.64,0
719,1623,2211,63,0.72,5,0,4,1,1,27,1,1,516.44,0
1809,1889,1603,99,0.35,2,0,1,4,0,23,1,2,123.2,0
1394,5382,3997,40,0.99,9,2,3,2,0,23,0,1,854.62,0
1462,4118,4955,56,0.71,6,1,1,1,1,31,3,0,213.1,0
396,9301,4155,77,0.37,7,0,5,3,1,28,0,1,294.81,0
673,9276,1240,53,0.15,2,1,4,0,1,24,1,3,3295.29,0
2456,8988,2622,47,0.59,3,2,4,1,2,12,1,4,1075.0,0
102,158,3147,56,0.29,6,0,2,1,0,20,1,3,851.56,0
1301,1764,1918,83,0.91,6,1,5,2,0,29,1,2,134.12,1
889,7388,1800,84,0.44,2,1,2,2,0,20,1,0,1008.02,0
72,6691,2938,50,0.29,3,1,1,0,1,20,0,4,1636.88,0
2454,3766,1098,88,0.59,4,0,4,4,1,26,2,3,799.69,0
1094,9381,2391,63,0.14,3,0,4,3,2,21,1,2,1658.85,0
2247,9126,4137,87,0.56,4,3,3,2,1,16,0,1,13632.66,0
2289,5402,4973,77,0.06,1,1,1,3,0,15,0,1,1063.7,0
1546,9805,2955,83,0.61,5,0,5,1,1,26,2,2,1655.63,0
2116,3062,3579,47,0.53,4,1,3,4,2,15,1,2,407.13,0
398,5702,1175,32,0.52,8,0,4,4,1,25,0,4,2335.07,0
180,4228,610,53,0.68,5,2,5,2,0,23,0,6,22.48,0
1164,4813,2035,30,0.04,6,2,2,2,0,22,1,0,405.78,0
1533,2387,1594,35,0.46,3,0,1,1,1,30,5,2,909.74,0
1489,5096,997,48,0.44,8,1,2,3,0,22,3,4,2781.12,0
1100,3192,1975,72,0.46,4,0,4,1,1,15,3,6,2610.04,0
1053,3170,1449,37,0.98,5,0,3,3,0,22,2,3,4286.01,1
1628,6586,4625,98,0.14,2,2,2,1,2,24,0,4,6818.11,0
2070,8913,878,81,0.69,4,3,4,1,0,11,0,3,431.53,0
1419,2596,2073,76,0.4,9,1,2,4,2,18,0,1,6003.07,0
98,2658,1139,57,0.51,6,0,1,1,1,20,2,3,553.52,0
2376,7323,4388,75,0.76,0,1,2,0,0,19,0,4,1932.12,0
973,1727,4466,33,0.16,4,3,1,2,0,11,2,6,352.74,0
831,5318,3739,37,0.76,3,0,1,2,2,18,0,4,43.82,0
2373,7417,1944,90,0.07,4,0,5,2,3,19,1,4,758.23,0
2280,880,1086,46,0.48,5,0,3,2,0,19,1,7,502.21,0
90,3584,1649,63,0.74,4,3,2,2,0,12,0,3,836.24,0
975,5837,1402,49,0.19,5,2,4,3,2,21,2,5,654.03,0
1367,7996,40,63,0.77,6,1,5,4,0,19,2,4,245.37,0
1214,8472,713,72,0.17,4,0,3,7,1,22,0,5,468.04,0
360,9745,878,39,0.8,4,0,5,4,0,18,1,0,183.76,0
1581,8751,242,59,0.47,7,1,2,0,0,17,0,4,1511.25,0
367,5779,960,54,0.68,7,1,2,1,0,19,3,2,3517.28,0
1659,5743,68,86,0.92,0,1,2,2,2,22,0,5,1699.12,0
1357,9914,2828,92,0.41,8,3,3,3,1,22,0,1,785.15,0
1556,3250,3610,100,0.23,7,0,5,2,1,24,2,5,3746.98,0
1703,9564,3159,76,0.87,2,1,4,3,0,13,2,2,333.09,1
1391,4903,311,32,0.16,12,1,5,1,1,23,0,3,3499.01,0
1603,9486,2860,75,0.63,8,0,3,2,4,29,1,4,1918.81,0
304,896,2954,65,0.92,5,1,1,0,0,16,1,2,447.52,0
1217,5864,1933,55,0.67,6,0,1,0,2,27,1,4,466.35,0
2396,5328,326,39,0.2,9,1,1,1,0,26,0,3,121.25,0
2464,2268,1898,63,0.15,8,0,4,2,0,19,0,1,4336.62,0
2023,4392,2725,37,0.25,5,1,3,2,0,17,1,1,2784.1,0
899,1795,4795,84,0.39,5,1,3,3,1,16,1,0,5389.2,0
1044,7737,1891,39,0.16,3,2,1,3,0,25,1,3,513.45,0
1941,305,3908,86,0.8,11,3,3,1,0,13,0,2,92.33,0
632,2607,4123,74,0.36,3,2,3,3,3,27,1,3,1365.24,0
1829,690,1188,79,0.94,4,1,2,3,2,26,1,2,757.24,0
720,4900,3865,93,0.84,5,1,4,1,0,16,1,2,1071.1,1
523,4308,4883,31,0.91,6,0,3,1,0,16,0,3,1246.8,1
519,334,4465,74,0.29,4,1,1,4,0,26,1,2,3148.12,0
419,7962,341,91,0.57,4,1,5,2,0,21,0,4,2524.51,0
324,996,537,43,0.32,2,0,5,7,1,20,1,4,3022.49,1
1422,3128,2069,44,0.26,4,1,4,2,1,20,0,3,514.31,0
1747,770,1108,43,0.61,2,4,3,2,2,23,1,2,84.67,0
678,7768,221,60,0.82,2,0,2,5,1,14,0,4,4205.84,1
1903,9238,1724,58,0.09,5,3,3,4,0,17,2,6,935.0,0
597,916,2698,56,0.28,3,0,1,0,2,33,2,4,814.93,0
474,5509,2340,38,0.21,3,2,3,2,3,18,2,7,2682.17,0
392,374,3276,49,0.8,5,2,5,0,2,22,0,3,258.55,0
2200,7779,1042,87,0.93,5,1,5,1,0,17,1,5,923.25,1
1241,3423,1342,78,0.08,9,1,4,0,1,11,0,1,1227.67,0
771,8037,1850,86,0.38,6,1,1,0,3,20,0,5,8734.53,0
2071,7949,4696,45,0.91,11,0,4,3,0,17,0,2,2939.5,1
709,9271,2148,37,0.34,10,1,3,2,3,16,0,3,3980.88,0
2497,3091,4561,96,0.71,4,5,2,2,1,27,1,2,3439.1,0
1672,5458,4101,48,0.1,4,1,4,2,2,20,0,2,673.84,0
1602,3268,453,96,0.44,6,0,5,1,1,19,2,3,380.15,0
1388,2117,4184,65,0.5,3,0,1,2,0,15,1,4,5646.72,0
2169,7938,1508,89,0.76,8,0,3,2,1,11,0,5,127.38,0
92,2943,936,65,0.29,8,0,1,2,0,16,2,4,1684.68,0
1192,2839,632,40,0.26,8,1,1,3,0,20,0,1,819.17,0
1258,8643,1489,80,0.3,4,3,1,2,1,25,3,5,2568.28,0
285,5016,3047,84,0.56,5,1,5,6,0,33,1,4,588.24,0
164,1569,3395,83,0.88,3,2,2,1,2,24,1,1,2889.73,0
904,1751,3328,46,0.83,2,0,4,3,0,26,1,4,1169.35,1
851,5840,243,91,0.06,8,0,5,2,1,22,1,4,1438.09,0
2165,7533,1627,71,0.88,1,1,2,1,0,21,1,3,2939.22,0
852,635,2701,53,0.1,6,3,3,0,1,22,2,5,2015.36,0
1003,1700,2040,46,0.42,9,1,4,0,2,21,2,3,2458.28,0
1807,8292,396,77,0.77,7,1,2,0,0,21,0,3,1856.9,0
150,6320,1644,99,0.08,2,0,3,2,1,13,2,6,4633.1,0
1667,3016,4143,36,0.04,3,0,4,6,1,16,1,3,569.12,1
1394,4312,1194,43,0.33,1,1,3,2,0,22,1,5,649.68,0
1037,1098,1977,40,0.73,3,1,5,1,0,16,0,2,3272.57,0
954,6017,250,41,0.52,7,0,3,3,0,27,0,5,116.66,0
674,4621,571,34,0.42,6,1,1,0,2,25,1,0,754.29,0
2062,9382,2009,34,0.81,4,1,5,3,0,30,1,4,5026.95,1
2098,7938,4911,49,0.77,3,3,3,0,0,23,3,2,824.2,0
271,4500,1939,83,0.79,2,0,5,2,0,15,0,1,5345.33,0
2380,8388,4910,84,0.46,4,0,4,3,0,13,1,6,3676.48,0
1649,1607,2789,87,0.02,2,2,1,3,1,18,1,3,3514.47,0
832,3757,1685,59,0.17,5,2,1,3,0,16,0,1,226.33,0
993,2680,2525,53,0.74,4,4,3,1,1,18,0,0,52.02,0
98,8441,1687,32,0.75,8,2,4,1,1,22,1,6,3874.81,0
1182,2590,4151,77,0.97,7,3,5,3,1,22,0,4,2474.75,1
225,7442,3756,100,0.19,2,2,3,3,1,17,0,2,942.23,0
2217,8340,3366,51,0.12,2,1,2,1,1,22,1,7,819.94,0
2360,2516,1661,43,0.14,3,0,3,3,0,29,2,2,155.43,0
2389,4735,4187,77,0.18,8,0,2,3,2,17,0,2,1561.61,0
775,4310,3851,58,0.53,5,0,1,2,1,14,3,4,1450.07,0
1718,9951,2451,79,0.98,7,3,3,2,3,16,1,2,2007.04,1
306,8769,4895,39,0.59,9,2,3,0,1,23,1,5,2834.9,0
90,7012,604,100,0.52,10,1,1,1,0,26,1,2,827.69,0
1943,9083,2622,56,0.67,5,1,5,0,1,20,1,2,1405.46,0
2129,6141,4106,57,0.07,7,1,3,2,1,16,2,4,1024.47,0
2230,8841,1506,38,0.82,7,1,4,2,0,22,2,8,80.65,1
1802,4547,3565,100,0.65,7,2,1,1,0,23,1,5,519.69,0
1364,2345,4871,55,0.17,6,0,5,2,1,19,1,4,3771.32,0
1867,4331,4776,37,0.63,3,1,1,5,1,15,0,0,1450.97,0
596,2995,3368,31,0.6,7,2,1,1,1,23,0,2,1914.85,0
1601,569,1611,86,0.06,4,0,5,2,4,16,0,4,2211.7,0
651,723,924,81,0.27,7,0,5,4,1,23,0,1,4500.33,0
2055,4603,1854,87,0.39,3,1,5,1,1,16,0,4,1170.23,0
1230,3998,2005,32,0.24,3,3,4,5,0,20,0,4,4892.38,1
343,6213,104,37,0.24,5,1,2,2,3,23,1,4,9779.14,0
2174,266,502,88,0.57,4,1,1,2,2,16,2,5,2623.45,0
1266,8778,3079,31,0.47,3,0,3,1,2,15,0,6,3046.89,0
166,47,159,91,0.67,8,0,2,7,1,11,1,2,6308.88,1
1059,8662,1056,78,0.96,3,0,3,0,0,21,1,2,1556.95,0
2186,9642,2813,49,0.66,5,0,3,1,2,24,1,3,1416.67,0
691,1842,408,58,0.58,4,0,3,3,2,14,2,3,14.21,0
2338,7610,4960,46,0.85,4,2,4,0,1,16,0,1,578.99,1
116,5177,4486,51,0.63,0,1,4,2,1,21,1,3,1647.66,0
2153,442,561,35,0.17,6,0,2,2,2,24,0,6,6932.03,0
2491,4161,304,91,0.31,8,2,5,1,1,22,0,6,996.63,0
1338,6421,1153,60,0.73,4,1,4,1,1,23,4,3,4527.06,0
1730,1761,465,91,0.74,3,0,1,6,3,25,1,4,417.66,0
524,5007,1563,41,0.99,1,3,2,2,1,23,1,2,1334.22,1
1677,5730,178,41,0.63,4,3,1,5,0,11,0,4,803.5,1
1972,7626,4815,92,0.9,4,0,3,1,0,21,0,3,2377.57,0
1098,266,1956,45,0.05,7,1,1,7,1,27,0,2,3546.71,0
1454,681,263,54,0.57,2,1,4,2,0,19,2,4,7.21,0
626,499,2386,51,0.92,9,1,1,2,2,19,1,4,78.84,0
479,6899,1330,47,0.29,6,1,3,2,1,21,0,0,1693.32,0
514,2106,2893,74,0.15,2,0,3,2,0,12,1,0,1511.35,0
675,1692,3617,97,0.35,4,0,4,1,2,19,2,2,1719.48,0
1659,2470,2135,41,0.79,4,1,2,1,1,14,1,9,197.4,0
691,4539,3506,78,0.08,6,0,5,2,0,30,2,3,885.3,0
787,5131,2250,62,0.6,3,1,2,3,1,21,1,3,28.02,0
318,1985,410,92,0.14,4,0,5,3,1,18,1,3,5633.25,1
750,3226,2166,47,0.44,1,1,4,5,1,23,1,3,729.47,1
667,9591,2386,83,0.97,4,0,4,4,1,30,1,2,230.24,1
2312,4525,372,56,0.2,7,2,4,4,3,20,1,2,2260.92,0
2493,5702,3948,54,0.03,8,0,3,4,0,16,1,2,301.67,0
528,9786,3861,63,0.43,8,1,2,2,0,15,0,2,84.08,0
663,4949,3422,89,0.58,6,1,5,4,2,18,2,2,703.71,0
1703,5573,2316,83,0.3,3,0,2,1,4,7,1,3,4973.07,0
2060,2973,94,34,0.54,4,2,5,3,0,17,1,3,2257.66,0
144,4539,1834,65,0.95,3,2,1,3,2,24,0,4,10.85,0
703,6796,3895,83,0.31,8,3,2,1,0,23,2,2,5744.57,0
1766,6210,317,65,0.31,6,1,1,3,0,14,0,2,4421.38,0
1287,986,4367,98,0.48,5,2,4,0,1,21,0,2,399.58,0
2283,7355,1931,68,0.52,6,0,3,2,0,19,1,7,1419.31,0
2324,55,640,99,0.0,12,0,3,3,0,16,3,0,5376.94,0
176,1203,4785,33,0.62,7,0,2,2,0,19,1,3,2150.94,0
2195,4522,4970,94,1.0,10,4,1,2,0,17,0,4,14.96,0
441,4953,2381,69,0.29,7,2,1,0,1,24,2,2,338.0,0
1717,6292,3310,66,0.63,10,0,5,4,0,23,3,4,16.59,1
2440,256,3677,96,0.0,1,1,2,3,1,21,3,4,2635.41,0
1562,3229,736,60,0.6,5,0,2,2,1,21,1,3,2418.81,0
166,8993,1658,76,0.45,7,0,1,0,2,24,3,0,874.48,0
48,646,4322,56,0.53,7,2,1,1,2,17,1,3,408.79,0
2272,3785,1279,80,0.54,2,2,3,0,2,18,0,1,14389.49,0
2407,2431,4553,49,0.18,7,3,2,3,2,17,0,2,1637.29,0
1989,9290,328,42,0.77,4,1,3,3,0,13,0,3,1276.56,0
2252,4193,3485,92,0.56,5,2,4,0,1,20,4,0,3229.31,0
1031,722,2788,73,0.27,7,1,4,2,2,24,0,3,1786.68,0
478,5855,3068,53,0.94,4,0,1,2,1,14,2,6,339.47,0
1978,5333,4144,32,0.01,4,1,5,2,0,21,0,5,530.74,0
975,6042,1612,39,0.73,3,2,1,1,2,19,0,3,3507.47,0
1407,3654,2266,94,0.38,5,2,2,1,0,21,1,1,1347.77,0
1552,7783,839,78,0.52,7,0,1,4,1,19,1,3,386.4,0
170,2118,865,87,0.29,6,0,3,0,2,25,1,3,6236.92,0
1950,3624,2658,31,0.32,6,0,1,0,1,26,1,0,3192.08,0
122,9444,1868,95,0.02,8,0,3,2,0,17,2,1,3426.69,0
268,6967,1112,60,0.73,3,1,4,4,0,16,0,2,4597.17,0
234,5289,2491,97,0.71,7,1,3,0,0,23,1,5,787.25,0
1486,4342,1830,66,0.65,8,1,2,1,0,28,0,7,485.84,0
274,3910,4947,53,0.88,6,3,1,1,1,19,0,6,420.56,1
861,7949,2089,73,0.9,2,2,2,1,0,25,3,4,2387.56,1
324,6973,3168,70,0.56,5,1,3,0,1,21,1,2,539.77,0
885,4578,2450,80,0.68,5,1,3,2,2,19,0,2,1574.38,0
2094,7848,3694,71,0.01,7,1,3,1,1,20,1,2,4424.6,0
100,1855,1265,69,0.85,4,0,3,0,3,20,1,3,54.78,0
1322,392,2967,77,0.82,5,2,3,2,0,24,0,2,265.39,0
1378,4122,3661,33,0.02,7,2,1,1,1,19,0,5,1106.52,0
334,7079,2249,89,0.54,2,0,5,4,2,15,0,1,5390.72,0
1060,3820,1949,68,0.91,2,4,2,1,1,16,0,3,1282.13,1
1367,1519,279,34,0.18,5,0,4,5,0,16,1,4,1383.42,1
846,7583,4840,35,0.35,3,0,4,6,3,14,1,4,101.02,0
1156,1588,4074,43,0.33,5,1,2,2,4,24,1,3,1669.53,0
850,889,4989,99,0.36,7,1,1,4,1,20,2,3,13941.25,0
222,2172,3785,41,0.04,6,1,2,0,0,13,2,1,2107.04,0
1806,9774,1122,91,0.28,1,0,3,1,0,20,0,2,6526.11,0
558,9850,658,56,0.29,6,2,5,3,1,14,1,5,5211.86,1
2248,7724,1189,83,0.87,4,2,2,1,0,27,0,3,3596.98,0
280,1369,2152,41,0.35,7,2,1,3,0,22,0,1,483.86,0
1818,4441,26,37,0.45,6,3,3,0,0,17,0,5,1263.02,0
2056,8158,126,45,0.38,3,0,2,2,1,21,2,6,1781.58,0
2493,3970,1555,81,0.12,2,3,2,2,0,20,2,7,2299.58,0
1433,3821,3161,55,0.99,4,0,3,3,0,27,2,2,1641.9,0
1197,4252,2703,37,0.83,3,1,1,2,1,15,0,4,1717.77,0
2102,4227,4099,74,0.54,4,1,5,2,0,21,2,1,554.0,0
1126,90,1286,48,0.48,4,0,5,2,1,17,1,6,402.74,0
1877,2742,3250,46,0.65,1,0,3,2,0,16,0,2,462.28,0
534,7843,4952,94,0.33,8,0,4,3,1,10,1,3,672.34,0
1651,2719,3798,58,0.05,6,0,1,0,1,24,0,4,488.52,0
2413,2432,381,43,0.4,6,2,4,1,1,17,0,5,848.47,0
1417,3651,2817,46,0.98,5,0,4,1,0,22,3,4,1986.94,1
1252,677,165,42,0.18,3,0,4,2,0,13,1,1,2534.66,0
747,2506,2671,92,0.53,5,1,1,0,1,16,1,6,1293.55,0
368,3509,474,62,0.01,3,0,4,2,0,17,0,5,423.09,0
688,9646,4888,58,0.12,6,2,3,5,0,22,3,4,2017.61,0
991,9547,4909,66,0.59,6,0,2,5,3,19,1,2,4335.88,0
458,8090,4325,75,0.3,7,1,3,6,1,22,2,3,2613.16,0
928,6833,1783,53,0.91,1,1,2,2,3,23,1,1,191.32,0
168,1199,126,43,0.41,4,0,5,2,0,24,1,4,329.8,0
571,6614,2113,34,0.21,5,0,4,2,2,23,1,2,1675.16,0
2134,8660,1384,82,0.55,7,1,5,0,0,22,1,3,2281.56,0
1285,9414,3213,59,0.79,3,2,5,2,0,20,1,5,652.58,0
413,9113,4413,89,0.02,4,1,1,5,2,15,6,3,456.37,0
223,1035,3556,57,0.51,4,1,4,1,1,13,0,3,993.9,0
2262,7795,3987,55,0.77,5,1,5,2,0,18,1,4,412.6,0
1925,81,4327,47,0.1,4,0,2,0,0,19,0,3,1414.21,0
2369,5556,1206,65,0.9,2,2,2,1,2,22,0,1,154.19,0
761,2695,3421,37,0.26,3,5,1,6,0,16,1,5,3122.65,0
2193,9395,806,47,0.17,6,1,5,1,2,19,1,1,2733.98,0
714,7382,3902,87,0.59,2,1,5,2,2,19,2,2,421.15,0
111,1858,160,61,0.18,3,4,5,3,1,14,0,2,2566.0,1
2410,2032,3259,78,0.68,8,4,1,3,1,17,2,1,1017.26,0
2412,6348,121,77,0.49,8,3,4,3,0,24,1,3,1298.94,1
561,3751,692,100,0.11,5,1,5,3,1,19,1,2,944.48,0
2013,1308,1171,94,0.91,8,0,5,2,1,30,1,4,4827.18,0
250,4112,2389,62,0.67,4,0,3,4,3,26,1,3,2150.29,0
664,914,4998,79,0.55,4,2,2,1,0,17,2,2,747.47,0
1799,3036,170,33,0.37,3,3,4,2,1,31,0,4,2931.19,0
2400,6719,1435,65,0.13,3,0,4,2,1,19,0,3,905.9,0
1904,4721,3671,57,0.71,5,2,4,0,2,21,2,2,144.69,0
32,8031,287,32,0.81,5,1,5,1,5,18,2,1,828.8,1
1747,5979,3401,35,0.13,4,0,3,2,1,14,2,6,68.24,0
235,2630,1566,74,0.49,6,0,4,1,1,24,1,3,258.07,0
1885,2656,4602,52,0.48,8,2,1,2,1,24,2,1,95.41,0
69,4875,1925,36,0.35,9,0,1,1,2,21,2,3,980.88,0
2136,7355,4760,90,0.79,4,2,2,2,2,18,1,3,7649.59,0
673,2299,3117,94,0.1,8,2,3,0,1,24,0,3,4075.33,0
1560,7380,312,35,0.21,4,0,4,2,0,25,2,2,3604.01,0
1937,3882,4543,53,0.0,6,4,3,1,1,22,2,4,8.94,0
2173,9687,2783,66,0.37,4,0,1,2,2,20,2,1,655.49,0
927,7700,4291,74,0.29,6,3,4,6,0,20,1,6,462.35,1
1115,1450,3255,80,0.87,4,2,5,7,0,22,2,1,3212.59,1
1309,775,4778,74,0.75,9,1,1,1,2,21,0,2,79.57,0
2425,4102,1010,92,0.08,7,1,2,3,1,16,1,4,2740.71,0
700,9351,3844,58,0.74,5,0,4,0,2,17,1,6,1822.9,0
1535,2676,4016,54,0.68,5,0,2,0,1,15,1,2,395.9,0
2394,8665,4788,39,0.28,3,1,3,3,1,14,2,3,2078.58,0
748,5978,1728,64,0.02,4,0,2,0,1,20,1,2,667.38,0
1101,7651,3840,84,0.12,4,1,2,4,1,20,0,0,328.74,0
1985,2191,3191,54,0.25,7,3,5,1,0,21,1,3,876.08,0
1189,9844,2892,74,0.82,5,1,2,2,0,22,0,7,5145.65,0
279,3898,1008,41,0.47,3,1,5,0,1,21,0,2,1922.84,0
2391,850,294,33,0.92,4,0,2,2,1,19,2,6,1645.13,0
1922,5909,430,96,0.79,4,0,5,1,3,20,4,3,2623.82,1
1883,4128,2170,46,0.29,4,1,1,3,1,20,2,8,1087.86,0
1533,575,3075,94,0.85,7,0,5,1,2,22,3,5,1713.5,1
1264,6015,2285,82,0.12,3,0,1,3,0,20,1,3,582.31,0
73,9166,1504,86,0.04,6,1,1,3,1,28,0,3,1300.55,0
612,9197,3894,57,0.61,5,0,4,4,1,21,0,8,2977.08,0
1318,7236,4633,45,0.34,11,2,1,2,2,15,0,2,2585.49,0
249,9389,2553,50,0.33,5,1,4,3,0,16,0,1,3252.46,0
1955,5900,4136,71,0.69,6,1,5,3,2,11,0,1,1769.05,0
2478,4321,4267,83,0.85,2,2,3,1,1,14,2,3,3716.52,0
1020,7746,1851,61,0.32,6,1,4,0,0,20,1,4,242.91,0
1842,8858,4810,67,0.33,5,0,3,2,0,19,5,3,5109.65,0
887,2992,731,99,0.53,4,0,5,1,0,13,0,2,270.04,0
833,9315,1411,67,0.65,3,0,4,3,1,11,0,6,2127.4,0
519,6093,455,83,0.2,1,0,5,1,0,21,0,3,1961.48,0
1810,566,2801,89,0.91,4,4,3,1,1,21,0,3,2585.67,1
1523,3029,4532,76,0.65,5,1,5,1,2,16,2,2,671.75,0
1735,2590,3777,41,0.63,4,2,3,2,1,25,1,3,2144.79,0
2344,8156,2561,82,0.9,1,2,1,2,1,24,1,1,107.98,0
83,8253,1977,62,0.91,8,0,3,1,3,20,1,3,858.3,0
645,9563,3898,57,0.14,3,0,3,3,1,14,0,5,2291.07,0
1112,9396,4826,32,0.15,8,0,1,3,0,19,0,4,1212.24,0
1878,4029,2741,55,0.76,2,2,4,2,1,25,2,3,11474.06,0
984,3148,2639,83,0.96,5,2,2,2,0,20,3,5,1326.83,1
2463,9850,1974,69,0.67,4,2,4,3,1,25,1,6,2238.29,0
1659,681,1067,95,0.41,3,2,2,4,0,18,3,2,3190.74,0
679,787,4841,97,0.68,6,1,1,0,1,15,4,5,4182.36,0
2377,4937,767,76,0.23,4,1,4,4,3,27,0,4,1713.61,0
424,3032,1805,31,1.0,3,2,5,3,1,20,1,3,2816.42,1
1389,1870,1653,71,0.43,3,1,5,1,0,22,0,2,3785.46,0
2473,3149,4859,63,0.93,3,0,4,5,2,25,2,1,327.92,1
400,1084,33,50,0.43,3,4,5,1,0,16,1,4,581.69,0
887,9918,1249,73,0.93,3,0,1,3,3,16,2,0,46.31,0
820,9485,4160,31,0.34,10,2,5,3,1,28,2,3,2022.59,0
687,6773,3107,88,0.76,10,0,5,2,1,16,1,4,1728.78,0
1422,1996,1314,45,0.95,6,1,2,0,0,14,3,2,3576.04,1
413,9203,2552,49,0.65,5,1,2,1,1,17,3,8,1251.39,1
2139,6337,3722,55,0.68,3,0,3,1,0,26,1,1,1790.92,0
268,1056,3965,45,0.1,6,0,1,3,1,22,1,3,3526.34,0
224,2186,4539,99,0.47,4,1,5,4,1,30,2,4,80.33,0
2138,2348,4313,52,0.89,6,1,1,1,0,24,0,1,227.38,0
1182,510,4238,71,0.24,5,1,1,1,2,26,1,2,724.33,0
2045,2243,1315,66,0.79,0,0,2,1,1,17,1,2,529.71,0
185,4618,4474,35,0.68,8,1,5,3,2,16,3,3,381.88,0
952,7244,3184,66,0.22,6,1,3,5,1,12,1,2,57.67,0
1639,7982,3638,51,0.28,3,2,4,0,0,21,2,1,8254.15,1
1004,6620,791,35,0.43,7,0,3,2,2,27,1,3,2227.41,0
1260,610,576,61,0.13,5,0,2,2,0,21,1,1,2228.84,0
2465,4294,4632,46,0.91,4,0,3,1,2,13,2,5,2596.87,0
1844,9190,4142,67,0.74,2,0,2,2,2,19,0,0,6010.55,0
867,4493,4283,46,0.36,6,2,2,2,0,19,0,2,1284.91,0
2037,5911,648,66,0.3,4,0,1,3,1,20,3,4,2191.8,0
1393,6139,3710,52,0.69,6,3,5,2,0,22,1,4,4307.92,0
2417,1764,4177,78,0.42,3,1,4,2,0,12,0,4,1227.93,0
233,2474,2409,90,0.23,7,2,2,2,1,19,2,2,1685.05,0
190,4492,2680,78,0.43,3,1,2,2,1,21,1,1,475.87,0
421,9696,1182,90,0.87,5,1,1,2,1,15,1,4,1620.78,0
798,9054,1730,61,0.07,4,1,4,1,1,21,2,3,2085.06,0
1123,7410,114,92,0.37,5,2,2,1,3,18,1,3,249.16,0
434,6816,1692,36,0.96,2,1,5,4,2,14,2,3,1542.66,1
637,8653,4326,51,0.01,6,1,5,2,1,21,1,3,431.62,0
1644,7406,1859,35,0.89,3,0,1,4,1,21,2,6,2780.98,1
1570,7348,872,90,0.37,3,0,2,3,0,21,0,7,4464.22,0
1867,9960,3455,43,0.19,3,2,4,2,2,22,1,4,10379.15,1
719,5251,2575,45,0.01,5,0,1,3,0,19,0,2,69.64,0
1270,7404,308,32,0.07,7,3,1,2,2,22,1,1,1601.77,0
2133,6447,2918,38,0.17,4,1,3,3,0,15,1,1,1713.03,0
395,4705,4147,76,0.03,6,1,1,1,1,26,0,4,4224.5,0
1752,2598,780,71,0.34,4,2,3,0,1,25,2,2,1684.56,0
484,1792,2549,71,0.04,8,0,3,1,0,19,1,2,239.07,0
133,5957,1472,52,0.69,10,0,2,4,0,19,1,2,2277.64,0
106,6604,3864,32,0.82,4,1,5,6,1,15,2,4,949.0,1
259,3530,3128,30,0.89,7,0,4,1,0,29,0,2,15.2,1
1967,9981,2142,96,0.55,5,1,1,3,2,19,0,3,4812.67,0
2408,3228,1719,100,0.95,9,1,2,3,1,26,0,5,1335.21,0
1235,3767,1000,32,0.01,4,1,4,2,0,15,0,5,2920.42,0
922,4026,720,78,0.13,10,3,1,5,1,17,0,0,3204.02,1
1603,2847,4314,96,0.29,3,0,5,2,1,20,2,4,1563.76,0
2104,6010,48,84,0.79,4,2,5,1,1,19,1,5,1651.06,0
1705,7044,1285,33,0.89,3,0,3,1,3,18,0,5,447.16,1
328,7319,4867,60,0.62,4,0,3,1,1,30,1,3,1946.33,0
986,4249,1446,95,0.38,8,0,4,1,1,23,0,7,20.84,0
1144,4438,3003,93,0.67,5,0,1,1,2,13,0,4,107.64,0
1504,9621,1479,60,0.18,2,0,3,4,0,19,0,1,3062.46,0
394,4160,2109,92,0.46,9,0,2,2,1,15,0,2,645.14,0
1728,9532,383,95,0.51,1,1,3,1,0,24,0,1,965.84,0
380,1456,4261,60,0.1,6,1,4,2,1,17,1,4,3511.71,0
2330,9642,4035,76,0.03,2,1,2,1,0,19,1,2,1704.43,0
1934,6478,1123,51,0.75,7,1,5,1,2,18,2,4,2393.3,0
1041,5800,2736,75,0.53,6,2,2,1,0,19,3,2,949.71,0
528,4185,2408,87,0.33,5,0,4,3,0,12,3,5,9077.72,1
979,5090,3244,90,0.44,5,1,5,4,1,12,1,2,1120.84,0
2024,874,1275,75,0.96,4,0,1,1,0,20,0,5,3622.11,0
2076,6870,3133,30,0.38,3,0,4,2,1,22,1,2,768.25,0
537,8673,663,54,0.1,6,0,3,4,1,22,2,3,2953.14,0
1357,6227,4168,90,0.46,3,0,4,3,1,22,1,2,202.16,0
195,5682,518,43,0.65,4,1,4,2,2,18,1,1,11019.86,1
949,1512,2349,74,0.01,6,0,4,1,1,23,4,2,3445.52,0
143,4694,3172,68,0.33,8,2,5,4,2,15,1,2,563.11,0
1021,1420,1697,95,0.39,8,0,4,2,0,19,0,3,685.45,0
1981,3780,1398,61,0.46,5,3,1,1,0,22,1,5,809.88,0
2284,4669,2207,87,0.3,5,1,4,0,0,20,0,2,1006.2,0
1288,4011,3921,85,0.67,3,1,3,1,1,30,0,4,832.94,0
544,3493,2938,35,0.94,5,2,2,0,0,22,0,8,362.26,1
1261,4572,4809,96,0.91,8,0,5,2,0,22,0,1,4523.25,1
738,608,525,79,0.66,5,0,3,3,0,24,0,4,774.35,0
2215,9193,3668,67,0.51,3,2,1,0,1,17,1,2,910.78,0
368,3051,1843,32,0.83,3,3,4,3,1,17,1,5,865.14,1
97,8170,39,34,0.84,5,1,5,3,0,23,0,4,2435.31,1
1626,6401,3224,53,0.83,5,0,5,3,1,24,1,5,280.06,1
1594,7297,335,83,0.16,4,0,5,0,4,22,0,4,542.24,0
412,76,3776,63,0.03,3,1,3,1,1,16,1,1,669.08,0
48,8133,4121,68,0.98,4,1,2,2,1,18,1,3,2157.38,0
2151,2760,120,77,0.96,8,0,2,3,1,7,1,4,1353.97,0
602,8671,116,78,0.56,6,1,1,0,0,25,4,5,129.69,0
1329,9926,2436,63,0.99,5,1,3,2,3,18,2,2,6896.99,1
2288,6816,4388,36,0.77,3,0,3,2,0,14,1,3,225.19,0
1973,6439,4374,47,0.52,9,2,3,2,2,19,3,3,1446.54,0
680,8133,2541,99,0.39,5,0,4,1,0,23,1,5,424.85,0
1675,1641,3154,63,0.59,8,0,3,2,1,17,1,1,1711.84,0
1023,6462,4703,80,0.52,3,1,3,2,0,21,1,3,1659.51,0
1368,784,808,97,0.99,3,1,5,3,0,23,0,5,1831.58,0
930,6117,2447,43,0.49,5,2,5,2,2,22,2,6,6781.69,1
1714,7814,2021,98,0.84,3,1,5,1,0,14,0,1,1685.54,1
1615,9688,435,37,0.81,7,1,3,2,1,13,1,1,729.47,0
1953,4029,3054,44,0.07,5,2,3,1,0,21,1,3,74.42,0
1811,939,3298,88,0.09,1,1,5,1,0,10,1,3,1129.83,0
1166,3022,2924,40,0.66,7,0,1,3,0,25,3,0,3530.98,0
2247,5034,1249,49,0.26,5,0,1,2,0,23,1,3,499.2,0
1974,6274,3401,84,0.66,4,0,2,2,0,28,0,2,4316.3,0
1067,7983,4223,65,0.14,7,4,4,2,2,24,1,1,1029.1,0
1768,9707,4007,43,0.4,4,0,4,1,1,22,1,5,1360.09,0
317,4739,3016,87,0.1,5,0,2,0,0,19,1,2,1480.48,0
2266,7971,3049,67,0.28,6,1,5,2,2,19,2,2,2227.1,0
1620,2829,608,30,0.09,7,3,5,2,0,20,0,6,896.15,1
1775,6665,2097,94,0.97,2,3,3,2,2,10,1,1,2099.14,0
1128,1194,1194,30,0.4,7,0,4,2,0,12,2,3,47.88,0
2354,8490,2760,89,0.9,7,0,3,0,0,17,1,3,234.44,0
969,6353,2594,54,0.97,1,0,3,3,0,22,0,4,4817.12,0
1478,537,4769,39,0.91,9,1,4,1,1,22,1,4,1027.76,1
600,926,3523,79,0.45,3,0,5,0,1,19,0,4,102.92,0
1030,9910,4755,41,0.78,8,0,1,1,1,29,2,3,233.4,0
1235,3584,4064,61,0.15,5,0,5,2,1,21,1,4,573.82,0
947,3329,4393,62,0.09,3,0,5,3,1,23,1,3,75.56,0
1904,1416,3946,55,0.88,4,1,3,3,0,15,0,5,2039.3,0
862,1251,1709,71,0.03,6,0,3,0,0,18,1,2,1359.1,0
2270,5216,4517,79,0.97,3,0,3,0,2,19,1,1,4165.17,0
1708,7259,2585,90,0.67,5,2,4,1,2,19,1,1,2439.76,0
645,3143,145,70,0.42,5,1,4,2,0,15,1,1,441.32,0
435,808,2035,86,0.14,4,1,2,0,2,19,2,3,404.21,0
1779,1533,3545,31,0.72,1,1,3,1,2,11,0,6,2671.46,0
122,7219,4864,99,0.56,6,1,4,2,1,19,4,7,1094.05,0
683,4938,2900,60,0.71,6,1,2,2,0,12,1,6,1585.37,0
463,2898,2767,52,0.42,4,1,3,1,2,24,1,1,5490.86,0
1165,2700,3783,83,0.07,3,2,3,0,0,20,1,2,68.38,0
404,4101,390,57,0.31,7,1,1,1,0,19,0,3,2980.83,0
1096,7292,1538,48,0.32,4,1,4,2,1,23,2,3,455.88,0
236,9443,4911,77,0.01,4,3,2,5,2,20,0,2,3217.15,0
809,6259,4581,31,0.01,4,0,3,2,0,25,0,5,1592.87,0
1349,700,3638,40,0.33,5,0,4,1,1,14,1,6,858.8,0
1171,8729,858,73,0.73,5,1,2,2,0,23,4,2,1467.64,0
561,1505,4137,88,0.62,9,1,1,6,1,16,0,2,849.18,0
2243,902,1937,88,0.24,3,0,2,3,0,23,1,2,70.46,0
119,8588,2175,67,0.6,4,0,3,3,0,19,2,1,1716.15,0
1147,9451,4296,54,0.65,1,2,5,1,1,26,1,6,1921.7,0
42,5883,2131,50,0.52,2,0,5,1,1,13,3,3,848.18,0
1887,4513,4728,71,0.52,10,1,1,1,1,27,0,4,61.13,0
834,907,2928,65,0.37,9,0,3,1,0,12,0,5,663.36,0
974,720,4691,38,0.12,5,2,3,1,0,23,1,1,4933.37,0
1887,3705,482,41,0.39,7,0,4,2,3,22,2,4,202.15,0
1640,2696,1797,39,0.35,7,0,5,1,0,13,1,6,345.84,0
1989,7198,123,88,0.59,4,1,4,3,1,19,1,4,4117.9,0
1082,5788,1346,34,0.86,6,0,3,0,0,28,1,3,648.49,1
325,7778,348,62,0.38,5,3,1,3,1,23,0,6,540.36,0
955,5023,2295,98,0.71,5,2,5,2,0,22,0,1,663.61,0
669,4522,1206,92,0.81,6,0,4,7,0,25,1,1,4344.25,1
2417,425,88,58,0.21,4,0,1,0,1,17,1,3,369.01,0
657,9673,4569,47,0.9,4,1,3,4,1,18,2,1,2372.81,1
1197,4190,2662,35,0.07,10,0,2,1,1,26,0,3,4052.81,0
971,4272,4667,82,0.9,5,0,2,2,1,23,0,1,8603.66,1
859,2525,4390,61,0.16,12,2,5,5,0,21,0,2,7436.04,1
1800,9297,4328,71,0.34,3,0,1,3,0,19,0,5,4452.5,0
1005,9011,2650,76,0.61,7,1,4,1,1,22,1,5,853.07,0
984,5650,1266,60,0.91,1,2,1,3,2,16,1,2,2517.64,0
1292,6626,837,91,0.26,8,0,5,1,0,16,3,1,308.54,1
981,1002,2728,85,0.76,3,0,3,4,1,15,1,3,2332.86,0
973,9483,4933,40,0.71,7,3,1,2,2,17,0,1,1654.57,0
2232,4380,2820,55,0.16,4,2,5,0,3,15,0,3,7181.46,1
1234,1783,3395,56,0.48,10,1,5,2,1,25,3,3,515.13,0
2165,3571,1975,86,0.48,4,0,4,1,0,13,3,3,516.46,1
1564,3826,2437,56,0.3,8,2,3,2,0,14,0,0,4350.84,0
1126,6643,2851,88,0.78,8,2,1,2,1,21,0,5,1790.34,0
208,1766,623,91,0.93,4,2,5,3,1,23,1,2,2183.83,0
2289,2383,572,49,0.72,4,1,3,1,1,29,1,2,852.81,0
1858,2586,4836,32,0.97,3,2,4,0,0,20,0,5,257.77,1
1287,9093,4362,45,0.05,3,2,5,1,0,21,2,0,1562.05,0
494,4194,194,73,0.04,4,3,4,1,0,17,1,2,1603.72,0
1804,8909,2202,59,0.89,4,2,3,1,1,15,3,1,3514.45,1
1260,2407,4075,69,0.9,2,1,4,2,0,26,1,2,4241.91,0
914,5979,255,94,0.11,8,0,1,2,5,17,0,3,1332.33,0
2443,4545,4096,58,0.36,7,0,4,3,2,19,1,2,531.92,0
2353,6893,2244,59,0.84,7,1,2,1,1,13,0,3,2326.53,0
2457,8137,875,61,0.13,2,1,2,0,3,20,0,2,2117.18,0
1362,9178,2097,39,0.27,9,3,2,0,2,27,1,1,1623.94,0
1684,744,610,80,0.68,2,1,2,0,1,17,1,2,1360.4,0
974,642,3043,37,0.98,8,0,1,3,2,26,2,3,417.45,1
954,4278,2066,80,0.8,3,0,5,0,1,20,3,4,1011.96,1
1968,4109,2141,65,0.78,4,0,2,0,2,23,1,1,3138.55,0
523,2911,542,84,0.34,11,1,2,4,1,28,0,1,1482.77,0
1576,1673,2052,64,0.66,6,1,5,1,0,21,1,1,1062.82,0
1999,5601,367,65,0.11,5,0,2,1,0,25,0,1,1209.37,0
1124,3882,387,85,0.99,9,0,5,2,0,27,0,3,4711.09,0
2441,1064,2229,65,0.48,5,3,2,2,1,16,0,2,2039.6,0
1855,8582,4498,90,0.64,4,0,5,1,0,20,2,4,751.36,0
792,3092,4807,91,0.88,6,1,5,5,0,18,1,1,399.9,1
2353,8017,3317,54,0.0,2,1,3,4,1,16,2,2,2940.13,0
79,9794,2606,93,0.98,7,1,4,4,1,25,0,7,2395.49,1
935,4271,793,89,0.36,8,1,5,1,0,21,0,6,1364.79,0
593,2399,2389,86,0.34,3,1,2,0,0,25,0,3,1754.29,0
812,3563,3613,99,0.15,2,0,1,0,3,18,0,2,784.14,0
2070,5148,992,81,0.86,3,1,5,2,1,23,0,2,504.19,1
1861,9409,3952,85,0.87,9,2,2,3,0,22,1,0,263.83,0
613,554,2600,92,0.02,6,3,5,2,0,19,0,2,695.22,1
1349,3673,1052,97,0.06,2,1,3,2,0,19,4,6,380.82,0
265,2249,2548,49,0.92,7,3,1,3,2,19,3,3,1306.92,1
2133,3783,871,83,0.12,6,0,1,2,0,34,1,3,7704.85,0
1972,2637,1886,30,0.62,3,1,2,3,2,22,1,3,1230.32,0
389,6628,1845,39,0.62,4,1,4,3,0,19,0,4,5.1,0
1960,6790,4218,52,0.87,5,5,3,0,2,10,3,1,4950.87,1
139,8025,3536,80,0.57,7,0,4,2,0,14,0,5,1024.41,0
221,3140,1695,53,0.43,6,2,1,2,1,24,1,0,240.2,0
933,106,3411,42,0.97,3,2,1,3,2,18,3,1,1170.4,1
1146,3868,1632,58,0.23,9,1,4,3,1,20,0,4,2525.0,0
891,2718,4967,87,0.26,4,1,5,4,2,18,1,1,806.82,0
1113,5407,2667,72,0.08,3,1,4,2,0,17,1,3,1831.53,0
679,6162,1942,39,0.98,6,1,4,1,3,26,3,5,285.59,1
68,466,517,60,0.71,4,2,5,5,1,19,0,2,9455.85,1
666,5924,4571,43,0.01,9,2,5,6,0,15,0,3,1513.84,0
1066,4378,3488,63,0.7,2,3,5,4,0,19,0,2,20.04,0
65,4098,2666,46,0.4,5,0,3,3,2,25,0,2,2436.38,0
2178,9233,1131,50,0.97,7,2,1,1,1,13,2,2,1806.41,0
1391,8409,299,96,0.28,7,3,1,1,0,20,1,3,68.74,0
2013,1947,2839,87,0.71,8,1,5,1,0,17,0,6,139.08,0
195,1156,2219,37,0.63,5,0,5,3,2,8,3,5,431.31,0
2460,5162,4822,67,0.01,6,4,3,1,2,13,0,7,314.97,0
1909,4309,1410,55,0.89,6,1,3,2,1,26,3,4,1726.3,1
60,8128,576,93,0.14,2,3,2,3,2,24,1,7,1035.69,0
40,8644,1483,59,0.66,2,1,4,3,1,21,0,4,238.65,0
2041,7769,1997,38,0.78,7,0,1,1,1,25,0,1,2.67,0
2173,7963,3797,61,0.63,7,0,1,1,1,18,1,4,1172.44,0
2269,4794,3875,40,0.1,3,1,3,3,0,26,0,3,6434.65,0
515,9034,3270,63,0.98,5,1,4,2,3,20,1,3,645.06,1
1319,1471,3557,47,0.24,5,0,3,1,0,14,1,1,420.52,0
1477,1169,3261,48,0.63,3,3,2,2,1,19,3,7,2370.4,0
2315,396,1726,83,0.8,4,0,2,5,1,13,0,1,2860.63,0
1973,7202,1022,66,0.94,3,0,2,2,1,21,0,4,231.42,0
1993,9920,1320,41,0.6,2,1,3,3,0,16,2,6,355.23,0
1881,4785,4580,33,0.26,6,0,4,6,0,19,2,2,1894.68,1
1499,3419,627,72,0.84,7,1,5,2,0,22,1,4,888.45,0
1396,699,4746,56,0.16,4,1,1,0,0,14,1,2,212.05,0
1020,7038,4267,80,0.02,5,0,5,4,1,16,2,2,1835.82,0
854,7272,1992,34,0.91,6,1,4,1,0,12,3,0,2199.38,1
1492,5674,2238,35,0.58,6,0,3,3,2,22,1,3,2196.0,0
2183,6776,4830,85,0.07,7,3,3,2,1,33,2,4,1177.53,0
2258,9371,478,97,0.58,5,2,3,1,2,17,1,3,4839.99,0
2261,962,4126,73,0.15,2,0,2,1,1,18,1,1,1044.3,0
255,6152,4365,44,0.03,6,2,2,0,1,22,2,4,777.18,0
806,5977,1149,71,0.12,8,0,2,1,1,23,1,5,1009.9,0
1142,7215,1446,40,0.78,7,0,5,3,1,15,1,3,2685.02,0
717,2494,546,40,0.76,5,1,1,1,1,21,2,2,1805.57,0
559,1864,961,95,0.6,5,2,3,5,1,17,2,4,799.98,0
1001,3241,2823,56,0.21,8,0,3,2,1,17,1,4,1447.25,0
965,2607,3016,87,0.74,7,1,5,1,2,19,1,4,1026.87,0
1452,7839,4004,50,0.41,5,1,1,1,1,19,1,4,7156.42,0
2183,8196,1850,50,0.51,6,2,1,4,1,23,3,1,1477.08,0
1324,3993,860,30,0.9,6,2,5,2,1,17,1,4,316.48,1
2028,6973,1981,87,0.46,4,2,3,3,1,26,0,0,1182.04,0
1556,6694,1201,42,0.63,4,2,4,5,1,11,1,2,556.93,1
708,666,3930,35,0.96,7,1,4,2,0,12,2,1,1087.8,1
2470,7753,4638,87,0.45,2,1,1,0,1,26,2,2,439.15,0
69,6849,2072,46,0.56,3,1,1,2,0,11,5,3,863.16,0
1135,9998,3056,41,0.58,2,1,3,0,0,21,0,2,4116.37,0
874,6322,4409,81,0.24,2,1,1,0,5,29,1,0,546.57,0
1773,7948,3568,99,0.74,6,1,5,5,0,24,0,1,2116.11,1
2278,9964,4521,81,0.73,2,1,4,1,1,22,0,0,1253.68,0
476,6186,314,66,0.21,5,0,4,2,0,21,3,1,7481.85,1
1264,3295,4918,32,0.01,6,1,1,4,1,21,0,2,47.58,0
1380,9787,2857,37,1.0,3,0,5,5,2,25,0,7,1038.8,1
256,5569,2445,39,0.58,7,4,1,4,2,20,1,2,1545.32,0
77,3573,2814,76,0.18,5,0,1,2,0,19,2,0,722.25,0
1492,4594,1994,70,0.28,5,1,5,0,3,19,3,2,6379.18,1
1860,4827,3946,93,0.62,2,0,5,0,1,17,0,5,4464.57,0
216,5051,722,71,0.14,10,2,2,0,1,15,0,1,646.08,0
2422,6192,2905,72,0.04,2,2,4,4,0,23,1,3,465.08,0
2301,8036,1691,38,0.8,3,1,1,1,1,21,1,4,80.96,0
1962,3254,1343,43,0.72,5,0,3,2,1,22,3,3,362.57,0
878,1050,3208,33,0.31,5,1,1,1,0,20,0,1,3368.82,0
2062,2283,184,31,0.06,5,2,1,4,1,23,2,0,4414.51,0
1282,3639,3215,30,0.49,10,1,3,2,1,14,1,1,523.01,0
1443,2124,1426,94,0.28,5,2,4,3,1,23,1,1,2102.62,0
1008,7374,1997,75,0.4,7,1,2,1,0,15,1,6,1241.65,0
1642,1687,4863,88,0.27,5,1,5,3,3,21,1,3,92.33,0
1046,3104,1782,36,0.18,7,2,2,1,2,25,0,3,296.89,0
2265,9200,4276,95,0.39,5,2,1,1,0,25,3,3,571.58,0
1911,5883,1084,44,0.96,4,2,1,2,0,17,1,2,8142.43,1
299,2294,4770,76,0.27,3,1,3,0,3,14,2,3,1488.15,0
1660,5062,601,69,0.34,6,0,3,2,0,22,2,4,1835.64,0
339,7072,2988,71,0.33,3,1,1,5,0,20,0,1,2155.09,0
2073,1599,3992,80,0.48,3,3,2,0,1,20,3,4,1310.63,1
1604,9363,2420,64,0.84,7,1,2,1,0,21,1,2,3204.09,0
1125,2530,857,70,0.4,8,1,4,2,0,19,2,3,3363.85,0
1725,4658,503,86,0.81,5,2,1,2,0,23,0,3,41.43,0
1475,5739,555,67,0.12,5,0,5,1,2,26,0,3,3257.08,0
2197,704,2296,37,0.89,4,1,5,1,0,19,2,2,264.35,1
249,7817,2707,92,0.19,5,1,2,4,0,15,1,4,4223.52,0
82,3693,3847,33,0.04,4,0,3,1,0,9,0,1,45.61,0
1787,6714,1550,77,0.16,3,1,3,2,1,13,2,3,2606.65,0
1504,7378,893,81,0.19,4,0,2,0,3,21,0,1,7116.97,0
1696,1981,3966,67,0.51,3,0,4,5,0,24,0,1,371.85,1
1290,9705,3104,34,0.45,7,2,1,5,1,15,0,1,3290.77,0
749,8065,2375,99,0.72,10,2,5,4,0,14,1,3,739.79,0
435,4228,3357,53,0.05,5,2,2,2,2,21,0,2,1024.35,0
2499,1878,3081,46,0.5,6,3,3,4,0,17,1,4,2010.3,0
2324,1681,3685,55,0.33,4,0,1,1,0,12,1,4,3476.15,0
101,9284,4725,32,0.63,4,3,5,0,4,21,3,1,1525.46,1
1883,1738,962,31,0.04,7,2,4,1,5,28,0,2,2925.87,1
2262,7642,3310,31,0.03,7,0,2,2,0,22,3,2,3733.24,0
2083,6413,3745,51,0.43,6,1,1,0,0,26,0,2,4973.26,0
1259,6102,3189,100,0.81,2,2,5,5,1,34,0,3,1640.8,1
1597,2152,2973,33,0.67,4,0,4,2,0,18,1,5,906.82,0
416,9350,4037,67,0.02,8,1,3,2,1,11,0,5,2441.4,0
1821,6194,3257,99,0.18,9,1,1,0,3,14,0,8,4872.46,0
728,6020,4425,81,0.23,11,3,2,3,1,19,1,6,530.39,0
1230,263,3367,60,0.42,4,1,5,1,0,19,1,5,1760.5,0
856,4112,4981,55,0.59,5,1,3,4,1,13,1,4,750.61,0
1852,3552,4858,65,0.22,6,0,3,3,0,21,4,2,1952.04,0
378,2785,2714,55,0.38,3,1,5,4,2,20,2,0,2125.16,0
1308,7688,1047,57,0.58,2,1,5,2,1,24,0,4,5051.66,0
337,6222,80,34,0.38,10,1,5,1,2,16,0,3,1242.97,0
1180,4647,2884,47,0.14,7,2,1,6,1,18,3,2,1224.61,0
1990,6044,115,44,0.49,5,0,2,1,0,19,1,2,7666.68,0
2364,8467,779,86,0.32,5,0,3,3,2,24,1,3,2797.46,0
795,6486,2019,34,0.86,3,0,4,0,2,14,1,2,741.88,1
754,3158,2950,66,0.78,2,0,5,2,0,30,1,1,1490.5,0
1649,3369,2202,51,0.19,3,1,2,2,1,15,0,4,766.76,0
412,1014,3505,81,0.15,6,1,4,0,1,21,4,3,1712.15,1
2465,4727,4321,44,0.35,3,1,1,2,1,21,1,4,3065.09,0
554,3281,4365,46,0.41,7,0,3,3,3,23,1,2,515.72,0
305,219,943,80,0.93,1,1,2,0,0,16,0,5,651.89,0
366,9089,584,74,0.3,8,0,2,5,2,17,1,4,483.78,0
2003,5549,3940,92,0.87,8,0,3,4,0,13,2,2,323.28,0
510,163,4390,57,0.51,4,0,3,0,0,19,0,4,295.24,0
940,3603,4097,88,0.89,3,1,5,3,0,18,0,2,1800.5,1
2026,8616,2541,50,0.7,4,1,3,0,3,18,1,6,201.5,0
1381,1294,2429,71,0.71,4,0,2,2,2,25,0,5,1941.44,0
2063,3158,79,98,0.52,3,1,5,1,1,29,0,4,2611.83,0
1784,778,4484,46,0.84,6,2,3,2,2,24,1,2,1663.05,1
138,9184,1312,97,0.25,5,0,4,3,0,16,1,6,320.76,0
357,5617,3824,36,0.91,12,1,4,3,0,21,5,5,2475.24,1
1829,3212,2359,69,0.64,5,2,3,2,2,17,0,4,6827.98,0
344,2797,264,69,0.44,5,1,2,0,1,25,1,2,1944.8,0
1164,2220,1717,72,0.98,3,0,5,1,0,15,1,4,1208.96,0
810,9240,4797,80,0.86,9,5,5,0,0,27,2,2,664.87,1
1550,7409,843,52,0.77,5,1,5,1,0,20,3,1,2303.17,1
185,6348,2774,61,0.27,8,0,1,2,0,18,1,7,2602.34,0
1526,8743,2481,60,0.97,6,1,3,4,0,18,0,4,1638.99,0
1754,368,3752,46,0.74,3,1,1,3,1,26,1,2,626.9,0
916,859,2045,87,0.61,3,1,1,1,2,17,1,3,6809.65,0
751,7508,1977,64,0.92,4,1,4,2,0,23,0,5,342.78,0
942,4532,109,59,0.16,9,1,5,0,0,23,0,4,6559.19,0
900,2554,1862,93,0.14,8,1,1,4,0,22,0,4,82.09,0
42,1841,3193,82,0.56,7,2,2,0,2,15,1,3,551.66,0
527,1482,2365,80,0.06,5,1,3,1,2,17,0,2,1923.39,0
1786,9638,121,66,0.66,8,1,2,1,4,15,2,2,1713.75,0
2315,339,3168,35,0.24,6,1,5,4,1,16,1,3,1939.85,0
1147,5861,192,63,0.12,4,0,4,2,0,10,1,3,2543.81,0
1224,7042,3862,85,0.41,3,1,2,2,0,17,3,6,159.44,0
2034,5276,174,54,0.47,4,3,2,3,0,17,0,0,2099.24,0
1677,4364,2147,42,0.17,3,0,1,2,2,17,1,2,2604.21,0
1620,6445,2033,92,0.04,3,0,2,2,1,23,1,2,3462.64,0
1520,7988,464,95,0.41,3,2,4,3,1,25,0,4,2252.62,0
172,4248,2295,34,0.76,5,0,2,4,0,17,1,4,922.81,0
1254,6122,4832,40,0.87,5,2,2,2,3,19,0,4,2809.57,0
594,4732,551,73,0.1,4,0,5,0,1,16,0,2,513.71,0
2461,1398,2675,98,0.52,5,0,4,1,1,16,0,2,249.72,0
1745,4195,2459,31,0.26,3,2,2,0,1,17,1,1,1330.39,0
446,8921,4947,69,0.37,4,3,5,1,0,29,1,4,1122.37,0
1878,3245,3943,66,0.93,1,0,3,3,3,12,2,4,2062.56,0
2385,4586,2896,78,0.35,10,2,2,1,1,25,4,1,1902.56,0
1747,1110,4624,65,0.37,9,0,2,1,1,22,1,2,133.96,0
1420,8874,4302,99,0.21,3,1,5,3,1,15,0,4,2024.14,0
1097,8718,3914,63,0.96,12,4,5,1,4,24,1,2,698.85,1
1896,2542,1698,87,0.46,10,0,5,2,1,17,0,1,2673.38,0
1151,7780,1647,66,0.57,5,1,2,3,2,17,1,3,1293.6,0
1318,3680,4738,89,0.45,8,1,1,4,2,20,1,5,1863.44,0
1836,791,4680,41,0.25,6,2,1,0,1,22,1,3,1885.05,0
2217,3533,4092,61,0.81,5,2,5,0,1,12,1,2,971.19,1
1534,6141,1900,33,0.03,6,0,1,2,0,18,1,4,1428.83,0
1046,4792,3215,62,0.69,5,0,3,1,3,29,1,5,1422.2,0
982,9791,487,72,0.59,5,0,1,6,1,14,0,2,2677.84,0
101,5005,2376,38,0.14,5,1,1,3,1,22,0,1,1018.93,0
1720,1511,2536,80,0.17,3,0,2,3,0,14,0,1,1629.09,0
1321,3090,376,49,0.66,7,0,1,4,2,24,2,3,1537.5,0
1374,9278,1846,68,0.31,3,1,5,4,0,19,1,2,713.06,0
2184,9302,1725,52,0.27,3,2,2,2,1,21,0,5,8245.83,0
912,512,22,70,0.06,6,0,1,6,1,16,1,7,204.06,0
168,9541,545,73,0.77,9,0,3,1,2,12,2,2,889.74,0
2350,3895,3249,64,0.88,8,0,2,2,0,22,0,7,6623.63,0
1534,8019,2327,52,0.82,5,0,2,3,2,16,1,2,2011.73,0
2493,633,4052,87,0.47,11,0,2,0,2,23,0,3,343.16,0
762,1060,385,77,0.53,6,1,1,1,1,17,1,4,174.07,0
1778,7395,1734,87,0.24,6,2,5,0,3,24,0,4,929.26,0
453,6091,266,86,0.17,3,3,4,2,0,20,2,0,325.5,1
1621,5494,2274,68,0.82,1,1,4,3,0,16,0,3,1890.97,1
419,3782,459,57,0.8,4,1,4,3,1,21,0,2,2445.27,0
371,3926,903,93,0.78,3,1,1,2,1,18,1,2,5301.42,0
975,4028,3222,91,0.46,4,0,3,0,0,13,1,3,305.71,0
643,1339,1194,91,0.86,2,0,2,1,1,16,3,4,172.75,0
522,4124,3233,55,0.93,3,2,2,3,0,20,0,5,1965.38,0
221,3377,1318,80,0.33,4,0,5,2,1,16,1,2,565.0,0
528,8105,4715,79,0.22,5,2,2,5,0,15,0,2,839.56,0
851,5151,926,65,0.46,7,0,5,0,0,19,1,2,374.59,0
1765,3961,157,55,0.18,2,1,1,3,1,24,3,4,886.99,0
1286,5094,4761,62,0.88,9,1,4,1,4,19,3,0,663.09,1
1998,1583,2124,97,0.34,4,1,5,1,1,14,0,3,3576.82,0
256,2644,4026,37,0.58,6,1,5,3,0,13,0,3,319.23,0
1424,2778,3950,95,0.59,3,1,2,0,3,27,2,7,1099.15,0
2216,5312,4081,52,0.51,7,0,1,1,2,21,2,2,895.91,0
846,6260,2805,99,0.16,5,1,4,0,1,16,1,5,425.6,0
1503,1221,452,84,0.99,8,1,1,5,1,23,0,5,763.42,0
1116,8977,2954,72,0.17,10,1,4,0,2,20,3,2,2702.23,1
133,5965,3946,50,0.75,5,3,3,2,1,26,0,2,3294.24,0
1904,1170,408,51,0.79,5,1,1,2,1,24,1,5,869.67,0
900,5987,1161,38,0.15,5,3,3,0,1,23,1,3,966.26,0
697,7051,3802,63,0.93,3,0,4,3,0,17,0,1,2111.0,1
2072,2393,3005,88,0.49,6,1,5,3,0,20,0,5,1582.85,0
302,5886,2226,55,0.63,6,0,3,0,2,23,1,2,1366.51,0
1059,3550,1717,30,0.64,4,2,4,1,0,23,1,2,3153.83,0
2261,4645,3341,34,0.5,1,0,4,1,2,28,1,3,4680.17,0
1081,1105,1997,70,0.14,4,1,3,1,2,26,3,4,836.19,0
1603,5911,4612,92,0.75,4,1,1,4,2,18,1,2,63.73,0
322,8225,2578,51,0.58,5,3,5,2,0,22,2,5,949.26,1
2254,1089,170,97,0.12,7,0,4,1,0,12,0,8,746.62,0
2135,8380,4445,77,0.7,6,0,1,3,0,21,1,5,2154.26,0
1322,2857,3914,95,0.7,4,2,4,2,1,21,1,1,3183.04,0
337,1970,3583,45,0.55,5,0,4,4,1,19,0,5,753.71,0
1006,1483,3187,82,0.09,5,1,4,3,2,18,1,1,168.1,0
1281,4898,1835,94,0.35,2,2,1,1,1,20,0,1,921.72,0
1300,4989,3934,93,0.05,4,1,2,2,2,22,0,2,1333.65,0
1547,1222,1633,97,0.48,3,0,5,1,2,20,0,2,643.87,0
2160,5707,1186,92,0.91,4,2,5,3,0,21,1,6,861.37,1
1239,9011,4928,91,0.0,4,0,2,2,2,15,0,2,1608.94,0
2329,429,3730,100,0.27,7,0,4,2,1,18,1,2,2668.0,0
1408,3669,4890,74,0.8,3,1,2,0,1,27,1,2,1604.88,0
1803,5293,3230,81,0.01,3,0,3,3,3,16,2,2,1043.49,0
1749,9480,3269,94,0.01,4,0,3,1,2,19,2,3,4376.7,0
2072,9642,140,31,0.61,7,1,1,6,1,21,1,2,2589.57,0
825,1350,3572,78,0.79,7,0,1,1,2,27,0,3,3897.64,0
926,5147,1509,51,0.78,2,0,3,1,1,18,2,4,2358.91,0
1991,5199,2798,58,0.78,3,0,2,2,0,23,0,3,844.13,0
239,1371,4886,64,0.36,4,1,1,1,0,23,0,6,1443.51,0
997,601,3718,53,0.88,4,0,2,0,3,21,2,6,2754.82,0
501,536,1717,59,0.01,5,1,1,3,0,25,0,1,4445.44,0
2447,7865,1779,71,0.31,2,4,5,0,0,22,0,3,1813.21,0
952,1302,1328,100,0.34,7,1,2,1,0,11,2,4,2154.79,0
166,1664,3389,79,0.17,4,1,3,4,4,16,0,1,3839.72,0
396,197,2783,100,0.34,9,2,3,0,1,18,1,0,1086.07,0
213,2768,3000,89,0.59,5,1,1,2,1,26,0,5,1123.59,0
1428,8730,3054,59,0.52,8,1,2,3,1,14,0,2,5266.28,0
566,8635,385,41,0.32,7,3,4,3,2,14,1,4,4003.82,1
1632,6441,3046,78,0.75,4,2,3,4,0,13,0,5,1680.44,0
1303,6047,670,75,0.71,7,2,3,3,2,23,2,1,7955.72,0
1126,8504,1413,72,0.28,6,0,2,1,1,17,0,1,6829.11,0
1335,4192,750,31,0.32,10,1,2,2,1,23,1,4,1854.04,0
945,6983,313,83,0.29,8,0,1,2,0,30,1,3,778.33,0
181,447,1095,64,0.13,3,1,4,1,0,18,2,2,344.39,0
1058,842,4891,81,0.75,3,1,3,4,2,25,0,2,1142.69,0
1248,8998,3189,62,0.05,6,4,2,1,1,23,0,1,3001.38,0
2007,8761,1220,80,0.15,2,3,3,3,3,17,0,3,886.69,0
300,8963,3044,55,0.11,5,1,4,3,1,11,0,2,684.19,0
1216,5804,238,91,0.83,6,2,5,2,1,14,0,4,2302.25,1
489,3584,3129,90,0.04,3,0,5,2,2,24,3,5,1857.19,0
134,3795,1864,55,0.66,6,2,4,5,0,29,1,0,2063.51,0
1740,5230,277,66,0.04,3,1,2,2,1,25,2,3,105.45,0
2239,7760,2784,59,0.79,8,1,5,2,0,17,2,5,1184.62,0
2428,6828,2859,40,0.91,5,0,2,3,2,24,3,3,3333.56,1
463,694,4359,82,0.49,5,1,1,1,1,13,3,2,8364.59,1
169,4243,4975,70,0.8,6,0,3,2,0,19,0,7,254.45,0
1524,587,2144,34,0.71,6,0,1,3,0,16,1,4,2566.83,0
116,8017,3469,95,0.8,4,0,5,2,1,23,1,1,824.59,0
1741,237,2279,42,0.77,3,2,5,2,0,16,0,4,1019.9,0
2260,2338,999,92,0.21,7,0,2,0,2,15,2,3,1723.01,0
2445,2741,4502,54,0.5,5,0,5,2,0,17,0,1,320.96,0
158,9029,947,73,0.96,1,1,2,3,0,26,2,2,253.63,0
1299,440,449,43,0.34,8,1,4,1,4,29,0,3,406.02,1
1631,9265,2368,98,0.97,8,1,5,0,3,18,0,1,255.29,0
699,1719,2017,88,0.58,6,0,4,0,1,21,1,3,44.83,0
178,5792,3355,85,0.46,1,1,4,1,0,19,0,2,5249.93,0
1014,1244,4140,81,0.66,6,1,3,1,3,12,2,3,5504.5,0
881,8503,4826,95,0.82,3,1,2,2,1,23,0,1,187.68,0
1486,5215,3753,97,0.39,3,0,4,3,0,13,0,5,8073.37,0
657,1430,528,41,0.03,5,1,3,1,0,22,0,3,1259.37,0
1522,778,278,97,0.71,2,2,5,1,0,24,0,1,98.52,0
2074,6044,4743,72,0.96,2,0,5,2,1,14,0,5,4335.45,1
913,9606,4195,35,0.62,3,0,4,0,2,13,2,3,2271.5,0
2371,8645,1398,44,0.19,3,1,5,4,1,20,0,3,6002.81,0
1818,3114,1704,71,0.25,7,2,2,2,0,14,1,4,4412.61,0
279,4365,3283,60,0.91,10,0,5,1,0,12,0,3,1400.29,1
977,3315,1399,82,0.01,7,2,1,0,1,15,0,4,547.38,0
1004,1548,3875,35,0.55,5,1,5,1,0,23,0,3,1210.36,0
1355,1341,3039,62,0.16,3,2,4,0,3,19,2,1,84.29,0
1013,8178,2345,58,0.28,5,1,3,1,0,22,0,3,1617.78,0
918,6949,3684,50,0.31,7,1,2,2,0,16,1,0,613.87,0
2147,8271,4586,83,0.22,4,2,2,2,1,19,2,4,3453.44,0
904,5568,510,85,0.79,6,1,3,2,1,15,2,5,100.61,0
1356,5954,1671,50,0.33,10,3,2,5,2,23,1,5,2219.23,0
500,7136,2109,84,0.35,5,1,4,1,1,16,1,1,2798.48,0
2017,490,112,87,0.45,3,3,4,1,0,18,0,3,4076.23,0
120,5273,2756,93,0.9,3,0,3,3,1,27,1,3,1319.99,0
559,4104,3286,75,0.69,1,0,4,2,1,14,1,2,841.61,0
690,6177,3095,51,0.06,6,2,1,0,1,23,0,1,1769.28,0
768,2803,3547,89,0.04,3,1,4,1,3,22,2,2,547.78,0
901,2902,1337,40,0.57,6,0,2,6,0,18,2,2,1637.4,0
1716,1208,2484,76,0.89,11,1,3,2,0,18,0,7,4208.1,0
221,8021,1689,60,0.32,3,1,1,2,1,28,1,2,4740.4,0
2016,2382,3756,47,0.25,4,0,4,2,0,19,0,4,1440.85,0
2215,1902,2572,51,0.75,7,2,1,2,0,19,1,2,1491.87,0
374,5800,4173,85,0.6,2,1,5,1,0,20,2,3,168.24,0
1038,1893,3327,46,0.57,6,0,5,0,2,14,1,2,678.35,0
232,5477,2446,67,0.15,6,0,1,2,0,23,1,3,2246.26,0
602,807,317,54,0.18,3,1,5,3,0,13,2,4,5565.95,1
221,8219,4006,61,0.28,8,0,5,2,0,19,1,1,1014.21,0
2082,8245,1099,44,0.21,2,1,5,0,0,19,1,3,1499.28,0
1943,164,4565,42,0.97,8,1,3,1,1,29,0,1,4050.3,0
1746,4972,2404,87,0.02,2,2,3,1,1,17,1,3,380.97,0
340,4090,4014,79,0.63,2,0,5,1,0,24,3,3,4847.67,1
2133,8060,676,40,0.52,5,3,2,5,0,25,1,7,1398.01,1
472,5957,4173,42,0.32,7,1,5,1,2,33,2,1,526.64,0
1290,9627,2244,79,0.89,4,0,5,3,0,28,0,5,2847.92,1
899,4330,1246,67,0.67,7,1,5,7,0,26,1,3,73.45,0
614,1902,1633,30,1.0,7,3,2,6,1,27,1,4,2.52,1
1624,9099,1384,68,0.17,4,4,2,4,0,19,0,1,974.25,0
1567,3434,3321,56,0.09,8,0,5,2,2,19,1,1,3960.46,0
389,9460,186,65,0.14,7,0,4,3,3,27,1,3,499.41,0
1753,2025,1363,61,0.27,7,2,1,4,1,17,2,4,567.73,0
2107,6683,2938,70,0.42,8,3,3,1,0,15,1,3,2421.98,0
1832,6042,635,44,0.86,8,4,1,3,1,28,1,2,768.43,1
2041,4843,2664,60,0.28,5,2,3,1,1,15,0,4,2452.14,0
2185,9904,3618,35,0.92,6,1,1,1,0,27,1,2,1104.23,0
873,9075,3725,81,0.46,5,1,2,0,3,28,2,2,1427.7,0
1655,575,4284,51,0.65,2,0,5,1,0,18,1,3,1164.89,0
920,7422,404,60,0.26,3,1,3,3,3,19,0,4,2319.1,0
2021,2028,1178,75,0.16,4,0,5,1,2,19,0,5,1384.64,0
2012,2324,4981,96,0.87,1,1,5,1,1,24,1,4,3210.06,0
989,4422,207,72,0.11,8,0,2,1,0,12,2,6,1744.3,0
1498,3893,978,30,0.77,5,2,3,3,2,20,0,2,3467.26,0
1491,8226,3918,73,0.58,3,1,4,1,1,21,1,2,1782.12,0
761,6749,3165,86,0.86,1,0,2,1,0,16,2,3,1469.53,0
635,9339,4774,38,0.72,2,4,5,4,2,25,2,6,857.76,1
644,7912,2514,34,0.28,5,0,3,4,4,25,2,3,1844.24,0
2034,1199,1286,38,0.57,2,0,2,2,0,17,1,3,1868.3,0
1749,7166,4177,74,0.01,5,1,2,0,0,17,0,3,257.78,0
703,7352,4328,53,0.48,5,4,4,0,0,18,1,5,258.41,0
1300,6894,1279,71,0.09,7,1,1,0,1,17,0,3,292.1,0
1617,3167,1374,51,0.43,3,1,3,1,2,34,2,5,1005.67,0
1641,5530,933,89,0.11,2,0,3,1,0,16,2,2,4375.24,0
926,1751,480,66,0.96,6,0,3,1,3,25,1,4,4666.49,0
1492,3698,3026,68,0.52,3,0,3,3,1,21,0,2,872.05,0
307,7495,2064,82,0.91,7,2,1,2,2,24,1,0,658.83,0
581,5379,4293,57,0.02,6,1,2,0,0,22,0,6,81.71,0
1666,5654,2061,44,0.64,4,0,2,1,0,15,1,2,545.18,0
2188,9099,2964,89,0.31,4,2,1,2,2,18,1,2,874.42,0
2462,4033,1158,89,0.43,2,1,2,3,0,18,0,5,5394.56,0
790,726,3096,35,0.87,6,0,1,4,2,20,1,2,231.02,0
1479,3977,969,81,0.98,7,1,1,2,1,16,0,5,143.27,0
434,7433,639,41,0.25,6,0,2,1,2,20,1,3,503.5,0
1388,6460,784,48,0.95,6,1,2,2,0,30,1,3,3257.26,0
1262,3225,369,31,0.69,10,1,1,4,2,15,1,0,1545.03,0
51,7835,527,84,0.95,4,0,4,3,1,20,0,2,1804.48,0
707,400,1353,44,0.56,4,2,5,1,1,17,0,2,1158.99,0
2058,9901,1979,93,0.96,5,1,3,2,0,25,2,4,2639.98,0
1261,3047,3237,98,0.89,6,0,1,1,1,28,0,7,1921.21,0
2085,242,2909,44,0.13,4,0,2,1,1,11,3,2,726.45,0
1838,3141,944,72,0.31,6,1,1,0,2,26,0,4,3199.37,0
558,7644,1996,46,0.24,7,0,2,4,2,30,0,3,638.22,0
2067,243,386,53,0.57,4,0,1,2,1,13,4,4,6745.06,0
1706,1401,3570,59,0.8,4,1,2,2,1,21,0,5,4084.85,0
686,9457,1784,96,0.76,5,0,4,2,3,21,2,2,1504.82,0
195,899,1515,80,0.73,3,1,5,4,0,18,1,3,5716.86,1
878,7912,2664,89,0.38,0,0,2,4,0,25,1,1,186.58,0
525,755,1020,32,0.14,5,1,4,1,0,13,1,2,385.71,0
619,9921,3487,34,0.21,5,1,5,5,0,25,1,0,3190.14,1
458,437,1240,57,0.74,1,1,2,6,2,18,0,0,1467.39,0
192,741,1187,40,0.15,2,4,3,0,0,23,3,1,2398.79,1
2443,809,3867,44,0.22,7,1,1,3,0,21,0,3,1124.71,0
1292,6517,2105,77,0.42,4,0,1,1,2,26,1,3,1035.21,0
101,7035,1682,75,0.07,6,0,1,6,1,16,2,6,3543.85,0
684,9037,1938,57,0.21,9,0,2,1,4,21,0,6,3011.28,0
298,7634,3849,36,0.15,4,1,3,5,4,15,0,2,595.28,1
1806,8336,3188,100,0.95,3,2,3,2,0,21,0,2,988.39,0
2492,5393,4278,35,0.19,5,1,3,4,0,25,0,4,2347.0,0
1298,6217,2563,87,0.86,6,1,5,3,2,19,1,2,1277.33,1
1045,2548,2455,97,0.11,3,3,2,2,1,19,1,3,531.53,0
1113,3728,4399,84,0.87,8,0,4,2,1,17,2,4,1323.29,0
35,8242,561,96,0.6,9,5,5,1,3,12,2,1,834.38,0
1011,3377,2907,78,0.85,6,3,2,1,2,15,1,1,726.12,1
436,5018,1049,80,0.87,4,0,3,2,2,21,0,4,66.21,0
1983,5239,894,88,0.6,7,0,2,2,3,23,1,3,2218.48,0
2103,7398,3061,35,0.92,4,2,3,2,0,20,3,7,2642.38,1
1015,2425,4239,80,0.59,4,2,4,4,0,24,1,3,597.96,0
419,7181,4876,67,0.71,5,0,3,3,1,19,2,4,7560.75,0
739,2959,3607,40,0.42,2,0,5,0,0,21,1,2,8219.16,1
1501,4271,2565,81,0.91,3,1,2,0,2,18,2,6,5598.08,0
783,5155,1099,49,0.82,7,0,1,5,0,19,2,3,278.17,1
2223,3476,4585,39,0.17,5,1,3,7,0,10,1,3,4336.02,0
1441,3098,4968,55,0.58,5,1,3,0,2,22,1,2,800.95,0
1302,1125,468,77,0.9,2,1,1,0,0,20,1,4,334.36,0
555,4588,4731,43,0.79,6,0,5,3,1,20,0,4,1744.67,0
1515,2600,4264,88,0.96,7,2,4,1,2,20,4,5,232.84,1
2090,7382,2017,41,0.23,5,0,4,0,1,19,2,1,954.87,0
2461,3583,1930,52,0.37,7,0,5,0,0,20,3,3,545.01,1
585,2988,4537,68,0.51,6,1,2,2,0,20,1,1,1523.8,0
48,9432,1013,38,0.23,3,0,4,1,0,21,0,6,1730.21,0
604,7323,3093,54,0.39,4,2,5,3,2,16,1,2,2071.89,0
1033,7032,2124,46,0.54,7,1,3,1,0,17,1,2,1191.56,0
2496,4985,2599,71,0.19,2,0,1,0,0,25,2,3,945.03,0
2496,4935,2153,58,0.26,8,2,2,0,0,17,0,3,1403.06,0
1968,8057,4320,89,0.12,5,1,2,2,0,21,2,2,1016.61,0
1969,8100,2251,96,0.71,1,4,3,2,1,19,0,4,6482.25,1
1665,8061,4990,86,0.36,4,0,4,1,0,25,2,3,5504.03,1
1728,5302,2096,43,0.22,2,2,2,1,3,32,1,4,1618.24,0
2199,6655,948,68,0.51,5,0,1,2,0,21,2,2,1097.26,0
461,5413,4311,45,0.07,6,1,3,2,1,21,3,3,1220.43,0
2121,3440,3980,47,0.92,7,2,2,1,0,16,2,5,9008.42,1
1925,2005,4009,49,0.29,3,0,3,1,0,28,1,1,734.4,0
1973,6040,4660,75,0.89,5,2,4,0,2,22,2,3,1222.15,0
1370,3901,3418,74,0.5,3,1,5,2,2,22,3,4,1704.28,1
2458,7155,780,33,0.85,8,1,3,5,0,15,1,6,176.3,1
174,8508,258,49,0.25,6,4,4,4,0,15,3,1,1012.35,1
2440,9564,382,40,0.18,5,0,2,2,0,18,1,1,586.85,0
1103,2112,2936,94,0.85,6,0,2,3,2,20,2,3,1665.56,0
1118,3040,3867,47,0.21,8,2,4,2,0,25,3,2,650.86,1
2432,8534,4940,68,0.75,8,0,2,1,0,16,1,5,1248.36,0
829,8117,711,73,0.34,4,1,2,1,0,19,2,1,1447.03,0
1181,252,2195,47,0.75,1,1,2,2,2,16,2,5,713.1,0
2475,1894,951,76,0.91,8,2,4,1,0,30,1,4,2782.63,1
1986,8025,3924,60,0.98,6,2,4,1,0,22,1,3,213.87,0
492,9634,803,68,0.36,2,0,3,3,0,21,3,2,355.41,0
1804,6757,687,67,0.37,7,1,1,1,3,26,1,1,56.91,0
2075,8504,1571,76,0.98,2,1,5,3,1,26,2,5,215.53,0
837,4340,4063,99,0.86,8,1,2,1,2,16,2,3,679.32,0
216,7873,462,37,0.05,6,0,1,0,1,13,0,6,240.95,0
1773,3119,2476,94,0.57,5,0,1,1,2,22,1,2,1150.72,0
761,2196,3666,42,0.18,6,1,4,2,2,19,1,4,595.74,0
1965,1560,4156,84,0.99,5,3,4,2,0,23,2,4,1494.54,1
1243,9994,3764,72,0.14,6,2,1,2,0,21,0,2,2107.01,0
1441,656,219,33,0.56,2,0,4,5,1,20,0,3,6282.48,1
458,6154,4993,100,0.67,2,1,3,1,0,18,1,2,6193.89,0
1337,4666,1936,89,0.94,10,0,3,1,2,17,0,3,2516.57,0
2314,8914,4955,41,0.85,5,0,5,1,1,18,0,4,2168.8,1
1247,547,3976,88,0.25,6,1,5,2,1,27,2,1,1306.19,0
1340,6582,1887,83,0.57,4,1,5,2,0,18,2,5,2276.76,0
800,244,636,73,0.95,4,1,2,2,2,12,1,3,3913.67,0
787,9706,2736,45,0.74,10,1,3,4,0,21,1,2,5677.74,0
165,6549,1468,35,0.69,4,1,2,3,0,21,1,2,3052.16,0
821,1384,2834,43,0.75,5,0,3,1,1,21,2,3,3239.58,0
200,1919,1260,87,0.32,6,0,1,0,0,16,1,4,511.25,0
2236,9117,4768,60,0.73,3,0,2,0,1,11,0,2,4171.77,0
2278,7228,4373,70,0.23,3,1,5,2,0,16,1,1,2824.7,0
1610,90,2173,64,0.43,2,0,3,2,1,21,2,6,822.03,0
991,2093,1633,39,0.89,6,2,5,2,0,18,2,4,315.52,1
905,1700,1863,59,0.02,10,1,4,2,0,19,0,2,516.39,0
2448,766,763,73,0.41,7,0,3,4,0,16,0,2,255.25,0
132,2680,1878,84,0.27,6,2,3,1,2,20,0,2,1049.58,0
1031,3761,191,100,0.2,5,1,5,6,0,24,1,6,9669.61,1
1178,8669,1523,47,0.84,6,0,5,1,0,18,0,2,407.0,1
1511,5271,912,68,0.7,9,2,5,3,2,17,0,5,1388.5,0
687,6862,3354,71,0.11,5,1,3,4,0,19,1,4,91.46,0
1250,1504,3463,83,0.49,7,2,1,2,2,23,0,4,4238.41,0
452,5750,3617,59,0.47,8,0,4,3,1,19,1,3,3683.65,0
200,9221,2566,49,0.14,1,1,5,1,0,26,1,3,34.74,0
2250,8065,2149,71,0.8,3,1,1,2,1,14,1,3,682.09,0
482,911,4254,34,0.37,5,1,5,2,0,24,3,4,1359.05,1
2427,682,2174,79,0.76,6,3,3,1,2,13,0,1,1061.33,0
2005,8640,2622,70,0.19,5,0,1,5,1,11,1,5,2112.39,0
1687,454,2031,68,0.32,6,1,3,2,1,16,0,2,808.43,0
2083,9167,2831,86,0.1,3,2,2,1,1,23,0,1,182.31,0
317,8665,2291,86,0.14,3,1,5,2,3,17,1,5,3145.66,0
1671,2208,1580,66,0.88,5,0,4,3,0,17,1,3,2811.94,0
1477,2297,1982,36,0.11,1,2,1,2,3,26,1,3,958.01,0
1943,4018,3996,34,0.1,6,0,2,2,1,25,2,2,236.21,0
637,9114,2254,80,0.94,7,2,5,3,0,23,0,0,746.17,1
486,506,2452,37,0.65,7,0,2,3,1,18,1,3,3275.13,0
1794,1473,723,85,0.1,5,0,1,4,0,21,1,3,1773.64,0
1255,6838,3555,40,0.97,6,1,4,1,2,26,0,0,641.78,1
1265,4263,232,51,0.15,7,2,1,1,1,19,0,0,112.21,0
1059,503,873,40,0.77,6,0,4,3,1,21,2,3,4036.09,0
2453,5075,4635,89,0.03,8,0,3,2,1,22,1,2,606.31,0
476,5440,1435,44,0.62,3,0,5,3,3,13,1,4,1101.94,0
864,1436,2314,67,0.55,7,0,2,2,0,24,2,2,967.57,0
840,9894,663,30,0.21,4,0,3,3,0,21,1,1,1755.09,0
1454,1803,1169,75,0.64,4,0,5,1,3,17,1,4,1077.38,0
1441,2733,1852,72,0.62,8,1,2,3,2,20,2,2,3824.46,0
988,668,453,51,0.8,9,1,3,4,1,18,2,4,836.48,0
1505,4771,2475,32,0.88,8,0,5,3,0,22,2,3,2479.64,1
838,7640,4679,43,0.51,2,2,5,2,1,19,0,2,195.52,0
1008,8751,4446,31,0.49,10,3,3,2,1,23,1,3,400.23,0
2493,8844,2867,90,0.62,4,0,1,1,0,22,3,2,1718.35,0
755,4360,1290,61,0.73,5,0,4,1,2,32,0,6,212.06,0
1246,217,3049,67,0.36,4,0,4,2,0,14,0,1,954.66,0
2227,4200,3805,75,0.5,5,0,1,4,2,19,2,3,4670.39,0
1933,1893,3647,71,0.59,1,1,5,3,0,23,2,2,638.86,0
808,2896,3768,35,0.99,3,1,2,1,1,20,1,1,925.63,0
1002,487,109,70,0.59,4,0,1,0,2,13,1,2,755.0,0
1568,8963,2096,54,0.22,5,0,5,6,0,17,0,0,1045.02,1
1446,8391,2320,40,0.59,2,2,3,2,0,22,2,2,4763.83,0
2153,6864,4255,70,0.82,8,0,3,1,1,22,1,0,255.37,0
628,765,2747,100,0.86,3,2,5,1,1,18,1,2,153.39,1
254,9648,1617,86,0.8,3,0,3,1,2,17,4,2,133.11,0
1583,4941,2963,75,0.89,5,0,4,0,0,20,1,3,8312.78,1
2190,9865,3991,77,0.33,4,1,1,2,0,21,0,4,2975.57,0
2328,5734,3204,92,0.51,2,2,4,1,1,19,0,3,2422.55,0
870,4160,4349,68,0.78,8,1,5,3,1,19,1,1,2765.84,0
1844,4070,4692,39,0.26,5,0,1,1,1,19,1,5,269.72,0
743,4775,3102,99,0.37,13,1,3,2,3,13,2,2,779.28,0
1136,3622,2972,94,0.83,3,0,1,0,3,19,0,1,972.43,0
154,6563,2672,88,0.77,9,0,1,2,2,18,0,2,1249.64,0
1122,7388,865,65,0.97,5,1,3,2,3,20,2,3,137.4,0
1309,1699,2156,56,1.0,3,0,2,2,1,14,1,4,752.22,0
1780,1326,4935,84,0.24,4,1,3,0,2,16,0,5,766.31,0
59,7140,1396,99,0.9,7,0,4,5,1,19,1,1,3192.95,1
2358,3196,1726,82,0.09,7,0,2,2,0,17,1,0,762.32,0
2047,5799,4161,89,0.71,2,0,4,1,0,24,1,5,1823.69,0
2445,1155,1735,90,0.22,2,1,5,1,4,13,0,3,1293.89,0
524,4404,1963,65,0.3,4,2,4,1,2,20,2,5,1603.9,0
1639,7952,194,56,0.95,4,2,1,1,1,20,1,1,42.52,0
747,7558,531,70,0.26,9,0,5,2,0,19,0,4,2996.43,0
1046,570,2321,57,0.67,4,1,2,3,2,19,3,0,625.69,0
1367,1922,1258,45,0.18,9,0,4,2,2,25,0,3,1419.37,0
635,1874,1668,64,0.09,6,1,5,1,1,14,0,6,4086.41,0
404,306,1012,65,0.34,7,1,4,1,0,17,1,2,17.41,0
1990,2419,3237,85,0.62,8,0,1,1,1,20,1,2,1031.58,0
1078,7640,3148,48,0.25,2,1,1,0,1,30,0,4,4086.59,0
1387,1471,1938,86,0.3,4,0,2,1,0,23,0,2,2904.14,0
145,4302,403,62,0.71,2,0,3,1,0,29,0,3,1463.71,0
2125,2278,1627,52,0.1,4,2,3,3,0,15,0,0,233.83,0
1831,1004,3651,92,0.45,7,0,1,3,0,21,1,2,653.91,0
2176,6564,670,99,0.94,7,4,5,4,0,18,2,4,1190.1,1
1512,17,4174,51,0.4,2,1,2,2,0,16,1,3,539.17,0
1576,2525,329,96,0.43,2,1,4,1,0,21,2,1,44.2,0
1650,1427,2234,88,0.74,2,0,4,1,0,25,0,4,9452.14,0
2482,2326,593,54,0.78,6,0,5,2,0,20,1,0,1270.62,0
714,7368,3610,46,0.77,2,0,3,2,0,17,2,0,962.7,0
1501,3942,591,68,1.0,9,1,1,1,1,19,1,2,2047.97,0
1629,6214,3706,68,0.07,3,1,1,2,0,19,0,2,1929.23,0
2335,1297,1777,53,0.98,5,2,2,1,1,15,1,3,124.96,0
2198,1128,1566,67,0.95,3,2,1,2,1,26,2,2,550.84,0
839,8754,1808,86,0.85,1,0,3,4,1,19,0,3,718.0,0
1007,7647,4216,73,0.45,8,0,3,2,1,18,0,1,1602.15,0
2131,670,1008,65,0.87,2,1,5,3,1,31,1,3,6256.57,1
1384,8917,767,99,0.22,6,0,2,1,1,24,2,6,2114.28,0
813,6932,292,74,0.79,10,1,2,2,0,17,1,1,5212.67,0
270,8114,4906,55,0.19,9,2,1,4,2,20,1,4,8039.2,0
1808,6347,140,40,0.82,6,2,4,2,0,16,2,4,141.35,1
1583,2539,1303,81,0.61,3,2,2,1,1,28,2,6,1490.52,0
512,3980,70,54,0.1,2,2,1,6,2,25,1,3,816.35,0
1042,3417,2221,60,0.9,4,0,4,1,0,24,2,2,744.96,1
216,9660,1558,74,0.58,4,1,1,2,2,21,2,0,631.18,0
1911,9056,4377,96,0.66,6,0,5,0,0,15,0,6,592.48,0
2339,7426,1791,69,0.28,1,2,2,4,1,23,1,5,1480.57,0
982,4770,47,75,0.87,3,1,1,1,1,28,1,3,8840.65,1
1417,1907,3641,83,0.55,3,0,5,1,1,15,1,4,1333.99,0
520,6374,2674,70,0.42,4,2,1,4,1,21,1,7,2167.17,0
460,8474,483,67,0.53,3,0,3,0,0,16,2,0,1509.05,0
268,4097,68,65,0.7,6,0,1,2,0,18,1,5,4479.65,0
2381,9474,2646,73,0.7,3,1,3,5,1,21,0,1,485.48,0
2375,4384,2624,86,0.36,5,1,2,4,1,17,0,2,216.95,0
105,7617,2624,95,0.39,6,1,1,1,1,22,1,3,1163.39,0
1386,4029,4488,59,0.56,1,1,5,3,3,13,0,1,1740.74,0
1953,825,1421,39,0.92,7,1,2,0,3,17,1,3,337.72,1
1811,7265,94,90,0.75,4,3,2,2,0,14,0,2,1975.09,0
856,932,1543,92,0.39,3,2,3,1,1,13,0,2,593.18,0
2360,4877,3807,65,0.34,4,0,2,3,0,20,1,2,189.84,0
620,1274,2684,83,0.52,1,1,1,3,2,25,1,5,4958.75,0
2149,3734,2883,94,0.87,4,1,1,1,0,31,0,3,87.07,0
1932,2732,3130,33,0.01,1,2,3,3,0,22,2,7,101.66,0
1940,5365,1100,84,0.71,2,1,1,4,0,18,0,1,8378.24,0
604,2560,2844,83,0.29,3,0,3,3,1,20,2,3,862.14,0
921,5329,4234,93,0.21,4,0,4,1,3,24,0,3,1678.38,0
2089,6696,2086,51,0.01,8,2,3,1,0,22,2,0,423.68,0
170,1683,3200,54,0.9,5,0,5,4,2,11,0,2,1130.97,1
1819,4597,4797,88,0.91,5,1,5,2,2,24,1,3,154.04,1
46,5363,4238,86,0.06,6,0,1,1,1,20,0,3,53.78,0
1116,6867,1218,83,0.52,5,2,4,1,0,20,1,2,15390.39,1
282,1676,3587,73,0.15,6,1,5,2,0,19,1,2,458.06,0
494,4521,4751,81,0.76,12,1,5,4,1,18,0,1,977.46,0
405,6182,2591,45,0.67,4,1,5,3,2,18,1,3,1798.12,0
1857,1394,3797,45,0.3,2,0,1,2,0,16,0,2,1458.44,0
549,4413,525,84,0.12,3,0,2,3,3,20,0,3,895.98,0
1890,3964,2222,90,0.83,7,1,2,5,1,13,1,1,41.04,0
119,6315,2984,69,0.67,4,0,2,2,1,19,1,4,1396.78,0
749,8262,942,50,0.01,7,0,1,3,2,21,0,2,5793.11,0
659,7248,1673,95,0.63,5,0,2,3,3,21,2,1,2692.35,0
1914,6991,566,37,0.81,1,4,3,3,0,18,1,4,2524.1,1
105,6036,1681,100,0.59,4,2,1,3,0,14,2,4,5856.46,0
955,6619,1002,39,0.42,9,0,1,5,1,15,1,2,426.82,0
2477,8674,1638,86,0.58,4,2,4,2,0,19,0,1,7225.88,0
1835,968,1701,33,0.62,7,1,5,1,0,27,2,2,8101.68,1
999,8734,4862,72,0.64,6,1,4,0,0,19,1,4,1361.03,0
1124,503,1114,92,0.97,1,2,2,0,4,21,2,1,3001.56,0
2058,7052,1280,72,0.18,3,0,1,4,0,20,2,1,45.76,0
1434,91,2912,96,0.62,5,1,1,1,0,10,0,2,6993.51,0
224,7009,4754,80,0.19,7,1,2,2,0,15,2,6,1202.52,0
257,2980,1419,85,0.21,2,4,5,3,1,18,0,3,9238.19,1
1489,21,3656,72,0.67,7,1,4,2,1,21,0,6,1128.68,0
490,7834,1340,53,0.92,6,0,5,1,0,16,2,5,2148.53,0
647,771,4733,63,0.16,4,1,2,2,1,13,0,1,250.97,0
93,3195,2064,88,0.96,7,0,4,4,1,17,2,4,336.18,0
2242,35,963,31,0.32,8,1,4,2,1,31,0,1,1187.47,0
2104,1816,1852,31,0.39,5,0,5,1,1,22,0,2,960.0,0
314,6661,2812,39,0.15,3,0,5,4,2,14,2,3,261.8,0
1713,5674,19,52,0.62,3,1,1,1,1,14,1,7,77.94,0
2358,5164,2619,44,0.6,3,1,1,3,2,25,0,1,2866.08,0
867,5834,131,46,0.44,5,1,5,4,0,19,0,2,386.14,0
860,3669,4792,43,0.48,6,1,2,1,1,22,1,2,4101.71,0
1217,1535,2570,45,0.62,3,0,5,3,2,24,1,1,1066.08,0
253,770,3047,61,0.58,9,2,1,4,1,25,0,1,1132.16,0
813,604,450,52,0.37,6,0,4,0,0,17,0,2,710.89,0
979,7202,2759,63,0.88,7,2,2,5,3,19,2,4,576.38,1
74,1065,600,45,0.67,5,0,1,0,3,15,0,1,877.64,0
1840,3093,1378,63,0.21,8,0,2,1,2,18,1,2,3307.61,0
500,3685,1999,100,0.32,5,2,2,1,1,16,1,3,2292.34,0
2111,9660,1371,62,0.79,5,0,4,2,1,15,4,4,5206.92,1
859,5967,3783,97,0.1,3,3,1,2,0,26,5,3,1361.84,0
1939,5265,2074,72,0.75,5,0,5,2,1,14,4,2,3282.68,0
2298,9421,2425,93,0.36,5,2,2,0,2,11,1,6,445.04,0
1921,4238,2961,100,0.55,5,0,2,3,0,17,0,6,135.8,0
721,4191,2778,47,0.28,7,0,4,7,4,22,1,0,594.1,1
1420,9701,3426,97,0.99,7,0,1,2,1,14,0,3,3602.5,0
961,1840,1586,90,0.91,7,1,2,0,2,19,0,4,6836.28,1
870,3405,124,49,0.93,4,3,2,2,0,32,1,1,2456.89,1
1968,1213,1378,40,0.18,5,0,3,0,2,22,0,2,1059.87,0
1603,2820,148,75,0.84,9,0,3,1,2,20,1,1,3400.35,0
2316,3102,4933,93,0.54,5,0,2,5,1,10,0,1,2063.06,0
177,3054,4951,57,0.71,4,2,4,3,1,15,0,4,190.12,0
1062,6081,3383,77,0.22,4,1,5,3,0,20,0,1,5430.24,0
1341,7282,1325,64,0.71,9,1,3,2,1,11,0,6,301.43,0
417,4683,83,37,0.91,9,2,3,2,1,24,1,1,1218.91,1
1903,3524,3856,51,0.27,6,0,1,1,0,28,1,2,8718.93,0
945,6202,493,53,0.23,3,0,5,1,1,18,1,5,733.75,0
1908,154,4121,95,0.1,7,2,3,5,2,20,1,4,303.49,0
307,7517,1559,93,0.27,5,1,5,3,1,15,2,2,2394.99,0
2007,4867,1369,94,0.54,4,0,5,2,0,17,0,2,865.25,0
1889,1387,1906,43,0.83,8,1,1,2,1,19,1,3,1620.18,0
1855,3156,4234,54,0.28,8,1,2,1,0,22,1,2,4236.87,0
1863,5034,520,32,0.62,4,0,2,2,1,13,0,7,361.69,0
647,803,432,34,0.48,3,0,3,3,0,31,0,5,1406.91,0
1660,9803,2442,94,0.29,8,3,1,4,0,20,0,1,251.95,0
2212,5766,1916,83,0.51,8,1,3,0,1,16,0,2,1547.36,0
609,4424,4337,48,0.17,6,0,3,2,0,15,0,2,3785.49,0
1200,1120,968,83,0.64,7,2,2,5,1,20,0,4,2320.64,0
519,5682,834,39,0.12,7,3,1,2,0,19,0,1,423.19,0
1212,4063,74,45,0.73,4,1,5,2,0,20,0,3,2197.5,0
413,3947,4938,75,0.18,7,2,2,1,2,13,2,5,1240.79,0
192,3973,4720,58,1.0,3,1,3,7,1,16,1,3,910.79,1
1906,4952,3358,44,0.82,7,0,3,2,1,11,0,5,422.8,0
1242,5907,810,77,0.34,6,3,4,3,0,14,1,0,693.17,0
2492,8984,287,40,0.43,2,2,1,1,0,22,0,3,75.68,0
1392,1126,1727,63,0.26,5,2,5,3,0,20,3,1,4488.49,1
1660,1760,2423,65,0.77,3,1,5,1,1,19,1,1,748.83,0
1234,4037,1248,59,0.38,6,1,3,1,0,23,0,2,4592.05,0
317,5755,4533,48,0.76,5,1,4,1,0,23,1,1,5740.96,1
1887,5074,1496,97,0.02,5,2,4,4,1,21,0,4,2413.88,0
216,9689,4691,99,0.14,6,3,1,1,4,17,1,4,1786.64,0
1937,5948,3308,62,0.36,6,0,3,4,1,22,2,4,4038.01,0
1191,3407,4480,51,0.11,4,0,3,2,0,24,0,3,162.2,0
159,8275,3005,65,0.6,4,2,3,2,0,21,1,1,1917.82,0
2271,1369,102,52,0.05,2,0,1,1,2,16,1,5,5162.18,0
2393,9293,3541,92,0.86,1,2,5,2,4,16,1,1,4524.99,1
1917,4863,1850,55,0.76,8,1,2,7,2,16,2,3,2942.17,0
173,1951,3537,89,0.22,5,0,4,1,1,31,1,4,557.61,0
45,3158,1631,34,0.48,8,1,5,1,0,21,0,1,2217.46,0
274,7943,1571,83,0.45,6,0,2,2,3,17,0,6,4523.91,0
956,9446,1426,67,0.72,7,1,5,4,0,17,1,5,886.04,0
2206,1295,2974,91,0.4,6,0,5,1,1,24,1,4,2059.17,0
936,6484,4200,54,0.03,10,1,5,1,3,25,0,1,1065.82,0
916,780,1140,41,0.27,2,1,5,2,0,21,2,1,4671.75,0
370,1853,1423,51,0.47,7,0,3,1,0,26,0,2,540.37,0
2081,83,3607,38,0.97,1,0,5,0,1,22,0,4,660.19,1
1463,1670,3754,58,0.88,6,2,2,2,1,19,0,4,2284.75,0
335,4359,2128,73,0.18,3,2,2,3,2,20,1,1,33.22,0
937,7112,673,56,0.72,4,3,4,4,0,17,0,0,656.0,0
1401,8010,2644,84,0.94,9,1,1,2,1,12,1,4,680.7,0
350,9021,2784,34,0.01,3,0,2,1,0,23,2,1,2409.63,0
588,3828,3979,81,0.72,4,2,2,0,2,16,1,1,1415.28,0
1234,341,3500,42,0.46,4,2,2,0,1,18,1,3,126.01,0
1439,1431,1581,71,0.68,4,1,2,2,3,25,1,1,1120.4,0
1671,7522,1533,44,0.61,3,1,1,2,0,14,1,2,9489.55,0
1161,6900,997,47,0.98,3,0,1,2,1,15,0,3,4483.54,0
2487,4941,3248,79,0.29,4,1,5,3,1,30,2,3,3385.23,0
847,9893,3855,31,0.79,4,0,2,1,0,21,1,5,1932.98,0
1224,6035,3703,42,0.23,6,1,2,3,1,16,0,5,271.19,0
41,4418,108,97,0.44,8,2,4,1,0,22,0,5,4587.7,0
224,5123,2298,76,0.98,8,1,4,1,2,22,0,4,891.94,1
2259,8429,1524,79,0.77,6,1,4,3,1,23,6,2,373.27,0
685,2891,4307,41,0.32,7,1,4,4,0,23,1,4,296.47,0
1951,2875,643,42,0.62,3,2,5,4,1,20,1,3,3758.36,0
2107,2585,4851,38,0.05,4,2,3,5,1,22,0,1,2014.12,0
1649,6195,4595,88,0.27,2,0,4,2,3,27,3,2,227.56,1
1149,8666,588,74,0.72,8,2,4,3,1,20,1,1,3773.11,0
807,5751,3969,99,0.57,4,1,1,0,0,15,0,5,589.81,0
473,287,282,72,0.47,6,1,2,2,1,16,2,3,1824.04,0
327,75,4891,52,0.69,5,0,5,3,1,23,1,4,6460.05,1
837,4272,3964,74,0.4,6,2,2,2,1,16,0,3,3123.4,0
1790,5714,3937,52,0.03,7,3,3,0,1,23,1,3,2234.43,0
874,8604,462,63,0.44,3,2,5,2,0,18,0,4,2937.46,0
1045,7999,1185,45,0.9,5,4,3,2,0,14,0,5,1547.29,1
1414,6265,4921,92,0.86,0,0,2,0,2,22,0,4,1046.12,0
1427,7451,423,80,0.41,4,3,1,4,0,19,1,5,35.2,0
583,4702,1560,61,0.02,8,0,4,2,0,17,3,4,0.25,0
2380,4429,4536,67,0.64,5,1,2,4,0,21,0,0,5220.14,0
450,7970,1956,85,0.74,7,0,5,2,0,18,1,2,215.3,0
1299,6088,201,98,0.29,4,1,4,0,1,14,1,5,1821.52,0
1290,1447,50,46,0.48,2,0,5,2,0,16,2,4,1675.16,0
214,8630,1869,68,0.99,7,1,3,2,2,20,1,4,1835.69,0
497,7042,1342,70,0.58,4,1,5,1,0,22,0,2,1407.46,0
2440,5741,3459,77,0.35,8,0,1,1,0,15,1,1,5852.47,0
1336,3388,145,57,0.63,5,0,3,2,2,20,0,3,861.06,0
1606,8594,4211,79,0.18,5,1,2,2,0,26,1,2,734.84,0
365,6357,4624,30,0.2,6,0,4,1,2,16,0,4,904.41,0
2239,6411,1951,79,0.92,6,1,4,5,2,16,0,2,461.8,1
1527,6639,1575,48,0.24,6,2,1,1,3,24,0,3,2565.84,0
2089,4551,4231,88,0.31,2,1,5,1,0,22,2,4,850.46,0
1477,7886,398,97,0.54,7,2,2,1,2,19,0,1,128.09,0
617,8543,1568,96,0.9,9,1,5,3,2,23,1,4,248.48,1
1911,8334,2131,70,0.78,4,1,5,2,2,13,1,5,2934.85,0
230,274,1038,39,0.04,1,0,1,4,1,20,1,2,202.88,0
551,9887,3544,57,0.69,4,1,3,3,2,16,0,3,477.64,0
1917,1444,91,63,0.5,6,1,3,4,0,23,2,4,941.26,0
1741,5337,785,68,0.48,3,1,1,2,0,21,0,4,3156.76,0
817,5107,3048,85,0.69,7,3,1,3,1,21,1,2,157.57,0
89,1670,4383,81,0.2,5,0,1,0,1,29,0,1,433.43,0
607,5702,2897,32,0.98,6,1,5,2,1,22,0,6,443.72,1
350,2364,1888,52,0.65,9,1,5,3,1,22,2,1,1251.86,0
1488,8467,2281,46,0.37,4,1,2,3,0,12,1,0,1031.03,0
2067,6471,1617,100,0.6,4,2,1,2,1,26,1,5,3274.89,0
952,9338,3149,55,0.22,5,0,5,2,1,14,1,3,647.52,0
1439,7054,615,47,0.63,3,1,3,3,2,22,1,5,269.35,0
1724,5507,4745,75,0.03,11,0,1,5,0,15,1,7,544.33,0
598,4559,3424,99,0.34,3,0,3,3,0,19,1,6,755.97,0
1131,6344,3675,60,0.75,7,0,4,1,1,22,1,2,1772.46,0
556,6020,2154,38,0.81,8,1,2,0,2,14,0,4,977.36,0
2202,4936,4280,64,0.25,4,2,4,0,1,15,2,2,500.32,0
900,9592,3775,89,0.54,5,2,2,1,1,19,1,5,230.37,0
309,9314,1386,92,0.53,5,0,1,1,1,25,1,0,1771.17,0
1922,6075,3472,81,0.42,9,0,2,1,0,20,1,2,5547.99,0
1781,2189,357,77,0.23,1,1,5,2,1,19,2,4,466.34,0
703,4977,10,90,0.7,3,2,3,3,0,23,0,1,268.92,0
1181,644,72,53,0.25,7,2,5,0,1,22,3,7,4764.34,0
2391,3641,1793,87,0.91,4,0,1,4,0,22,0,3,1810.13,0
361,9601,3824,93,0.53,1,2,4,3,1,21,1,4,895.41,0
1203,4687,235,59,0.87,5,1,3,1,1,31,0,3,123.03,0
2069,2228,1052,58,0.29,7,0,1,1,0,31,1,4,2834.69,0
1507,1399,854,39,0.81,9,3,5,0,1,18,0,6,2531.89,1
65,4286,2690,68,0.11,7,0,5,2,2,22,0,3,4555.14,0
1738,1259,4129,84,0.77,5,0,2,2,0,26,3,2,1679.61,0
1473,7650,1244,57,0.39,6,0,2,0,1,18,1,3,765.73,0
2283,5722,1994,47,0.47,6,0,4,1,3,17,0,1,367.84,0
1409,1255,4266,70,0.17,7,1,2,0,3,19,0,4,499.38,0
469,8255,1288,94,0.02,6,1,2,0,1,21,0,0,1437.76,0
1149,452,1604,75,0.67,3,0,2,2,0,18,1,4,3761.48,0
193,6986,2561,89,0.59,8,0,4,0,1,24,0,0,4638.15,0
177,4685,1962,38,0.62,2,2,1,2,0,17,2,3,1327.47,0
2371,7963,1705,74,0.26,4,1,3,1,2,18,1,4,79.84,0
224,4387,964,89,0.24,10,2,1,4,1,17,2,1,251.58,0
692,7068,3301,57,0.83,2,0,1,2,0,25,0,3,6002.92,0
509,832,366,32,0.76,10,1,1,2,2,22,0,2,520.6,0
152,2949,3605,80,0.34,4,2,5,0,0,25,2,2,3418.41,0
1453,7106,978,37,0.64,3,1,3,4,0,19,2,4,5289.38,0
994,5775,251,99,0.83,4,1,3,1,2,23,1,2,5561.2,1
1808,1041,3456,88,0.89,5,0,5,0,1,14,2,3,211.36,1
1515,572,4244,90,0.01,3,1,5,2,1,27,0,1,368.75,0
2044,350,2154,87,0.81,4,2,2,0,0,13,2,4,1234.83,0
739,4577,156,99,0.35,9,0,5,0,1,17,0,5,769.01,0
2473,7872,552,41,0.72,8,3,4,3,2,17,1,5,909.45,1
941,2306,701,38,0.37,0,0,5,2,0,21,1,3,1482.66,0
1390,244,1035,78,0.61,2,3,2,3,2,26,1,3,5474.45,1
2394,5212,4060,46,0.65,9,0,5,2,0,19,1,3,1340.64,0
1764,9318,4015,83,0.4,5,1,4,3,0,21,0,4,1144.79,0
1853,9619,3369,73,0.51,7,1,5,2,1,20,1,1,2138.86,0
1609,1301,2961,61,0.73,5,1,1,3,1,19,1,3,302.01,0
710,4737,739,64,0.48,6,0,3,4,2,22,2,7,1311.49,0
1363,8730,4509,78,0.01,2,0,4,2,0,24,0,4,2569.07,0
585,2949,2565,83,0.01,0,2,4,3,3,18,2,2,1797.24,0
639,5445,1160,45,0.66,6,0,4,2,0,13,0,7,2787.71,0
2186,6991,1745,41,0.85,3,0,1,1,0,10,0,2,4339.53,0
401,5402,1048,37,0.79,2,0,1,4,1,16,0,3,1158.09,0
645,9531,2922,50,0.31,3,0,3,2,1,16,2,3,2559.38,0
1944,7982,4850,77,0.47,3,1,2,3,0,29,0,3,1043.0,0
2283,1243,2550,37,0.23,7,1,3,1,0,24,0,3,4065.7,0
876,9955,4424,57,0.99,7,2,4,2,0,13,2,4,1142.95,0
72,2810,1252,39,0.26,8,2,4,4,0,16,0,2,2266.56,0
894,2785,782,81,0.42,5,0,4,3,0,16,0,0,14.76,0
1298,6054,1926,44,0.68,8,1,3,3,0,24,1,4,1016.11,0
1408,3497,3422,33,0.88,3,3,2,2,0,20,2,2,1599.87,1
814,7393,2509,91,0.05,4,0,2,2,2,17,1,3,2049.66,0
505,3860,3450,33,0.3,5,1,3,2,1,20,0,1,389.48,0
112,5007,3555,70,0.57,2,0,4,3,2,14,1,2,2017.54,0
1163,900,1223,84,0.62,4,0,3,1,0,18,4,1,2756.4,0
2267,5930,2941,57,0.07,4,2,3,1,1,13,2,2,657.26,0
829,1198,428,76,0.66,7,3,5,3,3,18,1,3,871.8,1
965,5654,3791,38,0.53,5,0,5,2,1,11,3,3,4819.43,1
2328,750,4970,31,0.83,5,0,1,0,2,23,2,1,503.1,0
2368,1379,798,96,0.22,9,2,1,4,2,21,2,6,915.53,0
1698,9591,1881,77,0.2,4,2,3,1,0,23,2,1,2555.35,0
355,2010,4600,98,0.79,2,2,5,3,2,20,1,3,433.35,0
1564,1481,2035,57,0.7,11,1,4,1,1,22,0,2,1408.22,0
2015,1546,2456,43,0.79,6,0,1,3,1,19,0,2,2740.71,0
1994,328,4833,75,0.78,7,3,4,0,1,18,1,2,133.89,1
866,5163,570,42,0.1,4,0,4,1,0,19,1,2,556.01,0
537,1904,2661,45,0.28,7,1,1,1,0,29,0,8,1695.93,0
2149,8001,3914,69,0.26,1,0,3,2,1,20,1,6,596.81,0
1300,9477,549,59,0.93,3,0,5,1,2,18,1,6,3381.22,0
670,8602,4765,94,0.49,5,1,1,2,0,23,0,6,2224.62,0
1908,5945,3146,87,0.11,2,2,2,3,1,18,1,0,1490.67,0
637,733,3299,77,0.29,5,1,2,2,0,16,0,4,313.86,0
1988,2339,2620,78,0.87,5,0,4,0,0,35,0,4,2253.99,1
595,9337,4922,31,0.85,5,1,2,1,0,18,0,2,364.55,0
1397,2780,1954,43,0.9,5,2,4,2,1,18,0,4,5554.67,1
